Id,BIRTHDATE,DEATHDATE,SSN,DRIVERS,PASSPORT,PREFIX,FIRST,LAST,SUFFIX,MAIDEN,MARITAL,RACE,ETHNICITY,GENDER,BIRTHPLACE,ADDRESS,CITY,STATE,COUNTY,ZIP,LAT,LON,HEALTHCARE_EXPENSES,HEALTHCARE_COVERAGE
ae9efba3-ddc4-43f9-a781-f72019388548,1992-06-30,,999-27-3385,S99971451,X53218815X,Mr.,Jayson808,Fadel536,,,S,white,nonhispanic,M,Springfield  Massachusetts  US,1056 Harris Lane Suite 70,Chicopee,Massachusetts,Hampden County,1020.0,42.181642300277424,-72.60884222581657,577445.86,3528.84
199c586f-af16-4091-9998-ee4cfc02ee7a,2004-01-09,,999-73-2461,S99956432,,,Jimmie93,Harris789,,,,white,nonhispanic,F,Worcester  Massachusetts  US,201 Mitchell Lodge Unit 67,Pembroke,Massachusetts,Plymouth County,,42.07529152717956,-70.75703466334431,336701.72,2705.64
d22592ac-552f-4ecd-a63d-7663d77ce9ba,1989-06-22,,999-76-6866,S99979025,X42374914X,Mr.,José Eduardo181,Gómez206,,,M,white,hispanic,M,Marigot  Saint Andrew Parish  DM,427 Balistreri Way Unit 19,Chicopee,Massachusetts,Hampden County,1013.0,42.22835382315942,-72.56295055096882,709544.18,3023.04
58cac9ec-4baa-46c1-b919-0ed13572b51d,1970-06-13,2016-05-07,999-90-2484,S99989337,X48630763X,Ms.,Isabel214,Carvajal694,,,S,white,hispanic,F,Santiago  Santiago Province  CL,335 Morar Highlands Apt 75,Fall River,Massachusetts,Bristol County,2720.0,41.68768444527544,-71.0557687821624,1145378.45,4941.2
da0334da-83d5-443c-9f80-185654a0c534,1959-06-23,,999-59-1261,S99928544,X30032284X,Mrs.,Anissa357,Mueller846,,Ebert178,M,white,nonhispanic,F,Pembroke  Massachusetts  US,661 Schulist Highlands,Waltham,Massachusetts,Middlesex County,2452.0,42.42591517440363,-71.28867283165437,1533497.0,7207.719999999999
55c70d2a-03ad-4f4d-8599-c967121434f1,2005-12-28,,999-75-9476,,,,Victor265,Dickinson688,,,,asian,nonhispanic,M,Waltham  Massachusetts  US,765 Harber Club,Winchester,Massachusetts,Middlesex County,1890.0,42.47282661748736,-71.11767065045873,332071.38,5396.239999999999
5b61f0fa-a3c4-4e70-a322-ad85c47aca12,1987-08-31,,999-47-3790,S99987128,X31069450X,Mr.,Erwin847,Weimann465,,,M,white,hispanic,M,Quincy  Massachusetts  US,297 Fritsch Estate Apt 24,Lynnfield,Massachusetts,Essex County,,42.570671540821,-71.04404349781522,678188.97,4118.76
bb0609fd-42d4-4e2f-b2f2-1efffd299977,1994-06-28,,999-33-5858,S99973245,X34190522X,Ms.,Christene303,Brakus656,,,,white,nonhispanic,F,Boston  Massachusetts  US,229 Feest Landing Unit 4,Plymouth,Massachusetts,Plymouth County,2360.0,41.92243181741361,-70.61431605934945,595525.8099999999,3620.52
fcdb5a33-d5eb-4a65-b1a1-05b8ff69783a,2013-07-30,,999-82-6451,,,,Lorrie905,Leannon79,,,,white,nonhispanic,F,Winthrop  Massachusetts  US,813 Casper Street,Peabody,Massachusetts,Essex County,1940.0,42.495161618943285,-71.00717490673976,156848.18,2469.84
c1751563-21b8-4c7a-88d3-c41f55f12103,1986-09-20,,999-39-5390,S99940973,X25570027X,Mrs.,Mabel261,Dach178,,Larkin917,M,white,nonhispanic,F,Granby  Massachusetts  US,844 Hammes Byway,Framingham,Massachusetts,Middlesex County,1702.0,42.34587561056077,-71.42562595250615,621113.51,7492.519999999999
91369e11-b944-4132-be0f-af46e880936b,1972-09-22,,999-58-9266,S99951549,X57129955X,Mr.,Cesar434,Klein929,,,M,white,nonhispanic,M,Danvers  Massachusetts  US,907 Ernser Parade Unit 37,Amherst,Massachusetts,Hampshire County,,42.33557813808884,-72.47082974843092,1266915.05,3148.08
820d4ac8-c108-43a3-966b-0a655620713d,1979-06-13,,999-19-9482,S99923892,X76691515X,Mr.,Carlton317,Breitenberg711,JD,,M,white,nonhispanic,M,Cambridge  Massachusetts  US,789 Torphy Trafficway Suite 59,Medfield,Massachusetts,Norfolk County,,42.2191672093114,-71.28898585091105,1093151.02,4403.84
c70992c9-ff13-467b-9032-1901506edeef,1959-06-17,2020-03-11,999-59-5266,S99980358,X6040407X,Mr.,Emerson869,Hagenes547,,,M,white,nonhispanic,M,Worcester  Massachusetts  US,436 Mills Wynd Apt 14,Saugus,Massachusetts,Essex County,,42.47167808525483,-71.00450072850994,1259694.82,5741.04
a527bcf0-3746-476c-90f2-dbab8868385e,1978-11-27,,999-90-6743,S99931371,X15345583X,Mrs.,Margarita164,Beahan375,,Crooks415,M,white,nonhispanic,F,Barnstable  Massachusetts  US,135 Runolfsdottir Orchard Suite 11,Norton,Massachusetts,Bristol County,,41.925767956827,-71.15034496284127,912431.48,9377.149999999998
4a53d8e3-6ce9-414d-9b96-1d44427ad595,1959-04-01,,999-49-8312,S99941236,X86271679X,Mrs.,Evia329,Heller342,,Strosin214,M,white,nonhispanic,F,Stoneham  Massachusetts  US,824 Harris Rue Apt 75,Westfield,Massachusetts,Hampden County,1085.0,42.19564979914991,-72.75058240922496,198792.27,25110.07
cad87ce8-51e1-4214-aae6-e928eb14466c,1992-06-19,,999-45-6436,S99962246,X77637753X,Mrs.,Bernice532,Paucek755,,Lemke654,M,white,nonhispanic,F,Natick  Massachusetts  US,145 Schultz Dam,Wilmington,Massachusetts,Middlesex County,,42.60200906032098,-71.2039854906112,659999.21,10303.079999999998
7078ae9a-4c79-4b30-b127-f76aabb6763e,1968-04-26,,999-64-4625,S99988401,X57362661X,Mrs.,Caterina17,Hirthe744,,Mann644,M,white,hispanic,F,Boston  Massachusetts  US,260 Kutch Walk,Fitchburg,Massachusetts,Worcester County,,42.63151510406731,-71.8392184983341,1028032.73,15120.219999999998
21505aac-f219-43a8-ab3c-f57c6d8f1d1f,1940-05-03,,999-76-2610,S99976502,X50484602X,Mrs.,Alane21,Toy286,,Larson43,M,white,nonhispanic,F,Quincy  Massachusetts  US,152 Stracke Pathway Apt 86,Middleborough,Massachusetts,Plymouth County,,41.85682743168864,-70.87005170669599,1607359.34,25271.83
419c213d-8d35-440c-bf47-a536f95df517,1964-09-06,1999-08-29,999-87-7767,S99989705,X87823143X,Mr.,Micheal721,Lang846,,,M,white,nonhispanic,M,Arlington  Massachusetts  US,1065 Wisozk Route Unit 21,Boston,Massachusetts,Suffolk County,2115.0,42.26992648299328,-71.06440858873741,109997.63,5883.299999999999
7992bf94-feee-4728-9187-2c911df2819b,2004-07-04,,999-67-4045,,,,Gidget756,Rempel203,,,,white,nonhispanic,F,Leominster  Massachusetts  US,978 Turcotte Overpass,Gill,Massachusetts,Franklin County,,42.63299146919133,-72.5251235198123,404742.42,3311.44
7ea83894-5507-48ff-86ae-f246840067f1,1984-07-22,,999-82-1441,S99965323,X2059514X,Ms.,Elvira561,Cabrera242,,,S,white,hispanic,F,Santiago de los Caballeros  Santiago  DO,451 Buckridge Harbor,Attleboro,Massachusetts,Bristol County,,41.84586584469066,-71.3317871538724,816217.15,9619.88
075095e6-c821-436e-92e3-9e5323ed81e5,1946-09-09,2009-04-03,999-63-7990,S99972029,X16080559X,Mr.,Kermit56,Rutherford999,,,M,white,nonhispanic,M,Stow  Massachusetts  US,489 Nienow Rue,Fall River,Massachusetts,Bristol County,2790.0,41.653135767742114,-71.0043680629964,1662009.03,4021.32
d2f6d528-39db-4b7e-8389-abd27af9a710,1996-06-26,,999-71-6658,S99919362,X38676934X,Ms.,Deidra675,Gleason633,,,,white,nonhispanic,F,Beverly  Massachusetts  US,949 Harvey Row Suite 34,Weymouth,Massachusetts,Norfolk County,2191.0,42.19881332914573,-70.98939359831729,10528.25,405.8
b5fbb0b5-6b9f-45b2-bab0-3630dc3555a3,1964-09-06,2014-10-09,999-15-4687,S99965276,X87264100X,Mr.,Aron520,Hintz995,,,M,white,nonhispanic,M,Waltham  Massachusetts  US,128 Rice Tunnel Unit 1,Boston,Massachusetts,Suffolk County,2108.0,42.23596627772884,-71.07653546289538,167303.91,38105.31
b83237f3-9ff5-491e-aab4-d63ccff85f85,2012-11-17,,999-91-6450,,,,Gerald181,Gorczany269,,,,white,nonhispanic,M,Maynard  Massachusetts  US,304 Considine View,Franklin,Massachusetts,Norfolk County,2038.0,42.04514107194324,-71.42171934441131,174094.56,2776.48
46988a9c-9c86-429a-bc4a-b3d14ff321b0,1957-03-13,,999-93-2339,S99969123,X17176450X,Mr.,Orlando897,Reichert620,,,S,asian,nonhispanic,M,Hong Kong  Hong Kong Special Administrative Region  CN,526 Schinner Junction Suite 13,Lunenburg,Massachusetts,Worcester County,1462.0,42.61132332463651,-71.75240344546074,1650550.5,7220.21
82d818e5-4202-4032-b7bf-899911ed9c2a,1964-09-06,,999-46-8693,S99940162,X43004967X,Mr.,Brad867,Fahey393,,,M,white,nonhispanic,M,Hamilton  Massachusetts  US,157 Konopelski Port,Boston,Massachusetts,Suffolk County,2215.0,42.30775016711616,-70.99320207280239,174622.33,15826.44
199f6cf3-a337-4b0d-860f-2f4641455591,1988-03-07,,999-29-7843,S99990370,X39543046X,Mr.,Maurice742,Bauch723,,,M,white,nonhispanic,M,Brockton  Massachusetts  US,154 Schulist Port,Dartmouth,Massachusetts,Bristol County,,41.53861855996967,-70.92835961257279,745347.77,7400.879999999998
944884c0-5358-479e-bdf5-c0dd87739ef7,1973-01-21,2007-09-23,999-64-6680,S99999679,X21164602X,Mrs.,Theodora872,Johnson679,,Kunze215,M,white,nonhispanic,F,Charlton  Massachusetts  US,864 Nader Skyway Suite 10,Springfield,Massachusetts,Hampden County,1103.0,42.14701617708065,-72.61430039116323,108619.19,11577.22
6568af88-5e48-4989-bd31-84daa2170f2d,1958-08-09,,999-98-1520,S99971603,X63802875X,Mr.,Miles206,Orn563,,,M,white,nonhispanic,M,Worcester  Massachusetts  US,658 Legros Arcade Unit 45,Dedham,Massachusetts,Norfolk County,,42.23672708405928,-71.25959458527295,1341575.37,5988.36
48cc4856-d05a-4868-ad36-48d8bdce0abd,1998-11-15,,999-42-5355,S99947055,X78913354X,Ms.,Viola977,McGlynn426,,,,black,nonhispanic,F,Oxford  Massachusetts  US,848 Murray Viaduct Apt 39,Boston,Massachusetts,Suffolk County,2125.0,42.23740328567564,-71.11677781367158,443678.28,3123.04
d3fadde8-d36b-4310-b9e2-41dd0ddb1619,2011-08-13,,999-49-4702,,,,Rick943,Hermiston71,,,,white,nonhispanic,M,Quincy  Massachusetts  US,268 Gerhold Route Suite 72,Natick,Massachusetts,Middlesex County,,42.321736117105225,-71.3603308264538,223206.72,2679.84
08cef08f-3d65-4fd2-92be-955681536533,1965-03-22,,999-26-9610,S99923111,X49016311X,Mr.,Benedict104,Fadel536,,,M,white,nonhispanic,M,Swansea  Massachusetts  US,139 Kulas Key,Beverly,Massachusetts,Essex County,1915.0,42.533753066271466,-70.81217220951964,1398489.25,5648.679999999999
e68ecf85-f499-4027-aa20-5820e8611626,2000-11-13,,999-51-1521,S99945185,,Ms.,September423,Hermann103,,,,white,nonhispanic,F,Northampton  Massachusetts  US,243 Schamberger Club,Norwood,Massachusetts,Norfolk County,,42.183471595580144,-71.18682511166756,498339.17,3537.24
5d59902c-1e2a-4c41-977a-2997b42c03a5,2002-08-28,,999-99-7597,S99944762,,,Latrina689,Schneider199,,,,white,nonhispanic,F,Waltham  Massachusetts  US,914 Gorczany Arcade Apt 71,Arlington,Massachusetts,Middlesex County,2476.0,42.45203955622462,-71.13060825837303,406296.63,3002.28
7c95e75f-4965-4bf3-96a0-d6b3fecd1a92,2001-08-21,,999-55-4456,S99961639,,Mr.,Erwin847,Lehner980,,,,white,nonhispanic,M,Greenfield  Massachusetts  US,921 Dietrich Passage Suite 70,South Hadley,Massachusetts,Hampshire County,,42.27798497080356,-72.5960567416131,459610.15,7325.999999999999
8ed0f8d7-d0e8-4a33-8939-048027b0c257,2005-03-17,,999-20-7865,,,,Eldon28,Beahan375,,,,black,nonhispanic,M,Sharon  Massachusetts  US,789 Corkery Route Unit 99,Mattapoisett,Massachusetts,Plymouth County,,41.65995474144348,-70.85168139219543,349544.7,3223.12
98aa97d3-4c11-43f4-974f-0d4b4096cc62,1950-06-19,,999-64-4286,S99936646,X35839058X,Mr.,Wilbur107,Denesik803,,,M,white,nonhispanic,M,Carver  Massachusetts  US,637 Kemmer Mill Unit 62,Marshfield,Massachusetts,Plymouth County,2050.0,42.16191429041336,-70.68702752530268,1434252.61,65155.520000000135
67ec4eb7-aa0f-4f5f-9c41-7c814d979b44,2006-02-07,,999-27-4793,,,,Shara355,Becker968,,,,white,nonhispanic,F,St Petersburg  St Petersburg  RU,107 Adams Ville,Newton,Massachusetts,Middlesex County,2458.0,42.33820302083474,-71.20629352461448,295256.83,3314.8
f7a99be0-56f8-49ce-b28c-cd2e5c5f5542,1993-05-30,,999-96-9226,S99959455,X44543777X,Ms.,Eartha927,Hamill307,,,,white,nonhispanic,F,Cambridge  Massachusetts  US,843 Nader Run Apt 38,Brewster,Massachusetts,Barnstable County,,41.74512101325871,-70.03845326207835,611119.9,4126.32
e7694eb1-b4e2-41b2-9a62-b508a5b7567e,1971-07-14,,999-75-6594,S99919447,X57357897X,Mrs.,Charise827,Daugherty69,,Keeling57,M,white,nonhispanic,F,Revere  Massachusetts  US,1008 Romaguera Divide,Braintree,Massachusetts,Norfolk County,2184.0,42.19433577865831,-70.97107134474695,958600.81,9719.39
e9ea0aae-80f9-485f-b3e6-8d956a49ecb3,1979-04-23,,999-33-6709,S99932256,X20465989X,Ms.,Noel608,Grady603,,,S,asian,nonhispanic,F,Beijing  Beijing Municipality  CN,569 Larson Arcade,Weymouth,Massachusetts,Norfolk County,,42.18656036461597,-70.98870800523679,63658.07,1927.3199999999997
4f78c555-7e1f-43d8-8700-646ae81c39f0,1923-07-20,1983-01-16,999-78-2157,S99950687,X21892649X,Mr.,Sanford861,Fritsch593,,,M,white,nonhispanic,M,Cohasset  Massachusetts  US,935 Rempel Trail,Brookline,Massachusetts,Norfolk County,,42.39030121865419,-71.17204863405945,1305858.67,410226.3600000001
7aca9f67-8511-4f89-922e-4590f914c00e,2004-04-06,,999-32-6757,S99981106,,,Albert312,Reynolds644,,,,white,nonhispanic,F,Lawrence  Massachusetts  US,140 Green Well Suite 66,Somerville,Massachusetts,Middlesex County,2138.0,42.43660998951291,-71.0569491305345,431569.56,2789.0
c72557d9-9de0-4e5d-a83a-77478a2f765b,1998-06-27,,999-21-2604,S99911355,X39204141X,Mr.,Patrick786,Hettinger594,,,,white,nonhispanic,M,Salisbury  Massachusetts  US,891 Doyle Flat,Pittsfield,Massachusetts,Berkshire County,1201.0,42.47913216726334,-73.23356494623212,529482.64,4053.84
08c437e9-b655-4649-a602-cfda66b9291f,2010-04-08,,999-37-4171,,,,Donn979,Casper496,,,,asian,nonhispanic,M,Westford  Massachusetts  US,330 Hermiston Trafficway,Westborough,Massachusetts,Worcester County,,42.314691380463714,-71.60923886991331,220063.39,2727.33
0d296193-0e28-449b-af70-ea775da5a57b,1977-11-12,,999-96-7745,S99984383,X59276000X,Mrs.,Esmeralda972,Hamill307,,Lind531,M,white,nonhispanic,F,Mansfield  Massachusetts  US,1095 Sauer Route,Worcester,Massachusetts,Worcester County,1602.0,42.3204003751644,-71.69164590909485,938782.92,9506.59
26ceb17a-ec80-4688-8728-6b9c62ac6e58,2002-01-31,,999-70-6482,S99985953,,Mr.,Gilbert263,Kub800,,,,white,nonhispanic,M,Weymouth  Massachusetts  US,639 Rice Union Unit 19,Lowell,Massachusetts,Middlesex County,1850.0,42.656551523770005,-71.35294469371769,486514.63,2827.32
7b554330-75a6-414c-89b0-f92735c7c6e7,1935-09-22,,999-90-2592,S99926220,X75908281X,Mrs.,Cassandra224,Gutmann970,,Franecki195,M,white,nonhispanic,F,Ashland  Massachusetts  US,1028 O'Hara Corner Unit 84,Woburn,Massachusetts,Middlesex County,1890.0,42.50665987941706,-71.12957488066239,1406902.0,18454.02
39d974ab-03f0-4589-b9ab-849529c05135,1994-05-31,1999-11-20,999-82-6466,,,,Denita497,Tremblay80,,,,white,nonhispanic,F,Boston  Massachusetts  US,461 Lindgren Plaza,Quincy,Massachusetts,Norfolk County,2169.0,42.27377858751527,-71.0378699986989,133545.98,1090.7199999999998
355c953f-214d-4e40-868e-6358fed6927e,2003-11-09,,999-36-3248,S99981196,,,Reggie481,Prosacco716,,,,white,nonhispanic,M,Boston  Massachusetts  US,783 O'Reilly Row Suite 22,Hingham,Massachusetts,Plymouth County,,42.26584888382852,-70.9299224000467,339992.88,2853.12
fc45bb1f-5031-485a-8590-691d94cfe25c,1923-07-20,2004-07-27,999-39-9784,S99936977,X35890544X,Mr.,Dwain139,Kulas532,,,S,white,nonhispanic,M,Barnstable  Massachusetts  US,1016 Adams Loaf,Brookline,Massachusetts,Norfolk County,2445.0,42.314740044407415,-71.12821447952054,1715081.64,19280.93
10f76834-730a-4076-96fe-d24202c059fe,1953-03-05,2012-02-24,999-81-5409,S99964449,X9691981X,Mrs.,Micah422,Lind531,,Greenfelder433,M,white,nonhispanic,F,Brookline  Massachusetts  US,305 Kuhn Promenade Apt 4,Boston,Massachusetts,Suffolk County,2119.0,42.22743919782264,-71.11564680936499,199610.01,143254.84000000003
d447df0c-002d-42e9-9e86-cc33062c9292,2016-12-17,,999-49-4646,,,,Leroy603,Heller342,,,,white,nonhispanic,M,Sturbridge  Massachusetts  US,326 Hilll Route Unit 39,Marlborough,Massachusetts,Middlesex County,,42.36500164779472,-71.53834142492215,84325.0,1870.72
472e249b-1ada-4ae0-9333-3490ae5a2501,1994-05-31,,999-40-1503,S99913120,X11487099X,Ms.,Ebonie344,O'Conner199,,,,white,nonhispanic,F,Quincy  Massachusetts  US,596 Donnelly Haven,Quincy,Massachusetts,Norfolk County,2171.0,42.19209015724857,-71.076451004206,634105.05,8602.56
3affb0e3-fa0e-47e0-9446-f866930d2b1b,1986-04-03,,999-49-2401,S99966973,X6671488X,Mr.,Laurence43,Hermiston71,,,S,black,hispanic,M,Chelmsford  Massachusetts  US,189 Beer Lock Unit 84,Boston,Massachusetts,Suffolk County,2120.0,42.33636828341723,-71.04093122261905,741294.3,2845.52
c2972df1-9046-4f4b-b90d-f419d09d0436,1953-05-23,,999-15-4336,S99991283,X78648015X,Mrs.,Eilene124,Daugherty69,,Fisher429,M,asian,nonhispanic,F,Springfield  Massachusetts  US,208 Bauch Hollow Suite 42,Bellingham,Massachusetts,Norfolk County,,42.07969936752493,-71.47965265246313,902770.4,8014.239999999999
5d1914ca-54a3-42ea-8c34-92261b9936e7,2018-08-22,,999-70-6516,,,,Particia365,Feeney44,,,,white,nonhispanic,F,Sturbridge  Massachusetts  US,121 Gorczany Haven,Salem,Massachusetts,Essex County,,42.51792226531172,-70.90886260045833,5860.0,4296.699999999999
49e5e08b-b365-4486-ae37-02e658175baa,1991-08-30,,999-62-6355,S99961670,X16288948X,Mrs.,Gianna370,Harris789,,Nienow652,M,asian,hispanic,F,Brookline  Massachusetts  US,172 Halvorson Underpass,Boston,Massachusetts,Suffolk County,2113.0,42.27790832091274,-71.1025009232742,637800.53,4038.8
9c82a282-243f-4b70-9d3f-c189b67675b4,1964-01-10,,999-13-4844,S99987051,X81751682X,Mrs.,Susy776,Emmerich580,,Ankunding277,M,white,nonhispanic,F,Watertown  Massachusetts  US,1014 Wuckert Bridge Apt 74,Westport,Massachusetts,Bristol County,,41.60434180736122,-71.10730021117007,1149083.26,22091.83
b01f32d2-8538-4b96-ac6e-6b1ac9ab2b35,1953-03-05,,999-48-2781,S99924441,X929897X,Mrs.,Jeanmarie510,Miller503,,Dare640,M,white,nonhispanic,F,Dedham  Massachusetts  US,555 Tromp Park,Boston,Massachusetts,Suffolk County,2130.0,42.40190135026453,-71.06509088433428,230936.96,36390.38
44875dfe-5ebc-47fe-b7e2-304cb4ab4bc2,1999-02-16,,999-14-4668,S99979773,X27218192X,Ms.,Shantay950,Bins636,,,,white,nonhispanic,F,Belmont  Massachusetts  US,146 Donnelly Pathway Suite 4,Fall River,Massachusetts,Bristol County,2723.0,41.65882115695344,-71.22181382962053,379548.64,3632.9699999999993
33520eea-ab94-4024-aac8-fabd9e3361ea,1961-12-10,,999-88-1742,S99999349,X40185857X,Mrs.,Fay398,Hilll811,,Schuster709,M,white,nonhispanic,F,Boston  Massachusetts  US,531 Streich Brook Suite 47,Winchester,Massachusetts,Middlesex County,1890.0,42.437608811834295,-71.18861444701469,1274181.1700000002,13296.429999999998
f76470f9-f8bb-409c-8d7d-80c10c25a423,2004-09-19,,999-47-6282,,,,Meghann680,Smitham825,,,,white,nonhispanic,F,Taunton  Massachusetts  US,547 Conroy Corner Apt 4,Shrewsbury,Massachusetts,Worcester County,,42.32921382582983,-71.67081728672564,345530.9,6079.31
72ee7748-bc1e-4e8a-9c26-3aee16bb93f7,1970-01-02,,999-94-8786,S99910418,X8019815X,Mrs.,Bell723,Little434,,Kulas532,M,white,nonhispanic,F,Boston  Massachusetts  US,120 Hahn Parade,Framingham,Massachusetts,Middlesex County,1701.0,42.331358277560746,-71.46958429301526,1194956.43,11600.6
2348bca2-cbf7-4eb4-a65f-3949920dd75d,1991-11-03,,999-45-6373,S99936860,X64914415X,Mrs.,Maryalice613,Gusikowski974,,Schaden604,M,white,nonhispanic,F,Newton  Massachusetts  US,122 Jast Rue,Hudson,Massachusetts,Middlesex County,,42.33964911137482,-71.54766371238092,682018.89,4790.32
cc0541bf-e517-4ba3-a3c5-b08a4b0dac62,1944-04-30,,999-45-6980,S99982714,X58134116X,Ms.,Georgiann138,Greenfelder433,,,S,white,nonhispanic,F,Reading  Massachusetts  US,157 Schiller Gardens,Springfield,Massachusetts,Hampden County,1105.0,42.17013232002316,-72.58594807127324,1515614.31,15209.919999999998
087ed37c-c912-45d4-b0e2-c75545864f9f,2015-08-16,,999-84-2381,,,,Marisela850,Murazik203,,,,white,nonhispanic,F,Everett  Massachusetts  US,802 Kuhic Divide Suite 60,Boston,Massachusetts,Suffolk County,2122.0,42.31075207833048,-71.20050020971031,122560.04,2163.2
01fe8b87-30b6-49c1-a18c-033e7df0e213,1958-12-04,,999-23-7418,S99949036,X64406004X,Ms.,Tiara667,Upton904,,,S,white,nonhispanic,F,Walpole  Massachusetts  US,886 Stark Rue,Lowell,Massachusetts,Middlesex County,1850.0,42.645679007346615,-71.33428294931316,1479181.84,10187.55
e49a89c2-eae5-4264-ab19-c5241e1ebe39,2008-03-27,,999-25-7840,,,,Fausto876,Bechtelar572,,,,white,nonhispanic,M,Toulouse  Occitanie  FR,1068 Orn Trailer,Springfield,Massachusetts,Hampden County,1107.0,42.12141580272257,-72.65290955354796,278071.5,3244.8
c036bfb9-9814-46f7-917b-ddae4eb9fd7d,1937-04-06,,999-71-7914,S99992844,X73361843X,Mr.,Harvey63,Connelly992,,,M,white,nonhispanic,M,Boston  Massachusetts  US,270 Legros Run,Wareham,Massachusetts,Plymouth County,,41.71917978654059,-70.68144202064983,1782207.21,6793.639999999999
afca8044-b4f8-4f61-b25e-c712869f0234,1988-06-08,,999-15-5114,S99928935,X3318360X,Mrs.,James276,Gleason633,,Toy286,M,white,nonhispanic,F,Somerville  Massachusetts  US,385 D'Amore Byway Unit 19,Westport,Massachusetts,Bristol County,,41.57198025535367,-71.09289791497197,105052.21,12037.59
16a9aa74-37da-44ad-83c8-b54eaccdc1d4,1923-06-12,,999-37-6408,S99946239,X45865681X,Ms.,Milissa240,Weimann465,,,S,white,nonhispanic,F,Revere  Massachusetts  US,154 Leannon Gardens Suite 18,West Springfield,Massachusetts,Hampden County,1089.0,42.14274316835691,-72.66971497228303,1392723.53,22170.32
f54ff4b1-d9e6-4206-8110-99bfea3749e1,1923-07-20,1995-07-21,999-14-3508,S99937749,X12929977X,Mr.,Reggie481,McGlynn426,,,M,white,nonhispanic,M,Boston  Massachusetts  US,751 Bode Center Suite 77,Brookline,Massachusetts,Norfolk County,2467.0,42.29924304392264,-71.18074467808067,1437172.41,14504.72
86ad75db-c897-47f6-b60b-13ebb7b4e6f1,2007-07-26,,999-68-6438,,,,José Eduardo181,Meraz691,,,,white,hispanic,M,Ponce  Puerto Rico  PR,764 Feil Route,Boston,Massachusetts,Suffolk County,2108.0,42.32297085997402,-71.08629294767617,262911.19,3056.48
c4d14a4c-397a-46bb-9808-1fc9e7239a42,1927-05-22,1996-12-22,999-37-9845,S99982779,X18446598X,Mrs.,Camelia346,Thompson596,,Crooks415,M,asian,nonhispanic,F,Bangalore  Karnataka  IN,131 Ratke Row Unit 83,Melrose,Massachusetts,Middlesex County,,42.499995752395314,-71.07537322810211,63266.25,13158.18
216d0424-89d8-4ecf-9326-c2e93efd8c2e,2004-09-05,,999-88-3325,,,,Chelsey293,O'Reilly797,,,,white,nonhispanic,F,New Bedford  Massachusetts  US,109 O'Conner Grove,North Andover,Massachusetts,Essex County,,42.71487395145176,-71.1363007395173,418341.33,2714.84
59667c3a-9f7f-44d4-96b9-b109cae394a6,1980-06-28,,999-98-2128,S99964796,X4468156X,Mrs.,Leola603,Medhurst46,,Koss676,M,white,nonhispanic,F,Boston  Massachusetts  US,177 Schumm Mews,South Hadley,Massachusetts,Hampshire County,,42.2827814819912,-72.54311414134357,890903.9500000001,8908.58
fc1a47d2-efa3-42e0-8d4c-d795e5fa5217,2005-01-20,,999-92-4146,,,,Dorotea472,Montez99,,,,white,hispanic,F,San Salvador  El Salvador  SV,717 Corwin Fork,Worcester,Massachusetts,Worcester County,1608.0,42.22521337635808,-71.79861372036042,353026.4,3341.44
a396e62e-6ca4-41b4-91f6-038818374fb6,1993-03-25,,999-91-6206,S99968935,X73854273X,Mr.,Drew592,Lind531,,,M,white,nonhispanic,M,East Longmeadow  Massachusetts  US,948 Heaney Junction Apt 9,Hatfield,Massachusetts,Hampshire County,1038.0,42.37965843316418,-72.64393137521252,689776.9400000001,4228.84
ffdbbb1b-745e-4e38-ade2-a19d6e778fee,1958-12-31,,999-47-1693,S99969037,X9186046X,Mr.,Millard193,Stamm704,,,M,black,nonhispanic,M,Wakefield  Massachusetts  US,700 Quigley Mission,Lynn,Massachusetts,Essex County,1906.0,42.4871564499774,-70.92618040365436,1493704.54,6941.879999999999
c54dca65-c053-4145-a33f-5cf478905cd8,1999-05-19,,999-45-1693,S99965818,X75342358X,Ms.,Olene159,Greenholt190,,,,black,hispanic,F,Peabody  Massachusetts  US,289 Brown Glen Unit 6,Revere,Massachusetts,Suffolk County,2151.0,42.39074270611779,-70.98661201743018,434051.64,3233.88
1f9b73f7-9a7c-40f1-9541-1bb260183912,2000-03-25,,999-54-7058,S99917166,X16653285X,Ms.,Soraya693,Koss676,,,,white,nonhispanic,F,Belchertown  Massachusetts  US,566 Williamson Run Suite 85,Swansea,Massachusetts,Bristol County,,41.77258603015846,-71.19895007599308,414094.65,3184.72
b4787882-c2ae-41b7-b8d8-4b2aa305bf00,1923-07-20,1934-05-18,999-60-1785,,,,Gayle448,Jacobson885,,,,white,nonhispanic,M,Marblehead  Massachusetts  US,282 Runolfsson Extension Unit 94,Brookline,Massachusetts,Norfolk County,2467.0,42.304271824638185,-71.05980386115304,225187.6,1081.52
6a93bf0d-c783-4568-87f6-5d93d38c5d5b,1980-03-13,,999-92-1417,S99980072,X20398605X,Mr.,Clemente531,Bergnaum523,,,M,white,nonhispanic,M,Somerville  Massachusetts  US,333 Jaskolski Village Suite 57,Beverly,Massachusetts,Essex County,1915.0,42.52455884649777,-70.82040112322687,825538.65,2956.32
fd16fd10-9a8c-49bc-b268-1c2c5deba2c3,1927-05-22,2000-12-11,999-34-1876,S99918845,X35535966X,Mrs.,Nubia715,Torphy630,,Schmeler639,M,asian,nonhispanic,F,Delhi  Delhi  IN,474 Gerhold Burg Apt 95,Melrose,Massachusetts,Middlesex County,,42.475038081390096,-71.05661453279963,219564.21,72742.38999999998
4b703d47-c639-4bb5-8df0-8c32541ded3a,1959-02-16,2018-09-24,999-11-8188,S99960590,X76415045X,Ms.,Elena945,Beer512,,,S,white,nonhispanic,F,Boxford  Massachusetts  US,765 Spencer Orchard,Cambridge,Massachusetts,Middlesex County,2139.0,42.3704021277211,-71.10201970783285,1240685.6,8953.279999999999
88b0e75d-e328-4a26-a526-dec596a9e836,1980-06-30,,999-79-9192,S99996989,X85848747X,Mr.,Nickolas58,Lebsack687,,,M,white,nonhispanic,M,Burlington  Massachusetts  US,885 Hackett Dale Suite 72,Natick,Massachusetts,Middlesex County,,42.2449476325876,-71.37408832082157,1061399.89,2741.44
9d5445ee-333b-4487-9c30-cbaf1d02fd19,1992-07-25,,999-73-5900,S99981681,X85753203X,Mrs.,Clorinda310,O'Kon634,,Lebsack687,M,white,nonhispanic,F,Newton  Massachusetts  US,319 McKenzie Bypass Unit 36,Milton,Massachusetts,Norfolk County,,42.27197070148121,-71.12590884006238,606240.9,7150.12
d068efd3-feab-49dd-b337-add9195ef2ed,1946-02-21,,999-15-8438,S99927627,X61848413X,Mrs.,Wilma646,Nader710,,Leannon79,M,white,nonhispanic,F,Springfield  Massachusetts  US,914 Wyman Dam,Waltham,Massachusetts,Middlesex County,,42.32430563207634,-71.15483720937658,244313.06,27745.68
93e995ff-cdd7-4c23-b87a-89c3d0fcdd4a,1973-03-27,,999-76-5436,S99977653,X86691217X,Mrs.,Seema671,Rath779,,Kertzmann286,M,white,nonhispanic,F,Westwood  Massachusetts  US,353 Ryan Grove Apt 30,Fall River,Massachusetts,Bristol County,2723.0,41.67914179638445,-71.15781536381445,942582.1,20011.81
7d2075a1-cb2e-48fe-ad03-442d038c06ed,1962-11-15,,999-58-2666,S99960889,X72779803X,Mr.,Douglas31,Kunde533,,,M,white,nonhispanic,M,Abington  Massachusetts  US,266 Spencer Mission,Ipswich,Massachusetts,Essex County,1938.0,42.72726123412248,-70.87056218016234,168952.52,17011.69
75e76fb8-98de-44f5-ba05-94526fbbe7ac,1978-01-07,,999-13-6445,S99958125,X16945900X,Mrs.,Rudy520,Wintheiser220,,Baumbach677,M,white,nonhispanic,F,Wrentham  Massachusetts  US,682 Tromp Boulevard,Worcester,Massachusetts,Worcester County,1606.0,42.21422615817189,-71.83221686253611,945969.42,7018.459999999999
05c9c8d4-5f51-4f6a-908c-140372a975af,1939-07-09,,999-44-2048,S99984121,X31032233X,Mr.,Broderick767,Kozey370,,,M,white,nonhispanic,M,Woburn  Massachusetts  US,427 Wyman Lane,Northbridge,Massachusetts,Worcester County,,42.08812305778801,-71.61248816817925,1930966.06,136042.39999999997
470816bf-a2c1-4cbe-aee8-2b7ec3c810c1,2002-02-11,,999-31-3411,S99930174,,Mr.,Phil587,Mante251,,,,white,hispanic,M,Pepperell  Massachusetts  US,370 Osinski Flat Apt 92,Kingston,Massachusetts,Plymouth County,2364.0,42.03615311206456,-70.76571792718565,409319.12,9708.87
fda0a794-55b0-4e65-b25a-0327a614986b,2015-09-03,,999-43-7577,,,,Latonia966,Watsica258,,,,white,nonhispanic,F,Grafton  Massachusetts  US,1092 Lowe Alley,Wareham,Massachusetts,Plymouth County,,41.78243506918816,-70.73672434494787,97599.44,1924.88
971f0b8d-ef09-4395-a1b0-33ffb0956bf5,1976-05-29,,999-64-6431,S99915155,X60196831X,Mr.,Nathanial472,Kuhic920,,,M,white,nonhispanic,M,Sharon  Massachusetts  US,236 Auer Rapid,Melrose,Massachusetts,Middlesex County,,42.47507257015375,-71.02362258428315,910805.98,4905.32
e507b133-dc82-41bd-b19f-8ced8d2ed06d,1974-10-22,,999-54-3196,S99992127,X44431382X,Mr.,Jorge203,Chapa957,,,M,white,hispanic,M,Ponce  Puerto Rico  PR,984 Kuhic Bay Apt 19,Agawam,Massachusetts,Hampden County,1030.0,42.07677576907746,-72.68804446594284,947412.4,5181.96
69a0175a-03d6-4661-b8d6-8eec37e16577,2011-11-02,,999-92-8067,,,,Mike230,Hahn503,,,,white,nonhispanic,M,Weymouth  Massachusetts  US,833 Runolfsson Hollow,Amesbury,Massachusetts,Essex County,,42.8958460341558,-70.94921699098529,206896.22,2644.84
d9909bb3-31da-41cc-87c2-fcec81c6848a,1925-01-24,,999-87-5037,S99929240,X75257862X,Mrs.,Kathaleen265,Kris249,,Jaskolski867,M,white,nonhispanic,F,North Brookfield  Massachusetts  US,103 Hammes Trail,Stoughton,Massachusetts,Norfolk County,,42.16647620315442,-71.10465688121573,398328.91,31743.02
e5abdbfb-6e6c-4ecd-a270-acee6be3bbd8,1995-03-14,,999-75-2260,S99911903,X859688X,Ms.,Tanisha724,Schmidt332,,,,white,nonhispanic,F,Haverhill  Massachusetts  US,905 Batz Avenue,Boston,Massachusetts,Suffolk County,2215.0,42.318194074874015,-71.09588519235254,525180.75,3912.96
c6cbfe0a-d2e0-4e4e-9603-f2189ac0a644,2017-05-06,,999-81-1909,,,,Carlton317,Leffler128,,,,asian,nonhispanic,M,Ipswich  Massachusetts  US,344 Feest Camp Suite 73,Wakefield,Massachusetts,Middlesex County,1880.0,42.47802840692989,-71.08926996641864,17559.899999999998,516.64
7757d575-1d48-4d8e-b54a-ad9c500c0e70,1940-11-26,2011-08-02,999-46-6653,S99991194,X52611556X,Mr.,Filiberto722,Kerluke267,,,S,white,nonhispanic,M,Newton  Massachusetts  US,261 Hilll Mews Apt 68,Newburyport,Massachusetts,Essex County,,42.79663476846655,-70.80774101747815,1661905.94,7499.679999999999
201a2b13-5653-4ea1-8276-6566477908b2,1949-04-12,,999-94-8713,S99997703,X23794349X,Mr.,Roy364,Powlowski563,,,M,white,nonhispanic,M,Needham  Massachusetts  US,976 Pfannerstill Loaf,Amherst,Massachusetts,Hampshire County,,42.365144976112745,-72.51905472231304,1677469.49,10265.18
15dbbcde-fbf1-4e09-b299-21a686210259,1975-07-03,1977-02-10,999-25-1295,,,,Eustolia154,Hagenes547,,,,white,nonhispanic,F,Harwich  Massachusetts  US,465 Johns Row,Leicester,Massachusetts,Worcester County,,42.20597765240149,-71.87344526561378,43967.82,691.5999999999999
747d7985-366e-4b22-83fb-e0fd2cc11c48,1975-07-03,,999-13-3615,S99959302,X5384381X,Mrs.,Wenona350,Denesik803,,Dach178,M,white,nonhispanic,F,Kingston  Massachusetts  US,1006 Baumbach Rue Suite 63,Leicester,Massachusetts,Worcester County,,42.211642686106,-71.87518697498534,869154.59,7918.319999999999
bb41ee79-0fc3-4d5d-aac1-f1798960b085,1960-02-16,,999-75-2837,S99926702,X55387732X,Mr.,Raúl937,Quintero729,,,S,white,hispanic,M,San Juan  Puerto Rico  PR,778 Wisoky Gateway,Salem,Massachusetts,Essex County,1970.0,42.49750556339972,-70.94471350779219,1614978.53,5812.88
b6d539a2-abe0-47a1-96de-7c06523646d8,1963-06-14,,999-22-9266,S99948900,X48779673X,Mr.,Valentin929,Grady603,,,M,asian,nonhispanic,M,Haiphong  Kiến An  VN,347 Kerluke Walk,Lowell,Massachusetts,Middlesex County,1852.0,42.61967979018709,-71.34296613019873,1209618.83,5071.12
4cca1356-2aa6-46de-9510-362dcc5fb077,1949-03-29,2005-03-19,999-82-2738,S99973709,X76398030X,Mrs.,Delphine397,Price929,,Goodwin327,M,white,nonhispanic,F,Leverett  Massachusetts  US,492 Bergnaum Parade,Haverhill,Massachusetts,Essex County,,42.7592504020355,-71.11158015267243,1282146.23,10036.149999999998
c7f309a2-c83b-44bb-b9c5-5b860d29d898,1997-09-17,,999-16-8594,S99980031,X48709692X,Ms.,Lupita673,Greenfelder433,,,,asian,hispanic,F,Belmont  Massachusetts  US,296 Johnson Harbor Unit 32,Lynn,Massachusetts,Essex County,1904.0,42.44964048720124,-70.924355415551,493829.93,3608.44
737a2e56-aea6-433f-9309-4b5e616493f0,1937-03-17,,999-77-5341,S99993255,X23806926X,Mrs.,Shaunte610,Ullrich385,,Franecki195,M,white,nonhispanic,F,Ashland  Massachusetts  US,430 Ondricka Track Suite 83,Concord,Massachusetts,Middlesex County,,42.4602026566285,-71.39401579356566,1587538.92,19367.47
38057025-e091-4f86-a3b5-1332a1dad8be,1986-08-08,,999-87-1910,S99950133,X28263449X,Mr.,Clark193,Daugherty69,,,S,white,nonhispanic,M,Sharon  Massachusetts  US,204 Morar Track,Cambridge,Massachusetts,Middlesex County,2138.0,42.36199639410538,-71.08854606429472,694348.26,2679.68
d7209743-5bb5-4c82-974c-6533393eda42,2013-10-06,,999-98-4107,,,,Bobby524,Robel940,,,,white,nonhispanic,F,Milford  Massachusetts  US,389 Beier Annex Unit 70,Brookline,Massachusetts,Norfolk County,,42.29785521717457,-71.16777340078613,144604.59,2341.5199999999995
70ac541a-ff4f-4d98-a52a-282577c298b4,1942-06-20,2000-12-24,999-14-8763,S99999061,X1574423X,Mr.,Lino542,Cronin387,,,M,native,nonhispanic,M,Otis  Massachusetts  US,380 McGlynn Branch,Chatham,Massachusetts,Barnstable County,2633.0,41.70814228229905,-69.99101110729895,185893.83,32176.86
c16e1174-233b-4efd-8f47-aa12b35aef8a,1940-06-11,2020-03-24,999-79-6818,S99987096,X8321732X,Mr.,Cristobal567,Upton904,,,S,white,nonhispanic,M,Braintree  Massachusetts  US,221 Steuber Gate Suite 80,Newton,Massachusetts,Middlesex County,2458.0,42.34529515732704,-71.17636724317086,1558884.77,19495.8
fbd232fc-c183-4e0f-83c1-e2a029749d8e,1972-12-11,,999-34-1014,S99949234,X81409051X,Mrs.,Debbie941,Crooks415,,Feil794,M,white,nonhispanic,F,Chicopee  Massachusetts  US,226 Bogan Fort,Milford,Massachusetts,Worcester County,1757.0,42.157889285915374,-71.4995670554618,1099826.42,5239.52
a016930d-9590-45a9-aac7-ebd89db7ea54,1913-06-27,1991-08-03,999-61-7267,S99935002,X41124940X,Mr.,Milton509,Brakus656,,,M,black,nonhispanic,M,Taunton  Massachusetts  US,439 Gaylord Annex,Boston,Massachusetts,Suffolk County,2152.0,42.25393130342545,-71.02636205634347,1461605.09,270749.4600000001
1db6b4bd-925c-4469-a6b0-9e528448ad1f,1913-06-27,1925-04-28,999-35-6285,,,,Logan497,Torp761,,,,black,nonhispanic,M,Boylston  Massachusetts  US,628 Welch Trafficway Suite 18,Boston,Massachusetts,Suffolk County,2163.0,42.20542926836559,-71.12681367459912,257718.15,1516.4799999999998
bc3fe378-7285-425a-b9b6-2edaf3ea8246,1940-06-11,2014-12-25,999-20-5493,S99950420,X9816454X,Mr.,Gabriel934,Gusikowski974,,,M,white,nonhispanic,M,Waltham  Massachusetts  US,777 Harber Bypass Suite 81,Newton,Massachusetts,Middlesex County,2459.0,42.39960701988751,-71.15840740190295,1755603.83,5791.2
c74b6d2e-6e6c-4b4c-bd53-cdc152d92576,2008-11-10,,999-61-8728,,,,Ta701,Jaskolski867,,,,white,nonhispanic,F,Westwood  Massachusetts  US,1093 Mosciski Route,Westminster,Massachusetts,Worcester County,,42.525486061568834,-71.94508736878012,253126.42,3341.44
30ed644c-1791-4670-99ff-3ba544406857,2003-02-22,,999-94-9788,S99932543,,,Ronald408,Brown30,,,,white,nonhispanic,M,Phillipston  Massachusetts  US,605 Reichert Tunnel Suite 13,Taunton,Massachusetts,Bristol County,,41.95549491045782,-71.12429615594787,374340.89,3258.08
2f950e0c-ca60-417e-bfb6-d521cfb4c4db,1977-12-29,,999-72-5157,S99963747,X51601853X,Mr.,Cortez851,Brown30,,,M,white,nonhispanic,M,Reading  Massachusetts  US,814 Blick Avenue Unit 22,Wayland,Massachusetts,Middlesex County,,42.4011993821497,-71.31755212507636,1096812.48,7410.2
d72c1e9c-bcb0-4502-88d9-b0c56566b86f,1952-03-29,,999-34-6383,S99940981,X55415737X,Mr.,Wallace647,Daugherty69,,,S,black,nonhispanic,M,Malden  Massachusetts  US,763 Huel Dam Unit 84,Fall River,Massachusetts,Bristol County,2724.0,41.6527900049864,-71.1620462355885,1515258.36,7712.889999999999
772f3a8a-456a-4ae1-8795-75bdaee86a3f,1988-03-13,,999-79-8635,S99970118,X4597691X,Ms.,Cherrie404,Nicolas769,,,S,white,nonhispanic,F,Leominster  Massachusetts  US,786 Bechtelar Alley,Braintree,Massachusetts,Norfolk County,2184.0,42.18952410521483,-71.00684023247415,836210.6799999999,3533.0399999999995
76bfd32a-b22c-4469-90ea-2ae1a8b2ebfc,1986-03-01,,999-66-6987,S99990115,X68088328X,Mr.,Esteban536,Gorczany269,,,M,black,nonhispanic,M,Danvers  Massachusetts  US,996 Sawayn Knoll Unit 19,Boston,Massachusetts,Suffolk County,2120.0,42.232777321113566,-71.06186119449296,6095.93,0.0
ba068187-8649-4311-866b-d415f4ef28b7,1935-11-24,,999-51-8991,S99956902,X52836229X,Mr.,Reginald96,Kunze215,,,S,white,nonhispanic,M,Swampscott  Massachusetts  US,200 Jaskolski Annex,Arlington,Massachusetts,Middlesex County,2474.0,42.406609350424894,-71.19983799791,1800373.9300000002,22989.54
8804a769-6f11-45f8-950f-a78aea15350b,1998-03-15,,999-63-5949,S99919781,X69514325X,Mr.,Daron260,Emard19,,,,white,nonhispanic,M,Fall River  Massachusetts  US,180 Reynolds Run Suite 94,Williamsburg,Massachusetts,Hampshire County,,42.44934418921128,-72.69346812909541,564795.95,4712.96
f080e8a6-ebc9-4d40-ac4d-9e062244ab7f,1978-08-02,,999-93-4311,S99984485,X83844160X,Mr.,Augustine565,Bruen238,,,M,white,nonhispanic,M,Medway  Massachusetts  US,809 Armstrong Branch,Medford,Massachusetts,Middlesex County,2155.0,42.40293029265355,-71.08307240734266,856623.19,2612.2
ab01753f-a816-4483-9e87-09ad11953198,1954-11-12,,999-43-8466,S99963736,X50746783X,Mrs.,Mina319,Smith67,,Murray856,M,white,nonhispanic,F,Attleboro  Massachusetts  US,747 Aufderhar Mall Unit 48,Groveland,Massachusetts,Essex County,,42.7546319247813,-71.04940418533918,1399436.17,16160.089999999998
3c404698-904b-4ec7-aca4-f7e555193eb7,1943-03-21,,999-23-1775,S99963388,X11761281X,Mrs.,Bao544,Beahan375,,Rowe323,M,white,nonhispanic,F,Amherst  Massachusetts  US,647 Tromp Path Unit 6,Boston,Massachusetts,Suffolk County,2113.0,42.30461724224198,-71.12031341543009,1429035.35,19612.83
8f821e30-6781-4ab4-883b-c17f7d65b934,2008-05-23,,999-43-9117,,,,Darren774,Keebler762,,,,white,nonhispanic,M,Sharon  Massachusetts  US,1072 Hagenes Crossing,Woburn,Massachusetts,Middlesex County,,42.50358648193565,-71.11122700162352,20830.21,516.64
e9124d1c-eded-4fd6-bc0e-c70d065b644c,2005-04-25,,999-40-9902,,,,Polly738,Romaguera67,,,,white,nonhispanic,F,Sutton  Massachusetts  US,971 Stokes Run,Cambridge,Massachusetts,Middlesex County,2141.0,42.37946457992389,-71.10498180095101,46270.99,3283.96
9c399f32-5184-4e6d-8286-758b82919249,1988-05-26,,999-46-6869,S99995516,X50914883X,Mr.,Jefferey580,Goldner995,,,M,asian,nonhispanic,M,Amherst  Massachusetts  US,490 Braun Port,Boston,Massachusetts,Suffolk County,2119.0,42.36897513219347,-71.04314866586178,811292.99,3610.52
37538636-02bb-4c26-bed6-b14af8346ba1,1955-04-02,,999-78-6396,S99918974,X14407238X,Mr.,Hershel911,Streich926,,,M,white,nonhispanic,M,Boston  Massachusetts  US,990 Berge Esplanade Suite 28,Holyoke,Massachusetts,Hampden County,,42.24850650951524,-72.61975994069826,201224.35,8714.24
15485813-8868-4d70-8bc5-6eb1dc8b46aa,1971-07-12,,999-19-8452,S99956200,X69829155X,Mrs.,Kimberli643,Kub800,,Wyman904,M,white,nonhispanic,F,Boston  Massachusetts  US,967 Fahey Vale Unit 11,Chelsea,Massachusetts,Suffolk County,,42.43436162490802,-70.96972801302819,1155080.57,8337.559999999998
b12b8413-b656-42a1-8a42-a9e843751189,2018-08-13,,999-24-4185,,,,Mónica985,Hernandes724,,,,asian,hispanic,F,Juarez  Chihuahua  MX,487 Schneider Ferry Unit 62,Boston,Massachusetts,Suffolk County,2120.0,42.36623873675144,-71.03536278531612,1853.03,0.0
933be934-1729-4d0d-8d41-9bd11aa8e432,1951-06-13,1962-03-27,999-53-5103,,,,Maynard46,Roberts511,,,,black,nonhispanic,M,Boston  Massachusetts  US,815 Rau Ramp,Boston,Massachusetts,Suffolk County,2109.0,42.27939256881354,-71.09267313522936,278008.32,1798.16
dc611d45-0344-4e01-bccf-433d5bf675cb,1972-05-23,,999-95-4053,S99930228,X63206993X,Mrs.,Elisa944,Sarabia507,,Pabón228,M,black,hispanic,F,Santo Domingo  National District  DO,955 Hettinger Esplanade Apt 98,Boston,Massachusetts,Suffolk County,2109.0,42.3338702766134,-71.07082089157149,153687.1,10950.61
87966d8f-daf0-4038-9403-e4814581070a,2010-12-02,,999-20-7124,,,,Sharmaine326,Schmeler639,,,,white,nonhispanic,F,Lynn  Massachusetts  US,105 Hodkiewicz Port,Sheffield,Massachusetts,Berkshire County,,42.0987680583663,-73.38205029321644,252269.2,2324.88
419712a0-e314-4253-a21a-ca442c4f6248,1991-02-05,,999-59-6497,S99943502,X14322102X,Mr.,Jasper743,Muller251,,,M,white,nonhispanic,M,Weymouth  Massachusetts  US,241 Hauck Mall,Lynn,Massachusetts,Essex County,1906.0,42.47709941609786,-70.93573739241663,708614.44,3343.04
aaf80f6e-ec6e-439a-91f0-0b84b0a57882,1987-04-15,,999-30-7178,S99991019,X7759517X,Mr.,Homero668,Reyes140,,,M,white,hispanic,M,La Paz  Baja California  MX,257 Gutmann Highlands Apt 89,Hopkinton,Massachusetts,Middlesex County,1748.0,42.25970000957243,-71.49236898379634,889821.39,2648.12
384d959c-446b-4fd2-bc36-9ec7174351f3,2004-10-14,,999-48-2842,,,,Ethelyn789,Wehner319,,,,white,nonhispanic,F,Holyoke  Massachusetts  US,1023 Harvey Grove Apt 94,Lakeville,Massachusetts,Plymouth County,,41.81178940681863,-70.94685297263445,415556.62,2714.84
36ca7541-51fa-430a-86cf-476a29b98299,1958-11-30,2016-02-21,999-56-5523,S99919016,X36220617X,Mr.,Kelvin159,Yundt842,,,M,white,nonhispanic,M,Boston  Massachusetts  US,535 Ebert Trail Apt 1,Somerville,Massachusetts,Middlesex County,2143.0,42.39557016075561,-71.13385372562603,1246263.4,13431.74
20b019e8-b12e-42f3-8915-21bfc83afaa1,1913-06-27,1982-04-23,999-82-3819,S99912072,X47694916X,Mr.,Lonnie913,Gusikowski974,,,M,black,nonhispanic,M,East Longmeadow  Massachusetts  US,997 Johnson Orchard Apt 92,Boston,Massachusetts,Suffolk County,2118.0,42.38999866659148,-71.06815914979482,1734251.4900000002,27922.09
516b7da7-5598-49fb-8696-3083179352bd,1935-09-11,1946-08-31,999-87-4926,,,,Dewey930,Green467,,,,white,nonhispanic,M,Hopkinton  Massachusetts  US,677 White Mews,Franklin,Massachusetts,Norfolk County,,42.10395721081596,-71.39046144365109,279760.37,2766.4
5c346ec3-3ff8-45af-96d5-0990e0cac458,1958-11-30,,999-14-4569,S99939227,X80074733X,Mr.,Elliot577,Hane680,,,M,white,nonhispanic,M,Southborough  Massachusetts  US,1094 Glover Mission,Somerville,Massachusetts,Middlesex County,2143.0,42.410140041130695,-71.11688171695991,1261823.91,4874.48
d09d4ebb-8475-401e-9a71-afe379e04e42,1989-09-16,,999-62-5886,S99911159,X41582958X,Mrs.,Norma469,Littel644,,Deckow585,M,white,nonhispanic,F,Medfield  Massachusetts  US,192 Wilderman Trafficway Unit 13,Canton,Massachusetts,Norfolk County,,42.13527121262164,-71.11215255307812,744757.02,10341.7
3c2548b4-25eb-48a4-bd93-7576124e9f01,1985-03-13,,999-28-2122,S99953683,X37183280X,Ms.,Kit446,Franecki195,,,S,white,nonhispanic,F,Weymouth  Massachusetts  US,584 Strosin Overpass,Millis,Massachusetts,Norfolk County,,42.13024260027324,-71.34551895749134,815762.24,8605.619999999999
dbe6dbb1-726b-45c1-bfda-6b46cc2848ce,1994-05-19,,999-70-5118,S99998078,X7243496X,Ms.,Winona266,Reinger292,,,,asian,nonhispanic,F,Brockton  Massachusetts  US,525 Mills Quay Apt 74,Douglas,Massachusetts,Worcester County,,42.04344671345909,-71.78110005562928,644425.44,3584.72
8872f821-f8d8-47aa-a605-8f91b27dac7c,1953-02-17,1974-12-17,999-52-5743,S99947698,X83432266X,Mr.,Gerard367,Blick895,,,,white,nonhispanic,M,Marblehead  Massachusetts  US,125 Emmerich Landing,Worcester,Massachusetts,Worcester County,1603.0,42.315776186724726,-71.83939043035703,531008.09,2887.2
78e14d39-c5a4-43da-8e60-0acca2523319,1993-05-31,,999-93-1248,S99997965,X84715098X,Ms.,Agueda283,O'Reilly797,,,,white,nonhispanic,F,Springfield  Massachusetts  US,196 Harris Heights,Ayer,Massachusetts,Middlesex County,1434.0,42.52909004790911,-71.58830043447463,604932.2,4605.4
933d7f42-af33-436a-b51c-04e72ef1b55d,2017-12-31,,999-94-5741,,,,Reyes140,Rath779,,,,asian,hispanic,M,Taunton  Massachusetts  US,379 Kozey Green Apt 63,Reading,Massachusetts,Middlesex County,,42.49189797866365,-71.11954850207533,52826.44,1608.7399999999998
e8786c0e-ab24-404b-ac9a-c41172ae71d9,1935-09-11,2010-01-27,999-21-4858,S99978930,X32459792X,Mr.,Michal596,Thiel172,,,M,white,nonhispanic,M,Lawrence  Massachusetts  US,852 Pfeffer Passage Suite 71,Franklin,Massachusetts,Norfolk County,2038.0,42.066614567370856,-71.41763285921459,1528466.2300000002,83157.73999999999
6ef1728a-28e0-4dbd-989f-d91ebeffbac4,1953-02-17,2020-03-12,999-68-2068,S99977046,X27048742X,Mr.,Rosario163,Conn188,,,M,white,nonhispanic,M,Lynn  Massachusetts  US,709 Cummings Green,Worcester,Massachusetts,Worcester County,1602.0,42.29916096667292,-71.69438875284742,1418410.63,6612.23
57dd428a-d5c7-44e2-9ddc-994e1eb4c058,1913-06-27,1985-11-19,999-38-4849,S99967421,X84938317X,Mr.,Manual570,Kertzmann286,,,M,black,nonhispanic,M,Brockton  Massachusetts  US,976 Lowe Branch,Boston,Massachusetts,Suffolk County,2115.0,42.3012479995159,-71.08726566498669,1620891.86,55270.25999999999
a4d7e581-bd28-47d1-ae95-1f401ee84c26,1942-08-20,,999-32-4761,S99969038,X33664250X,Mrs.,Paulene52,Flatley871,,Ritchie586,M,white,nonhispanic,F,Tewksbury  Massachusetts  US,1093 Kunde Green,Cambridge,Massachusetts,Middlesex County,2140.0,42.37970857763813,-71.06945501754468,1603139.3,14817.15
257ec05a-d525-4781-a582-5fc1a6766405,1992-06-12,,999-22-5531,S99920071,X55467817X,Mrs.,Leonie332,Rice937,,Erdman779,M,white,nonhispanic,F,Newton  Massachusetts  US,628 Bergnaum Rest Apt 87,Fall River,Massachusetts,Bristol County,2720.0,41.70972944134593,-71.13075147731504,658643.73,6610.619999999999
7aba4278-4108-4540-9456-473dad0256f7,1963-03-23,,999-45-1210,S99916197,X23361434X,Mrs.,Malia984,Barrows492,,Wolf938,M,asian,nonhispanic,F,Hanoi  Hà Đông  VN,693 Hettinger Underpass Unit 8,Shrewsbury,Massachusetts,Worcester County,,42.31823329897238,-71.68403957185696,1456657.22,7867.639999999999
c9de633c-8ada-411d-95b1-509849ffc824,1999-04-19,,999-67-6152,S99970023,X50932290X,Ms.,Hermine424,Bernier607,,,,white,nonhispanic,F,Chelsea  Massachusetts  US,659 Kiehn Underpass,Plainville,Massachusetts,Norfolk County,,42.05658830616063,-71.33406031855552,7563.09,0.0
d67a80d3-95f4-4676-aad9-365bdb61ae57,1913-06-27,1995-12-15,999-93-1131,S99944377,X70146095X,Mr.,Wilbert25,Jakubowski832,,,M,black,nonhispanic,M,Weymouth  Massachusetts  US,371 Mitchell Skyway Apt 97,Boston,Massachusetts,Suffolk County,2127.0,42.25770553156016,-71.10492159257528,1784521.08,15397.9
17fbb39e-b264-49d3-b0ff-7cf9ad88d1bb,1997-08-15,,999-62-6123,S99990348,X46350860X,Ms.,Verónica383,Almanza534,,,,white,hispanic,F,Ponce  Puerto Rico  PR,334 Schmeler Stravenue,Boston,Massachusetts,Suffolk County,2108.0,42.36965037229227,-71.04932775802527,61815.17999999999,10247.36
8cf1a3a7-6ee7-4675-9b03-e1a8e2ec2902,1973-07-07,,999-41-4345,S99987608,X8226147X,Mrs.,Sara501,Águilar229,,Medina536,M,native,hispanic,F,Caguas  Puerto Rico  PR,313 Gulgowski Plaza Unit 81,Peabody,Massachusetts,Essex County,,42.56293551175246,-71.01770411676796,150032.42,15578.929999999998
3c5e23f0-ed4c-4199-bfd7-65fc7c43af57,1980-04-11,,999-37-9029,S99954008,X14128855X,Mrs.,Janelle257,Kerluke267,,Gorczany269,M,white,nonhispanic,F,Stoneham  Massachusetts  US,330 Hickle Ville Apt 33,New Bedford,Massachusetts,Bristol County,,41.62701240634685,-70.9665545725534,122216.42,14548.99
41baa008-c202-4a6a-8607-861b3a914e94,1913-06-27,1986-11-07,999-22-7446,S99998266,X42415253X,Mr.,Denny560,Greenholt190,,,M,black,nonhispanic,M,Holden  Massachusetts  US,382 Metz Landing Unit 4,Boston,Massachusetts,Suffolk County,2152.0,42.31989751840791,-71.03153332689024,1361943.18,176501.02000000002
77613ec8-fd61-44e0-bfea-c8428ea0c742,1952-06-04,,999-30-7218,S99939140,X68753369X,Mr.,Adan632,King743,,,S,white,nonhispanic,M,Dudley  Massachusetts  US,898 Wehner Rue Suite 46,Westminster,Massachusetts,Worcester County,,42.60005452438033,-71.8579713678989,1652140.85,7055.24
387f4ba1-e2f5-46fd-b856-5d4047f1f8a6,2013-04-23,,999-65-6656,,,,Brooks264,Hirthe744,,,,black,nonhispanic,M,Marion  Massachusetts  US,330 Klein Mews,Boston,Massachusetts,Suffolk County,2121.0,42.39275742508632,-71.09400174948684,183409.72,2550.68
284cd049-10ab-4309-948b-115fd410cb47,1980-01-22,,999-19-9205,S99951073,X41946487X,Mrs.,Particia365,Schumm995,,Heaney114,M,white,nonhispanic,F,North Andover  Massachusetts  US,767 Larkin Forge,Pittsfield,Massachusetts,Berkshire County,,42.43872430101741,-73.27898570488114,991256.89,5576.999999999999
64b78dfb-3d96-4988-b59f-a61c8eea2e0c,1999-01-11,,999-87-3074,S99928873,X19679667X,Ms.,Stasia733,Kirlin939,,,,other,nonhispanic,F,Lynn  Massachusetts  US,958 Robel Run Unit 83,Carver,Massachusetts,Plymouth County,,41.900592564213326,-70.7320231895707,467860.22,4062.12
42aa34d7-2ef2-4abf-91d5-5604ad3ffbd4,1971-08-18,,999-31-7183,S99928313,X28760032X,Mrs.,Maryland870,Funk324,,Orn563,M,white,nonhispanic,F,Malden  Massachusetts  US,820 Monahan Wall,Brookline,Massachusetts,Norfolk County,2445.0,42.277564401997445,-71.19914171823311,1020575.73,12340.749999999998
7ee77224-df05-4628-a39c-ebb0e73e035e,1973-09-14,,999-83-8158,S99942151,X52488988X,Mrs.,Soledad678,Negrete68,,Briones478,M,white,hispanic,F,La Paz  Baja California  MX,503 Dibbert Divide,Boston,Massachusetts,Suffolk County,2116.0,42.30108053585949,-71.08960900315562,85215.87,3637.999999999999
2a48f8d4-55bd-4e98-a5e9-f17978108570,1970-05-21,,999-43-7731,S99949558,X54954390X,Mr.,Logan497,Hegmann834,,,M,white,hispanic,M,Lexington  Massachusetts  US,599 Schamberger Lock Suite 43,Boston,Massachusetts,Suffolk County,2108.0,42.353016500156784,-71.03759313254926,20151.74,0.0
6b68c376-4e99-4e83-85bc-878f1b4621b3,1999-07-15,,999-70-4404,S99926687,X34025717X,Ms.,Sun500,Pouros728,,,,white,nonhispanic,F,Great Barrington  Massachusetts  US,145 Lakin Throughway,Fall River,Massachusetts,Bristol County,,41.74176803982924,-71.1408154324301,530905.7,3944.05
f0c68ccd-b70a-40a6-8686-152c49ba18e5,1987-02-10,,999-82-3062,S99935933,X65381932X,Mrs.,Scott935,Grady603,,MacGyver246,M,white,nonhispanic,F,Palermo  Sicily  IT,374 Treutel View,Carlisle,Massachusetts,Middlesex County,,42.57454666851619,-71.35503962000654,783259.26,5391.999999999999
e57d23ca-c418-43a9-813a-e55960a61688,1915-11-21,2000-08-03,999-15-3843,S99986498,X11932906X,Mrs.,Luisa710,Hansen121,,Marvin195,M,white,nonhispanic,F,Worcester  Massachusetts  US,381 Kiehn Key Unit 97,Quincy,Massachusetts,Norfolk County,2171.0,42.249554076013226,-71.02454302549525,1528849.1,24052.34
02665d30-0d6b-49c4-a0f3-29e31db23849,1948-06-16,,999-67-6516,S99956011,X55930125X,Mr.,Sergio619,Wolff180,,,M,white,nonhispanic,M,Pittsfield  Massachusetts  US,252 Heller Manor Suite 56,Attleboro,Massachusetts,Bristol County,2861.0,41.88827758747932,-71.35147470972981,1514347.52,16065.399999999998
db3096d6-46dc-436a-9ea3-215156b8a93b,1981-06-02,,999-96-1363,S99963964,X40746278X,Mr.,Avery919,Murphy561,,,M,white,nonhispanic,M,Taunton  Massachusetts  US,756 Thiel Tunnel,Newton,Massachusetts,Middlesex County,2466.0,42.401187570476544,-71.18887020652711,965178.05,10983.12
db292efe-eb5b-4df6-bff3-11c036ce0097,2009-11-13,,999-49-6603,,,,Alyce744,Prohaska837,,,,white,nonhispanic,F,Dedham  Massachusetts  US,909 Skiles Run Unit 77,Southwick,Massachusetts,Hampden County,,42.02102270152586,-72.77618881458714,280929.61,2454.04
483f2add-049f-4ca9-bda0-00ae8dc00e01,1951-05-03,,999-81-2328,S99928925,X10264383X,Mrs.,Siobhan540,Bechtelar572,PhD,Batz141,M,white,nonhispanic,F,Boston  Massachusetts  US,791 Senger Parade Suite 30,Barnstable,Massachusetts,Barnstable County,2635.0,41.6852499525484,-70.35222939790243,1413655.77,14112.679999999998
4c6c1d18-8358-437d-ba5f-2d252303eb1f,1969-05-02,,999-19-8993,S99972718,X60039696X,Mrs.,Gretchen912,Langworth352,,Thompson596,M,white,nonhispanic,F,Lawrence  Massachusetts  US,1079 Jakubowski Knoll Apt 33,Methuen,Massachusetts,Essex County,1844.0,42.711768596019546,-71.1821524302431,206679.35,3600.7999999999997
2ee80c69-bff0-4911-8f4e-a7c4b6c20377,1977-10-26,,999-92-5238,S99975152,X46936061X,Mrs.,Bobbie849,Pfeffer420,,Boyer713,M,white,nonhispanic,F,Stow  Massachusetts  US,776 Franecki Port,Waltham,Massachusetts,Middlesex County,2472.0,42.429021932144,-71.28146732169488,863685.98,6740.789999999999
8c36e9f2-b137-4a2c-aa42-91500ffbcac1,1959-02-02,,999-89-6659,S99978857,X36731037X,Mrs.,Judith460,Kuhic920,,Prohaska837,M,white,nonhispanic,F,Templeton  Massachusetts  US,485 Muller Ferry Unit 74,Maynard,Massachusetts,Middlesex County,,42.39645991187806,-71.46892465372028,1314438.88,16584.43
67879005-1794-444b-89f4-8750ee3fc798,1939-02-22,,999-96-7252,S99984625,X62475837X,Mr.,Angelo118,Crona259,,,M,white,nonhispanic,M,Framingham  Massachusetts  US,166 Abbott Terrace Unit 18,Raynham,Massachusetts,Bristol County,,41.98037840273977,-71.01731281586592,1387592.81,11815.81
1187f2ea-1aca-42c4-9f45-5282a0624b38,1925-04-20,1994-05-05,999-97-8316,S99932605,X56499953X,Mrs.,Sherlyn657,Crist667,,Labadie908,M,white,nonhispanic,F,Swampscott  Massachusetts  US,132 Torphy Landing Unit 37,Barnstable,Massachusetts,Barnstable County,2635.0,41.74535360405015,-70.26621016214949,1501451.84,8398.439999999999
40475c40-3711-4f67-b80b-ea1571e781e5,2005-01-06,,999-28-9935,,,,Zita788,Green467,,,,white,nonhispanic,F,Plainville  Massachusetts  US,1099 White Gardens,Randolph,Massachusetts,Norfolk County,2368.0,42.19664219818628,-71.02288245147749,389695.08,3362.28
af18e410-0124-4d97-a0ba-cb85a87a1b83,2017-01-26,,999-78-6914,,,,Jenell974,Deckow585,,,,white,nonhispanic,F,Methuen  Massachusetts  US,234 McLaughlin Station Suite 21,Boston,Massachusetts,Suffolk County,2134.0,42.39916484023325,-71.13061204553672,10907.86,2355.45
d29f7a14-29c2-4ef1-9daf-3b871a2affc2,1912-01-20,1979-02-09,999-47-8656,S99926306,X24741415X,Mr.,Alphonso102,Zulauf375,,,M,white,nonhispanic,M,Whitman  Massachusetts  US,781 Bergnaum Boulevard,Chelmsford,Massachusetts,Middlesex County,,42.59951418254268,-71.3737781422001,38459.7,1088.85
5453de4e-cd2d-43e1-89ce-a37ec7379cf1,1995-11-12,,999-43-5463,S99923479,X50523580X,Ms.,Marta91,Swift555,,,,white,nonhispanic,F,Springfield  Massachusetts  US,987 Cormier Track Unit 30,Gardner,Massachusetts,Worcester County,,42.54601915801216,-71.97218198786375,546955.5,6719.639999999999
aeb8807a-edd2-4e5a-aff9-9699acb44623,1989-03-30,,999-88-5653,S99994123,X89169058X,Mrs.,Caron739,Zemlak964,,Will178,M,white,nonhispanic,F,Framingham  Massachusetts  US,998 Parisian Course,Fitchburg,Massachusetts,Worcester County,1420.0,42.61651696076555,-71.81097277109082,97562.36,6056.889999999999
d0e419b2-7df7-410f-ba06-4ea4820dab87,1970-05-08,,999-71-1265,S99949379,X59432834X,Mr.,Mario764,Bahringer146,,,M,white,nonhispanic,M,Holyoke  Massachusetts  US,544 Larkin Plaza Unit 64,Stow,Massachusetts,Middlesex County,,42.4458953744178,-71.53440468120861,1212333.01,4240.44
4a9b4367-094c-4828-ada1-fcbb9744cf62,1962-01-07,,999-49-6842,S99980332,X2470949X,Mrs.,Luz785,Girón243,,Valle770,M,white,hispanic,F,Kingston  Kingston  JM,614 Dickens Avenue,Boston,Massachusetts,Suffolk County,2163.0,42.3353821292727,-71.13035154633727,42451.08,3734.639999999999
f6835eca-8435-47d5-bea6-7ad14d02e565,2018-07-29,,999-23-6268,,,,Eduardo902,Crona259,,,,white,hispanic,M,Lexington  Massachusetts  US,174 Kreiger Approach,Hudson,Massachusetts,Middlesex County,,42.415007980856174,-71.5525835853411,44578.24,1418.2399999999998
03751d56-478d-4548-877a-4653074cbf50,2018-10-02,,999-56-9147,,,,Lavonna163,Paucek755,,,,white,nonhispanic,F,Hopkinton  Massachusetts  US,978 Lockman Arcade Apt 92,Peabody,Massachusetts,Essex County,1960.0,42.48562741754784,-70.99118414350544,23046.57,709.9599999999999
73580d98-24ec-4ff0-8bfe-ae9835f9e49e,1978-11-13,,999-45-2311,S99947961,X60156853X,Mr.,Herschel574,Wilkinson796,,,M,white,nonhispanic,M,Holden  Massachusetts  US,374 Waters Haven Unit 0,Rehoboth,Massachusetts,Bristol County,,41.88781790642699,-71.20214035556815,1004744.29,4238.759999999999
e04436f9-a257-4159-acae-3cc4c300205d,2005-11-09,,999-77-8688,,,,Pat3,Howell947,,,,white,hispanic,M,Williamstown  Massachusetts  US,765 Russel Pathway Unit 82,Spencer,Massachusetts,Worcester County,1562.0,42.29711976177354,-72.01940446732155,367932.48,3196.48
10eea8a3-3e8d-4172-acab-072b75512c0e,1930-04-23,1996-02-24,999-40-4309,S99981263,X5978013X,Mr.,Stanford577,Breitenberg711,,,M,white,nonhispanic,M,Northampton  Massachusetts  US,432 Kilback Extension,Fall River,Massachusetts,Bristol County,2747.0,41.69226332192576,-71.0841661857998,33310.35,7720.46
55c255a9-43e1-4cde-a58e-825f1750a8ab,1925-04-20,,999-11-9928,S99974318,X151433X,Mrs.,Araceli695,Kuvalis369,,Green467,M,white,nonhispanic,F,Lunenburg  Massachusetts  US,746 Harvey Arcade Apt 63,Barnstable,Massachusetts,Barnstable County,2637.0,41.749275591967525,-70.39007757100454,1582500.74,11683.74
6b82a873-796f-45fe-b8fc-47fa3a1a0677,1985-12-05,,999-60-4301,S99916002,X30473996X,Mrs.,Deetta949,Durgan499,,Braun514,M,white,nonhispanic,F,Taunton  Massachusetts  US,957 Sauer Lodge,Hamilton,Massachusetts,Essex County,,42.60009129357002,-70.86679073143641,725254.05,10867.87
840d7844-d2cc-47c2-823c-900fc117daf7,1949-08-03,,999-93-7135,S99920287,X59955694X,Mr.,Franklyn361,Bartoletti50,,,M,white,nonhispanic,M,Taunton  Massachusetts  US,849 Cummings Loaf,Chelmsford,Massachusetts,Middlesex County,,42.61899666973423,-71.4007965738948,1431356.9,9275.679999999998
ef6a51c3-5dbc-4f95-a86a-351a0edb7aa2,1949-04-24,,999-87-5716,S99969778,X44873142X,Mrs.,Alda400,Corwin846,,Satterfield305,M,white,nonhispanic,F,Mansfield  Massachusetts  US,1090 Wiegand Union,Attleboro,Massachusetts,Bristol County,,41.93260945784511,-71.32724548160914,1442078.1,30013.959999999995
7c1a32e9-7b27-4cf5-8fb0-fbcbcb5d8a7f,2010-01-22,,999-63-4441,,,,Wilson960,Herzog843,,,,white,nonhispanic,M,Arlington  Massachusetts  US,696 Zemlak Ramp,Malden,Massachusetts,Middlesex County,2148.0,42.39753473565149,-71.05813307269305,250717.12,2787.33
ed7351cd-ba0f-4f97-877b-6cd548a970ba,1971-05-28,,999-75-5931,S99982189,X32084116X,Mrs.,Merideth332,Trantow673,,Gutmann970,M,white,nonhispanic,F,Milton  Massachusetts  US,744 Lehner Overpass Suite 71,Rockport,Massachusetts,Essex County,,42.69782740933561,-70.6523579717143,1054646.1,7288.709999999999
92fa6d7d-0f35-408c-a42d-5f3657040ffc,1973-08-19,,999-56-1016,S99995044,X32439386X,Mr.,Von197,Powlowski563,,,S,white,nonhispanic,M,Lexington  Massachusetts  US,613 Rice Center,Clinton,Massachusetts,Worcester County,,42.37852497896392,-71.65855169355211,1137025.0,5787.0
cd7c139e-67d2-4c3b-a957-af58fa623e68,1963-05-24,,999-88-5017,S99965994,X75368423X,Mrs.,Apolonia139,Emmerich580,JD,Mohr916,M,white,nonhispanic,F,Worcester  Massachusetts  US,658 Bartell Lane,Burlington,Massachusetts,Middlesex County,1730.0,42.51503058336188,-71.23724369492078,1279060.86,13844.87
bdd254f0-d423-4791-aa0a-1992ac7456df,1911-12-17,1997-04-20,999-70-3179,S99952925,X35279610X,Mr.,Evan94,Rodriguez71,,,M,white,nonhispanic,M,Medford  Massachusetts  US,263 Kub Dale,West Tisbury,Massachusetts,Dukes County,,41.3566349438893,-70.62831191011408,1474833.92,8527.98
4bb24b0e-b273-43f9-a0a3-4e6320e7abef,1969-06-04,,999-48-9741,S99979721,X69447855X,Mrs.,Sherilyn598,Williamson769,,Howell947,M,white,nonhispanic,F,Braintree  Massachusetts  US,836 Willms Flat Suite 54,Watertown,Massachusetts,Middlesex County,,42.32603987034169,-71.1302149389386,1219491.67,7663.439999999999
183b278e-c837-4fa4-a62b-4ee213c987f0,2014-10-20,,999-70-4950,,,,Shanti441,Lesch175,,,,white,nonhispanic,F,Boston  Massachusetts  US,234 Sawayn Drive,Amherst,Massachusetts,Hampshire County,,42.41028173849948,-72.46741404663754,138455.0,2257.36
1cd1abdb-e20c-411b-b0b8-baa6e867677b,1915-11-21,1987-12-06,999-73-9072,S99916417,X41861262X,Mrs.,Criselda629,O'Hara248,,Adams676,M,white,nonhispanic,F,Pittsfield  Massachusetts  US,240 Corkery Mission Unit 60,Quincy,Massachusetts,Norfolk County,2169.0,42.25162679194672,-71.02908485262545,1478874.49,12984.559999999998
ac2a16c7-6dd3-4cbd-b99c-dbb54be6cebd,1912-01-20,2002-08-07,999-78-9223,S99976811,X65183827X,Mr.,Daryl568,Labadie908,,,M,white,nonhispanic,M,Holden  Massachusetts  US,759 Davis Mission,Chelmsford,Massachusetts,Middlesex County,,42.63534149176765,-71.3967150906666,116136.33,23431.77
6c29645e-9ee9-4f39-9b99-c9967fc771cc,1985-02-05,,999-31-4553,S99931683,X42963593X,Mr.,Silas208,Will178,,,M,white,nonhispanic,M,Worcester  Massachusetts  US,537 Gerhold Mall Apt 97,Littleton,Massachusetts,Middlesex County,,42.50489395019361,-71.44603097131782,940014.14,2722.28
4d716796-0d6f-44b9-98bc-d1867eb73822,1956-10-25,,999-31-1948,S99974942,X19717479X,Mrs.,Kathrine376,Bailey598,,Kunde533,M,white,nonhispanic,F,Newbury  Massachusetts  US,651 Williamson Alley,Westminster,Massachusetts,Worcester County,,42.567930244469736,-71.88380738995627,1349513.54,9597.4
3661568b-8b83-4042-827d-15f274e0856d,2017-12-21,,999-67-4988,,,,Lasandra232,Muller251,,,,white,nonhispanic,F,Belmont  Massachusetts  US,617 Osinski Annex,Norton,Massachusetts,Bristol County,,41.92644462643705,-71.15654898971698,51487.35,1359.08
12816c85-99c4-4e76-a6bd-baf9ec73f971,1951-11-08,2003-10-27,999-20-7971,S99972108,X38911743X,Mrs.,Clyde817,Lindgren255,,Ebert178,M,black,nonhispanic,F,Boston  Massachusetts  US,498 Hamill Harbor,Southbridge,Massachusetts,Worcester County,,42.099624590934056,-72.01982586844802,1189589.27,12932.989999999998
074292d9-f0c8-4e9c-a912-f0a1fee1acfa,1961-07-15,,999-59-1072,S99927284,X87594960X,Mr.,Mickey576,Padberg411,,,M,black,nonhispanic,M,New Bedford  Massachusetts  US,1099 Hilpert Tunnel Unit 13,Taunton,Massachusetts,Bristol County,,41.9126098307105,-71.13749863148313,49136.55,0.0
31fbdf48-e449-4404-964c-6b689e0b2eff,1957-06-09,,999-26-4970,S99962569,X82314915X,Mrs.,Toccara373,Beatty507,,Grimes165,M,white,nonhispanic,F,Uxbridge  Massachusetts  US,725 Romaguera Bypass Unit 91,Worcester,Massachusetts,Worcester County,1604.0,42.30261311252888,-71.85064790906662,199769.69,14645.289999999995
ee06530f-5aad-491f-b49d-5f5a6c045030,1969-04-01,,999-47-3151,S99950564,X69407281X,Mrs.,Adell482,Windler79,,Jacobs452,M,asian,nonhispanic,F,Holyoke  Massachusetts  US,426 Harvey Knoll,Wilmington,Massachusetts,Middlesex County,,42.55908840947813,-71.1987355964348,1189370.17,9073.61
9660b8b4-2fe0-4646-aaf3-d7081280df40,1983-07-19,,999-68-7122,S99963889,X79035370X,Mr.,Hubert238,Nader710,,,M,white,hispanic,M,Sudbury  Massachusetts  US,581 O'Hara Bridge,Phillipston,Massachusetts,Worcester County,,42.59903569800243,-72.17611085799692,941555.63,5542.88
7f5300d0-f805-4572-a946-a35308673e96,1950-12-26,2014-07-21,999-18-7195,S99969128,X55046148X,Mrs.,Keva141,Jakubowski832,,Reichel38,M,white,nonhispanic,F,Winchendon  Massachusetts  US,169 Witting Orchard Unit 98,Williamstown,Massachusetts,Berkshire County,,42.7353013466036,-73.19233844614365,209955.73,31780.85
4ef40577-0c47-42b9-a36b-1c849e0aadb9,1954-03-03,,999-31-1166,S99973880,X7884103X,Mr.,Lindsey52,Tromp100,,,M,white,nonhispanic,M,Arlington  Massachusetts  US,298 Roberts Village Unit 95,New Ashford,Massachusetts,Berkshire County,,42.5623475226245,-73.19610161240207,20906.16,798.45
9d1553e9-f247-4334-bf1e-ba084867c263,1912-01-20,,999-73-8598,S99979217,X22749225X,Mr.,Hans694,Yost751,,,M,white,nonhispanic,M,Chelsea  Massachusetts  US,158 Frami Drive Apt 55,Chelmsford,Massachusetts,Middlesex County,,42.6257562622634,-71.41794611999697,372357.04,685112.4000000011
f38514a5-5a2a-4852-8cb6-f792953ba772,1911-12-17,2000-12-31,999-16-3427,S99928247,X86520939X,Mr.,Alden634,Greenfelder433,,,M,white,nonhispanic,M,Attleboro  Massachusetts  US,356 Casper Parade Unit 25,West Tisbury,Massachusetts,Dukes County,,41.41553603012976,-70.68094829087775,1410377.52,8218.279999999999
f514d5f2-48fb-466e-9ce3-ac847988e230,1917-06-27,1983-06-29,999-92-1404,S99974774,X9451851X,Mrs.,Nickole723,Schiller186,,Cruickshank494,M,white,nonhispanic,F,Fitchburg  Massachusetts  US,117 Hermann Common,Barnstable,Massachusetts,Barnstable County,2601.0,41.72930445491016,-70.33977270168727,1266777.47,11712.079999999998
41fa5f14-d33d-4be6-a8e2-51ea8a322057,1937-03-10,,999-50-1684,S99954981,X27236786X,Mr.,Grant908,Conroy74,,,M,white,nonhispanic,M,Belmont  Massachusetts  US,260 Osinski Well,Franklin,Massachusetts,Norfolk County,,42.0939405042914,-71.44242703108485,1725486.61,21339.15
e72e0132-2fc9-495a-8585-05e8c673b4a0,1972-08-01,,999-83-4483,S99918472,X16364399X,Mr.,Lonnie913,Hayes766,,,M,white,nonhispanic,M,Scituate  Massachusetts  US,107 Grant Glen Unit 91,Shrewsbury,Massachusetts,Worcester County,,42.27280234673952,-71.73082636753746,1096388.64,3555.48
b2060c24-8f89-4008-954f-98b98d278fb4,1960-02-24,,999-67-9095,S99980780,X11383268X,Ms.,Natashia109,Balistreri607,,,S,asian,nonhispanic,F,Dracut  Massachusetts  US,785 Collins Trafficway,Salisbury,Massachusetts,Essex County,,42.8368408814656,-70.86399574196551,1246897.66,7748.359999999999
27a11f19-9c1d-476c-bf0b-1d6f18c6d9de,1969-04-21,,999-57-8889,S99921494,X66936590X,Ms.,Irena775,Krajcik437,,,S,asian,nonhispanic,F,Tokyo  Tokyo  JP,371 Huels Byway Apt 28,Boston,Massachusetts,Suffolk County,2113.0,42.343029663784016,-71.0830488542515,1032248.01,7063.439999999999
efab953b-96c2-4a1b-90cd-5a3b9d393222,2000-01-11,,999-73-8345,S99996219,X77385958X,Ms.,Dale454,Satterfield305,,,,white,nonhispanic,F,Worcester  Massachusetts  US,792 Collier Ranch Suite 81,Chelmsford,Massachusetts,Middlesex County,,42.55731675819583,-71.3447394812291,544601.38,2846.48
18f007e6-35a2-492f-be28-4376ccf73647,2001-12-10,,999-36-2124,S99964470,,Ms.,Karyn217,Ullrich385,,,,white,nonhispanic,F,Southborough  Massachusetts  US,928 Metz Rest Unit 53,Somerville,Massachusetts,Middlesex County,2145.0,42.422822269930016,-71.13445328896383,404271.69,4041.7
49d09b10-cb99-49ad-b0e4-9c4bec466fab,1937-08-07,2008-09-21,999-10-1793,S99944770,X54722782X,Mrs.,Rosalee63,Johnson679,,Lemke654,M,white,nonhispanic,F,Lynn  Massachusetts  US,800 Hudson Run Unit 43,Stoughton,Massachusetts,Norfolk County,,42.08548186389148,-71.11169706792691,1461508.9200000002,17328.609999999997
3f82ade9-dd3f-49b2-9765-770177a8ee04,1962-08-07,,999-34-5113,S99983371,X43745194X,Mrs.,Mercedes82,Alba338,,Reséndez908,M,black,hispanic,F,Tegucigalpa  Francisco Morazán  HN,542 Terry Well,Boston,Massachusetts,Suffolk County,2210.0,42.37808716269792,-71.08309544642323,1621465.7000000002,35256.179999999964
cd64b7e2-53a2-4fdb-b981-0374e4663452,2011-01-25,,999-23-7464,,,,Gaylord332,Denesik803,,,,white,nonhispanic,M,Boston  Massachusetts  US,401 Renner Fork,Lancaster,Massachusetts,Worcester County,,42.47765024302644,-71.70530815679105,10416.15,456.64
95d808c2-64a1-4fb8-a83f-d6d41eb5d84d,1991-04-21,,999-51-3116,S99935131,X78685177X,Ms.,Darla154,Schmitt836,,,S,white,nonhispanic,F,Framingham  Massachusetts  US,665 Batz Trace Suite 67,Brewster,Massachusetts,Barnstable County,,41.706758676392695,-70.05187545196713,570861.31,11248.929999999997
3b688a46-feca-4fc5-8331-9589ea2c58d1,1951-11-30,,999-46-7607,S99945754,X32445173X,Mr.,Víctor493,Carrion142,,,M,black,nonhispanic,M,Portsmouth  Saint John Parish  DM,916 Pollich Club Apt 45,Wilbraham,Massachusetts,Hampden County,1095.0,42.184604354396434,-72.40603157199921,1427017.0,15403.23
8eeebf11-bb86-47aa-8aa3-958f226d8467,1920-05-29,1958-08-02,999-58-1410,S99994814,X12559398X,Mr.,Amado512,Nikolaus26,,,M,black,nonhispanic,M,Lowell  Massachusetts  US,711 Jerde Lane,Boston,Massachusetts,Suffolk County,2109.0,42.33558986462285,-71.03825439868979,119151.93,6486.599999999999
ac6d9aa2-40a2-4ab6-a189-05c7a2db0607,1937-08-07,,999-24-6578,S99926797,X31545670X,Ms.,Karol905,Sporer811,,,S,white,nonhispanic,F,Lowell  Massachusetts  US,427 Hettinger Burg,Stoughton,Massachusetts,Norfolk County,,42.10894941566592,-71.09512819421394,1642131.73,33093.45
861db50c-4b54-4401-95e0-d4c3ef4b5437,1946-01-24,,999-79-5033,S99959443,X61465555X,Mr.,Trent525,Rosenbaum794,,,M,white,nonhispanic,M,Canton  Massachusetts  US,325 Heller Crossing,Marlborough,Massachusetts,Middlesex County,,42.33123713423803,-71.53479812700128,187574.91,19224.59
9f53e3c8-deb5-48ce-9dce-26de0da2d5a3,1988-03-27,,999-81-1096,S99956647,X1930537X,Mr.,Raymond398,Schroeder447,,,S,white,nonhispanic,M,Boston  Massachusetts  US,1001 Friesen Drive Unit 46,Framingham,Massachusetts,Middlesex County,,42.27463914205453,-71.46419550754325,99245.63,4086.66
4b36474d-4a9b-4f9a-bbac-77e1fd24314e,2001-11-22,,999-86-6851,S99930438,,Ms.,Arletta663,Fay398,,,,white,nonhispanic,F,Marshfield  Massachusetts  US,216 Christiansen Light,Foxborough,Massachusetts,Norfolk County,,42.0562918048147,-71.25800715125713,403575.86,3519.47
9a1e1152-7566-4afd-b3f9-b0a7fd90b0eb,1917-06-27,2016-10-19,999-56-8522,S99998976,X52377943X,Mrs.,Krystle484,Miller503,,Jakubowski832,M,white,nonhispanic,F,Brockton  Massachusetts  US,352 Casper Terrace Apt 36,Barnstable,Massachusetts,Barnstable County,2668.0,41.695383384419394,-70.3291707753909,1591402.4300000002,34032.8
f0420f37-f855-4220-a95d-ff3679570b8e,2007-02-19,,999-82-4750,,,,Alexandra16,Witting912,,,,black,nonhispanic,F,West Boylston  Massachusetts  US,707 Gaylord Glen Suite 95,Shrewsbury,Massachusetts,Worcester County,,42.26037823850331,-71.75489287983832,274365.98,3234.8
ff987a90-00f6-49b0-9c6e-8125357c96ee,1996-10-24,,999-43-7181,S99931328,X75699163X,Ms.,Collette420,Graham902,,,,white,nonhispanic,F,Seekonk  Massachusetts  US,1097 Kerluke Fort,Lawrence,Massachusetts,Essex County,,42.71229751412432,-71.16776568468248,627632.93,2755.64
e76e8e51-65e0-479d-b89c-cc3c085b389e,1982-12-01,,999-59-7559,S99966177,X26544766X,Mrs.,Shelby741,Kunde533,,Mohr916,M,white,nonhispanic,F,Toulouse  Occitanie  FR,504 Murphy Fork Unit 88,Fall River,Massachusetts,Bristol County,2721.0,41.6751719157008,-71.1535947225027,119745.54,9883.46
7399ba91-21c7-46cd-bcec-f38f0ff4a049,1973-09-16,,999-22-9908,S99916266,X56469495X,Mrs.,Conchita9,Sisneros410,,Villalpando154,M,white,hispanic,F,Juarez  Chihuahua  MX,286 Mraz Esplanade,Holyoke,Massachusetts,Hampden County,1040.0,42.208555792936345,-72.68149607049135,1017086.68,9629.719999999998
c97406fe-f55a-44ed-ac4b-50f1ee0941d4,1986-05-09,,999-62-1418,S99929624,X49108780X,Mrs.,Daniela614,Malave728,,Pineda243,M,black,hispanic,F,Portsmouth  Saint John Parish  DM,953 Zulauf Flat Apt 96,Athol,Massachusetts,Worcester County,,42.52049474280827,-72.1985028735383,713812.45,4876.959999999999
2917d4a8-2548-4e6e-ade9-4c68c90639e6,2003-10-01,,999-91-2857,S99931226,,,Wes853,Kessler503,,,,white,nonhispanic,M,Boston  Massachusetts  US,799 Nienow Haven,Bellingham,Massachusetts,Norfolk County,2019.0,42.04264569751871,-71.4427157900964,450422.53,2734.0
ce5d8091-eca2-4ff7-90b1-b72f2c1c8886,1964-06-14,,999-30-4538,S99947161,X3728934X,Mr.,Mickey576,Denesik803,,,M,white,nonhispanic,M,Malden  Massachusetts  US,358 Mann Junction Suite 98,Holliston,Massachusetts,Middlesex County,,42.24218736802292,-71.47820971382508,1215158.51,4903.49
1ca31c55-1bc4-4986-8319-6d8056d01e38,1937-09-17,,999-44-3488,S99941075,X12139070X,Mrs.,Astrid395,Rosenbaum794,,Dickens475,M,white,nonhispanic,F,Webster  Massachusetts  US,164 Stokes Lodge Apt 34,Winchendon,Massachusetts,Worcester County,1475.0,42.71744809163345,-72.05377843463215,1496741.92,12698.85
b65a8bed-7874-48c6-a8a8-2f8e9dcaa285,2003-09-03,,999-59-8736,S99963434,,,Johnathon489,Brekke496,,,,white,nonhispanic,M,Methuen  Massachusetts  US,690 Marks Vale Apt 32,Barnstable,Massachusetts,Barnstable County,2672.0,41.68890687297593,-70.26564498283606,51546.42,3463.58
0b869100-7cf4-4793-8e02-8a2deb0ffca9,1941-03-14,,999-89-8647,S99989905,X34117879X,Mrs.,Criselda629,Hackett68,,O'Conner199,M,black,nonhispanic,F,Westford  Massachusetts  US,623 Paucek Gardens,Hanover,Massachusetts,Plymouth County,,42.14823649888128,-70.83363143755524,1550425.01,8693.359999999999
eb70358c-4a0b-40b5-aa80-e5a1a9c50150,1997-10-10,,999-32-3186,S99972203,X77635087X,Mr.,Douglass930,Pollich983,,,,white,nonhispanic,M,Agawam  Massachusetts  US,464 Boyle Boulevard Apt 28,New Bedford,Massachusetts,Bristol County,2744.0,41.70270372249463,-70.9614895118869,466109.89,3184.72
738939f1-6d86-4bc0-a203-826eb63e4e75,1997-04-03,,999-78-4037,S99981515,X78760568X,Mr.,Timoteo39,Castañeda925,,,,white,hispanic,M,Carolina  Puerto Rico  PR,270 Corkery Loaf,Concord,Massachusetts,Middlesex County,,42.445270082874586,-71.38957375937514,559130.77,3476.4
2ada891f-0f8c-4c27-b1ec-138f14ba0a22,1950-12-26,,999-94-8339,S99942870,X55761839X,Mrs.,Tonda472,Stehr398,,Zemlak964,M,white,nonhispanic,F,Holyoke  Massachusetts  US,143 Lakin Station,Watertown,Massachusetts,Middlesex County,,42.40706329390444,-71.20607735209127,1494330.11,20528.97
c91012f5-485c-4ee9-8def-6dcc5c63c8a4,1914-10-04,1999-12-07,999-52-4867,S99995431,X22035929X,Mr.,Williams176,Hintz995,,,M,white,nonhispanic,M,Methuen  Massachusetts  US,1027 Bogisich Rapid Unit 22,Worcester,Massachusetts,Worcester County,1583.0,42.24450468723561,-71.74502639683585,1650244.37,46281.71
2c5f0a75-a38e-4834-b951-57c69b7997d8,1940-09-13,2006-04-21,999-29-5295,S99996435,X12057221X,Mr.,Gerard367,Pouros728,,,M,asian,nonhispanic,M,Taunton  Massachusetts  US,816 Marvin Promenade Suite 18,Boston,Massachusetts,Suffolk County,2121.0,42.31382307539047,-71.12211614594749,1339287.02,4906.84
e18e146c-1035-4a70-b478-8dc46e3f2f5e,1965-01-30,,999-54-5846,S99981102,X2856178X,Mr.,Pablo44,Lozada73,,,M,white,hispanic,M,Roseau  Saint George  DM,886 Schaefer Forge Unit 25,Boston,Massachusetts,Suffolk County,2210.0,42.32762295178586,-71.2009971689342,105295.68,7673.3
9b9605af-ecd1-42eb-a92b-4592ca4a5a4f,1974-08-16,,999-52-8387,S99996636,X54154331X,Ms.,Laurinda852,Emard19,,,S,white,nonhispanic,F,Westfield  Massachusetts  US,367 Williamson Wynd Suite 48,Stoneham,Massachusetts,Middlesex County,,42.51346717391394,-71.07749884097922,1052736.51,3111.32
70a2919c-802e-4273-8c1e-64f802ba7a7a,2008-08-13,,999-93-5743,,,,Frances376,Schumm995,,,,white,nonhispanic,M,Chelsea  Massachusetts  US,826 Hammes Mission Apt 1,Natick,Massachusetts,Middlesex County,,42.25846720806605,-71.3444415391516,304634.49,4104.72
c1122148-b1bc-4112-b8b0-73e6581ebf40,1946-06-08,,999-18-8258,S99996579,X81578945X,Mrs.,Madalyn472,Strosin214,,Treutel973,M,white,nonhispanic,F,Framingham  Massachusetts  US,1037 Moen Parade,Malden,Massachusetts,Middlesex County,2148.0,42.40951667071685,-71.0463038867488,1439551.81,31021.7
60ce208e-eb6f-4c88-b02c-469aad51cda6,1940-09-13,2001-09-28,999-45-7169,S99971713,X30717546X,Mr.,Otis335,Davis923,,,M,asian,nonhispanic,M,Williamstown  Massachusetts  US,1090 Renner Spur,Boston,Massachusetts,Suffolk County,2110.0,42.31219724036537,-71.068811070798,1552212.29,11065.6
777a7d7a-0b8a-4ce8-89e8-e78eda204589,1954-11-22,,999-54-9351,S99911404,X66782961X,Mrs.,Samatha845,Douglas31,,West559,M,white,nonhispanic,F,Whitman  Massachusetts  US,964 Swaniawski Flat Apt 95,Cambridge,Massachusetts,Middlesex County,2142.0,42.37266361449031,-71.18587209587628,44581.21,3657.7599999999993
15da9bf9-23d7-4d69-bbb2-4a838a1f3547,1914-10-04,1970-10-22,999-99-3692,S99967680,X72621173X,Mr.,Thaddeus38,Schaden604,,,M,white,nonhispanic,M,Taunton  Massachusetts  US,1099 Terry Harbor Apt 87,Worcester,Massachusetts,Worcester County,1603.0,42.41017173300333,-71.7706543458918,1490175.13,3337.2
26b094b6-2c16-49fb-aa6f-2e155f565542,1997-10-13,,999-82-3020,S99918742,X57682755X,Ms.,Madie300,McLaughlin530,,,,white,nonhispanic,F,Agawam  Massachusetts  US,420 MacGyver Spur Suite 75,Needham,Massachusetts,Norfolk County,2494.0,42.287294750424586,-71.21166730963249,467457.21,2828.08
74b8c926-5af9-461b-bc63-56755a5ae264,1979-05-06,,999-63-4281,S99963078,X82748569X,Mr.,Andres25,Wilderman619,,,M,black,nonhispanic,M,Wareham  Massachusetts  US,515 Fay Stravenue Unit 74,Boston,Massachusetts,Suffolk County,2163.0,42.25417598768785,-71.08003040048426,35597.69,444.9599999999999
eb8c9a4e-f476-409a-8511-dec9a043d0e1,1945-01-23,,999-12-1481,S99997657,X2987239X,Mr.,Richard937,Rice937,,,S,white,nonhispanic,M,Pepperell  Massachusetts  US,539 Ritchie Bay Apt 49,Greenfield,Massachusetts,Franklin County,1301.0,42.66282454075476,-72.58027013304986,281148.89,34208.39
3403e338-c9bd-4087-97b7-dfeb1d97cbfd,2012-08-08,,999-39-1806,,,,Maegan141,Barrows492,,,,white,nonhispanic,F,Natick  Massachusetts  US,703 Fisher Park Apt 24,Norwood,Massachusetts,Norfolk County,2062.0,42.20900536248772,-71.21136155996058,179160.0,2539.84
87a953c6-2588-44e1-a389-b37260bc7c8c,1965-05-14,,999-97-9931,S99948559,X15378320X,Ms.,Grace552,Lockman863,,,S,white,nonhispanic,F,Waltham  Massachusetts  US,394 Bechtelar Arcade Unit 65,Walpole,Massachusetts,Norfolk County,,42.17451195191196,-71.22445669645612,1320057.96,10643.679999999998
70f8e0be-bf40-463b-aba8-9775037335ad,1955-01-20,,999-83-3091,S99915062,X29821577X,Mrs.,Sam879,Satterfield305,,Wyman904,M,asian,nonhispanic,F,Medford  Massachusetts  US,958 O'Conner Gardens,Swansea,Massachusetts,Bristol County,,41.792443670354096,-71.16443746171912,1406552.03,8158.279999999999
a7a40f50-8d41-4ee8-af84-26980486d663,1967-12-17,,999-10-3892,S99949837,X16118133X,Mrs.,Della552,Carroll471,,Crooks415,M,white,nonhispanic,F,Brookline  Massachusetts  US,321 Wisozk Green Suite 70,Salisbury,Massachusetts,Essex County,,42.87272301452984,-70.86597637099898,1107544.34,9750.679999999998
b2f6f259-b853-4649-b7a1-77f402486e51,1991-11-16,,999-99-8899,S99969726,X40816337X,Mrs.,Virginia437,Elizondo706,,Calvillo618,M,white,hispanic,F,Ponce  Puerto Rico  PR,963 VonRueden Highlands Apt 71,Boston,Massachusetts,Suffolk County,2119.0,42.25803598847191,-71.0012378338807,69968.17,2567.1
5f8218b7-678e-4617-98c8-096c8b43435d,1972-10-01,,999-24-9622,S99919939,X69819554X,Mr.,Dave764,Hilpert278,,,M,black,nonhispanic,M,Avon  Massachusetts  US,1076 Roberts Vista,Southborough,Massachusetts,Worcester County,,42.349060831352446,-71.57697348503152,980075.81,3429.6
d626eb3f-4662-45c6-8b53-ab815bef0df0,1982-04-04,,999-59-4905,S99940877,X44169367X,Mr.,Eusebio566,Cremin516,,,M,white,hispanic,M,Woburn  Massachusetts  US,915 Legros Neck Apt 5,Lynn,Massachusetts,Essex County,1905.0,42.48275396387037,-70.85785433007347,964688.07,3758.0
59af8070-732e-4822-ae43-5fdd69fe2b7a,1977-05-06,,999-30-4653,S99910867,X70931147X,Mrs.,Danyelle408,Schowalter414,,Bergstrom287,M,white,nonhispanic,F,Pittsfield  Massachusetts  US,857 Moen Common Suite 59,Yarmouth,Massachusetts,Barnstable County,,41.68922151276377,-70.27219385155014,937136.52,6667.45
990c59eb-4ecc-4f83-820c-cc28176d0e40,2019-08-18,,999-83-4408,,,,Claude750,Russel238,,,,white,nonhispanic,M,Lawrence  Massachusetts  US,1093 Jast Trail Suite 33,Taunton,Massachusetts,Bristol County,2780.0,41.98847069358841,-71.03614272291684,22302.85,645.8
931b4923-3ccd-4f0a-a001-c338b64e46ec,2001-07-07,,999-35-8001,S99922549,,Ms.,Susana117,Esparza426,,,,white,hispanic,F,Guatemala City  Guatemala  GT,462 Roberts Gardens Unit 22,Lowell,Massachusetts,Middlesex County,,42.63797596797339,-71.2995197535122,479235.43,3606.4
c91bd589-791d-4292-b240-7d66a9fd7763,1999-01-02,,999-31-1454,S99918161,X61264211X,Ms.,Phung894,Kihn564,,,,asian,nonhispanic,F,Franklin  Massachusetts  US,605 White Gardens,Southampton,Massachusetts,Hampshire County,,42.27138051107477,-72.70835381315241,440208.34,7424.999999999998
a270420e-b888-44be-b0c4-cdece6f62a16,2009-05-04,,999-18-9428,,,,Lazaro919,Gorczany269,,,,white,nonhispanic,M,Douglas  Massachusetts  US,646 Johns Wynd Suite 79,Burlington,Massachusetts,Middlesex County,1730.0,42.470623240283,-71.20888792730481,282060.82,3067.32
fba35e50-2e48-4364-8b17-150d27c59ae3,1985-07-07,,999-40-1437,S99986294,X13357096X,Mr.,Art115,Schinner682,,,S,white,nonhispanic,M,Lincoln  Massachusetts  US,559 Beier Club Suite 49,Scituate,Massachusetts,Plymouth County,,42.224273443642645,-70.74077397474272,765446.75,20415.95
87d73a29-32c6-4f4a-b517-3b9e1dd6816a,1973-10-07,,999-39-4635,S99950783,X59480850X,Mrs.,Malorie969,O'Kon634,,Hintz995,M,white,nonhispanic,F,Southborough  Massachusetts  US,235 O'Keefe Throughway Unit 51,Barnstable,Massachusetts,Barnstable County,2632.0,41.74911231422706,-70.20020756986202,131112.73,5752.01
9196882f-bdbb-4de1-8b4f-635a88380128,2009-02-15,,999-48-5699,,,,Sal878,Ledner144,,,,white,nonhispanic,M,Southbridge  Massachusetts  US,532 Turner Pathway Unit 63,Boxford,Massachusetts,Essex County,,42.72031408253893,-71.03277029930564,274817.97,3353.12
15dd8379-e645-4a1d-a78c-da2cf2140131,2000-10-30,,999-12-5268,S99920674,,Mr.,Jimmy858,O'Reilly797,,,,white,nonhispanic,M,Westford  Massachusetts  US,887 Carroll Glen,Quincy,Massachusetts,Norfolk County,,42.20257912121394,-70.95545723842454,521979.22,2846.48
d988bba1-094c-4bfa-a74f-befd2ad8c60b,1914-10-04,,999-92-4222,S99911851,X29278334X,Mr.,Ross213,Cremin516,,,S,white,nonhispanic,M,Norton  Massachusetts  US,417 Daniel Orchard Suite 92,Worcester,Massachusetts,Worcester County,,42.316744750668526,-71.8553645347686,1995837.72,242302.25999999995
0e48a097-e999-49b0-bdc1-086be5d80619,1962-01-06,1987-02-21,999-70-5302,S99947177,X25299773X,Mr.,Garth972,Hettinger594,,,,white,nonhispanic,M,Revere  Massachusetts  US,811 McLaughlin Highlands Suite 72,Kingston,Massachusetts,Plymouth County,,41.97113139402301,-70.74831547653294,580644.5,3667.92
1df96bb8-ebcf-469c-a602-73d2de48e8bc,1989-04-07,,999-27-4909,S99993600,X19259140X,Mrs.,Melisa53,Harber290,,Bailey598,M,white,nonhispanic,F,Waltham  Massachusetts  US,831 Schowalter Knoll,Acushnet,Massachusetts,Bristol County,,41.68547541126978,-70.87107907017429,758944.53,5377.839999999999
54be9295-8fe6-4be0-a135-66f6b6526306,1982-08-22,,999-24-2069,S99953462,X37565272X,Mrs.,Stephany248,Muller251,,Hauck852,M,white,nonhispanic,F,New Bedford  Massachusetts  US,164 Friesen Trail Unit 13,Seekonk,Massachusetts,Bristol County,,41.79461477259159,-71.27491710065681,813727.82,23797.51
edc4fe97-3164-4762-9f7a-0bba89a94888,1971-05-12,,999-40-8284,S99970176,X17504488X,Ms.,Tana168,Bechtelar572,,,S,white,nonhispanic,F,Greenfield  Massachusetts  US,302 Kirlin Highlands,Lunenburg,Massachusetts,Worcester County,,42.56149882305895,-71.68665525691193,1169383.83,6854.599999999999
85c616ad-57c5-4674-814f-6df3b0a752d5,1989-03-23,,999-28-3018,S99927780,X49151886X,Mr.,Theo630,Kuvalis369,,,M,white,nonhispanic,M,Swansea  Massachusetts  US,761 Lang Byway,Tewksbury,Massachusetts,Middlesex County,,42.65643001541786,-71.18674507681726,752364.03,2956.4
c268715a-4fe7-4484-9666-eb5b49e6396c,1939-04-29,2016-10-08,999-40-7711,S99985206,X19869683X,Mr.,Jules135,Stanton715,,,M,white,nonhispanic,M,Duxbury  Massachusetts  US,428 Purdy Village,Fitchburg,Massachusetts,Worcester County,1420.0,42.58393499444628,-71.76945519933486,1455700.26,16290.459999999995
1609ce64-fa1c-47d1-96be-7bbd001f2d45,1946-08-13,,999-14-7414,S99928641,X18454481X,Mr.,Mauro926,Nicolas769,,,M,white,nonhispanic,M,Conway  Massachusetts  US,904 Klocko Esplanade,Malden,Massachusetts,Middlesex County,2155.0,42.42196598165204,-71.0355496116074,1438564.24,7920.49
f3ecd5c1-a7a2-4f02-ba45-504f614d5faf,1991-05-29,,999-58-2210,S99926472,X5864649X,Mr.,Gerard367,Lubowitz58,,,M,white,nonhispanic,M,Harvard  Massachusetts  US,611 Oberbrunner Club,Mansfield,Massachusetts,Bristol County,,41.969549848416975,-71.22320185500341,668373.5800000001,4352.12
85ebfb37-061b-4c46-b11b-c0dd834f3c37,1967-04-18,,999-78-6461,S99983825,X84565394X,Mr.,Sydney660,Ondricka197,,,M,white,nonhispanic,M,Marlborough  Massachusetts  US,636 Nikolaus Green Unit 35,Billerica,Massachusetts,Middlesex County,,42.60390979524537,-71.25203499547153,1293142.53,6171.12
0f172f56-bb2d-4354-b57f-9f7335c9721c,2000-04-08,,999-28-1106,S99952607,X46644920X,Mr.,Lavern240,Koss676,,,,white,nonhispanic,M,Franklin  Massachusetts  US,248 Hartmann Neck Suite 71,East Brookfield,Massachusetts,Worcester County,,42.209795752305375,-72.06023199179668,418979.86,6232.639999999999
5fd2e55b-58dd-47cb-a5af-f54309af955c,2005-04-24,,999-38-5571,,,,Patricio639,Peña909,,,,white,hispanic,M,Tegucigalpa  Francisco Morazán  HN,168 Runolfsdottir Run Unit 81,Chelsea,Massachusetts,Suffolk County,,42.40802016370912,-71.05014811157358,327343.65,3549.18
df58600c-34cc-4f29-9d7a-5cd65965afb0,2007-09-29,,999-15-5203,,,,Bernardo699,Vallejo39,,,,white,hispanic,M,Lima  Lima Province  PE,171 Schoen Trafficway Unit 85,Boston,Massachusetts,Suffolk County,2114.0,42.38238667762405,-71.10549953044368,304607.7,3289.8
f1f2a194-6db6-4c00-8653-36515b16ff39,1954-10-20,,999-83-2379,S99945350,X56547024X,Ms.,Lucinda68,Cummings51,,,S,black,nonhispanic,F,Lawrence  Massachusetts  US,353 Bradtke Viaduct,Quincy,Massachusetts,Norfolk County,2170.0,42.2796875094093,-71.11360525310816,225006.19,61743.19
f829e769-cac8-43d1-94b7-e572e164ed21,2015-01-31,,999-32-8525,,,,Cortez851,Goodwin327,,,,white,nonhispanic,M,Nantucket  Massachusetts  US,214 Hane Course Unit 68,Westford,Massachusetts,Middlesex County,,42.62875984095006,-71.40963275643487,122062.67,2163.2
956c5aa9-ba01-407f-bfae-368d496f221e,2000-08-30,,999-91-3669,S99964410,,Ms.,Melvin857,Kreiger457,,,,asian,nonhispanic,F,Danvers  Massachusetts  US,562 Rutherford Avenue,Hopedale,Massachusetts,Worcester County,,42.16241783761099,-71.52895975926343,500622.04,3675.56
8150d433-c379-46e9-b3ec-3d9f408f2fb6,1969-10-08,,999-83-5672,S99998622,X1250069X,Ms.,Shaunda110,Rice937,,,S,white,nonhispanic,F,Lynnfield  Massachusetts  US,1095 Buckridge Branch,Rutland,Massachusetts,Worcester County,1543.0,42.374963296508966,-72.00581243005772,607100.18,6985.259999999999
d31b6833-4397-496c-a88c-a128b2ba6d8e,2003-07-21,,999-18-6409,S99976451,,,Josephine273,Ward668,,,,white,nonhispanic,F,Pepperell  Massachusetts  US,196 Gibson Annex Suite 33,Fall River,Massachusetts,Bristol County,2720.0,41.7172891109483,-71.16372142785261,442982.11,2604.84
9f8a18e1-c36f-4b5b-b431-013dd3b37cf5,1988-09-12,1999-05-10,999-66-8056,,,,Frances376,Kovacek682,,,,white,nonhispanic,M,Tewksbury  Massachusetts  US,517 Cummings Harbor,Tewksbury,Massachusetts,Middlesex County,,42.57138644931912,-71.21517271521654,287320.79,1409.04
b750e9ad-500f-4994-a8cf-727ae1e6f20f,2019-01-18,,999-29-4520,,,,Yuk263,Kuhlman484,,,,white,nonhispanic,F,Blackstone  Massachusetts  US,652 Kovacek Trailer Suite 29,Lenox,Massachusetts,Berkshire County,1240.0,42.325748987123525,-73.24386665203477,29233.13,1100.7599999999998
6162fd58-f810-4fe6-960e-d47545a692b0,1947-04-09,,999-39-9040,S99916631,X18049039X,Mr.,Johnathon489,Brakus656,,,M,white,nonhispanic,M,Fall River  Massachusetts  US,926 Lindgren Key Suite 45,Winchester,Massachusetts,Middlesex County,,42.45131772442241,-71.14692443560944,1593630.3,9144.85
a7979e25-49b2-4865-86ff-8b5465ef16b5,1986-11-21,,999-82-4546,S99984595,X10384867X,Mrs.,Mariam937,Auer97,,Hermann103,M,white,nonhispanic,F,Milton  Massachusetts  US,1032 McClure Extension Unit 88,Framingham,Massachusetts,Middlesex County,1701.0,42.302908830789285,-71.40253108473641,711616.92,10160.619999999995
91550846-c779-42c8-a42f-b404f7e93794,1962-10-11,,999-19-8817,S99928444,X73538164X,Mr.,Homero668,Carrillo204,,,S,white,hispanic,M,Gaudalajara  Jalisco  MX,627 Weissnat Fork,Boston,Massachusetts,Suffolk County,2128.0,42.310934638643054,-71.07009021172313,1551414.63,5590.4
5653fada-27de-418a-9605-abfc1bad1159,1914-10-03,2000-12-29,999-14-6312,S99991088,X22202230X,Mrs.,Vanda440,Zulauf375,,Wisoky380,M,white,nonhispanic,F,Waltham  Massachusetts  US,616 Jenkins Corner,Norwood,Massachusetts,Norfolk County,2090.0,42.22344820191445,-71.16982363756567,1379205.73,42839.61
f1cd20e6-cd97-4e78-9ec9-323a703a0bbc,1984-08-07,,999-25-6223,S99926770,X50138899X,Mrs.,Dennise990,Gaylord332,,Ward668,M,white,nonhispanic,F,Quincy  Massachusetts  US,137 Miller Meadow,Boston,Massachusetts,Suffolk County,2126.0,42.31435020797024,-71.1265579816301,114699.39,9038.54
9a3d93f8-6447-40dd-9147-61c1ffe63238,1978-11-23,,999-42-1582,S99921232,X88303382X,Mr.,Edmundo94,Romaguera67,,,M,white,nonhispanic,M,Chelsea  Massachusetts  US,1065 Hackett Ville Suite 4,Gloucester,Massachusetts,Essex County,1930.0,42.58996468923887,-70.67929431030888,1055377.83,8460.88
804fa13b-2373-4e4f-8769-c513f3b2e251,1967-06-15,,999-53-7790,S99954870,X60465678X,Mrs.,Takisha161,Boehm581,,Runolfsson901,M,white,nonhispanic,F,Milford  Massachusetts  US,747 Batz Harbor,Natick,Massachusetts,Middlesex County,,42.32415529810476,-71.36749247910899,1212955.5,10013.44
8052d1c2-07cd-41ed-bbfb-540de1581acd,1999-01-20,,999-91-5603,S99999119,X71780422X,Ms.,Corie618,Howe413,,,,white,nonhispanic,F,West Boylston  Massachusetts  US,580 Hickle Dam,Brookline,Massachusetts,Norfolk County,2215.0,42.33129375927908,-71.16722256193121,448911.03,6398.439999999998
69b253e5-80d7-4171-8a8c-95c043d2ac51,1966-10-19,,999-25-2859,S99914900,X29794190X,Mrs.,Myung778,Schultz619,,Lynch190,M,white,hispanic,F,Springfield  Massachusetts  US,175 Farrell Overpass,North Andover,Massachusetts,Essex County,,42.63077771912201,-71.13365755164278,1108877.76,13116.159999999998
405bbbda-dcf0-442f-bd92-933bf2b4e45e,1952-02-01,1960-02-19,999-50-7530,,,,Edmundo94,Dach178,,,,white,nonhispanic,M,New Bedford  Massachusetts  US,281 Walter Harbor Suite 62,Westport,Massachusetts,Bristol County,,41.599499370885134,-71.06602435771602,217415.65,1260.7199999999998
40ad23b4-382e-4727-b3e8-926cad0a6782,1933-05-14,2019-05-03,999-24-5797,S99935940,X19625577X,Mrs.,Frankie174,Brakus656,,O'Connell601,M,white,nonhispanic,F,Holyoke  Massachusetts  US,1058 Auer Crossing,Waltham,Massachusetts,Middlesex County,2472.0,42.40096534533721,-71.25757660155756,1488912.88,51842.98999999999
2a3b0790-fba1-4ec3-abab-2394a6638f79,2017-10-11,,999-10-8228,,,,Dan465,Walker122,,,,white,nonhispanic,M,Monson  Massachusetts  US,858 Prosacco Boulevard Apt 79,Millbury,Massachusetts,Worcester County,,42.20170748973286,-71.73973782608564,64136.33,1419.9199999999998
7ca3849b-e5a0-4afe-b0c1-b344fe8afdf3,1962-12-06,,999-54-3742,S99999375,X60157185X,Mrs.,Elza246,Kilback373,,Sporer811,M,white,nonhispanic,F,Fall River  Massachusetts  US,1013 Hoppe Byway Unit 84,North Attleborough,Massachusetts,Bristol County,,41.97960076254049,-71.36211862417093,1366194.4,16285.28
3dc4515a-52ea-4d56-9e4f-fe4bac806313,1957-05-14,2018-07-08,999-45-1967,S99919946,X32682301X,Mr.,Laurence43,Weber641,,,M,asian,nonhispanic,M,Malden  Massachusetts  US,1064 Denesik Ville Unit 8,Wilmington,Massachusetts,Middlesex County,1887.0,42.610319008633255,-71.1660383445316,1652890.85,11237.239999999998
28198544-74a5-4249-8abc-f4fbe412c663,1980-10-14,,999-26-9704,S99946123,X72680666X,Mr.,Julian715,Miller503,,,M,white,nonhispanic,M,Medway  Massachusetts  US,722 Hilll Burg,Easton,Massachusetts,Bristol County,,42.04387561065449,-71.14629467205452,1004154.56,5404.56
5ab441a2-6a32-456c-b615-02acb907e6ed,2002-08-25,,999-52-4747,S99914101,,,Joanne343,McKenzie376,,,,white,nonhispanic,F,Auburn  Massachusetts  US,450 Schamberger Underpass Suite 49,Andover,Massachusetts,Essex County,,42.60441132710744,-71.13534071882259,434051.55,7390.999999999999
ee8fbe08-ffa6-49c1-89f7-20114a3a0ee1,1947-12-24,2015-07-07,999-57-5651,S99933006,X10177843X,Mrs.,Viviana350,Lakin515,,Mueller846,M,white,nonhispanic,F,Wilmington  Massachusetts  US,276 Eichmann Highlands,Middleton,Massachusetts,Essex County,,42.603483138255726,-70.95732699892983,222373.27,21075.53
e4e24cbd-0c14-4c13-b4bf-94cd0f0db90f,1942-10-17,2019-05-08,999-95-2194,S99961467,X9289323X,Mrs.,Soledad678,Klocko335,,Rempel203,M,white,nonhispanic,F,North Reading  Massachusetts  US,204 Zieme Dam Apt 33,Pittsfield,Massachusetts,Berkshire County,1201.0,42.45961369788896,-73.25217265117418,1452834.16,14026.959999999995
0fdcdf55-42de-4abc-ad87-6ff35be331cb,1987-10-10,,999-39-2422,S99934525,X59027989X,Mr.,Earnest658,Davis923,,,M,white,nonhispanic,M,Worcester  Massachusetts  US,496 Stroman Row Suite 82,North Andover,Massachusetts,Essex County,,42.65681053043355,-71.12383113913542,801560.22,8538.32
e7c6ccba-d5bb-4c57-b9ad-fabb56a3a466,1973-05-21,,999-74-9945,S99929470,X3109879X,Mr.,Teddy976,Harvey63,,,M,white,nonhispanic,M,Boston  Massachusetts  US,937 Jacobi Station Suite 76,Greenfield,Massachusetts,Franklin County,,42.57432590183495,-72.55930354779677,1259567.51,4848.8
c291e393-d99f-41bc-aec0-68d997979abc,2005-07-31,,999-56-7853,,,,Verlene883,Cartwright189,,,,white,nonhispanic,F,Wilmington  Massachusetts  US,1083 Metz Estate,Shutesbury,Massachusetts,Franklin County,,42.43977805642229,-72.44207150534709,323489.9,3414.84
b873cd4b-b47a-45b4-b0e4-50e8afb81b2e,2002-01-02,,999-95-2641,S99918287,,Ms.,Rashida558,Bailey598,,,,white,nonhispanic,F,Boston  Massachusetts  US,867 Cormier Station,Medford,Massachusetts,Middlesex County,2145.0,42.389337311795934,-71.07325208248828,421858.01,3346.4
bd3cb7ad-bce2-4678-995c-f4b857850649,1942-04-18,,999-15-4992,S99912426,X18560580X,Mrs.,Trudy596,Luettgen772,,Hermiston71,M,white,nonhispanic,F,Boston  Massachusetts  US,313 Nolan Alley Unit 80,Boston,Massachusetts,Suffolk County,2108.0,42.360330500717744,-71.1283243503179,1523403.11,16000.72
a27847c8-a587-4f7d-a43e-9cde7aa9df2f,1968-10-25,,999-28-3310,S99994033,X78618651X,Mrs.,Dolores502,Lugo857,,Razo972,M,white,hispanic,F,San Salvador  El Salvador  SV,685 Erdman Harbor Suite 53,Southbridge,Massachusetts,Worcester County,1550.0,42.07062009123506,-72.00199985098648,166183.49,20039.49
41254f52-90ab-4086-91f9-f709faf492b2,1989-07-03,,999-18-1095,S99949900,X16596967X,Mr.,Aurelio227,Kiehn525,,,M,asian,nonhispanic,M,Ho Chi Minh City  Gia Định  VN,631 Bahringer Forge,Winthrop,Massachusetts,Suffolk County,2152.0,42.35272010990526,-70.95726862653395,803824.37,10384.08
f110d705-af37-4022-9ae1-60e1238ac16a,2003-07-01,,999-74-6108,S99973492,,,Julissa825,MacGyver246,,,,white,nonhispanic,F,Lynn  Massachusetts  US,848 Fadel Union,Springfield,Massachusetts,Hampden County,1106.0,42.07363624360838,-72.59910756961867,402832.37,3033.0
9aa2ef0c-dc1c-4cb9-870a-4c42b996b8dd,1961-03-13,,999-92-8571,S99939981,X57207617X,Mr.,Jay242,McGlynn426,,,M,black,hispanic,M,Somerville  Massachusetts  US,922 Lindgren Burg Apt 93,Boston,Massachusetts,Suffolk County,2110.0,42.30092696488969,-71.12434173568334,1515421.04,8309.279999999999
d1ba5663-59e4-4f54-9f35-19e00effbe84,1961-02-07,,999-58-5910,S99959090,X11206963X,Mr.,Dominic463,Hilpert278,,,M,white,nonhispanic,M,Brookline  Massachusetts  US,507 Doyle Park,Lynnfield,Massachusetts,Essex County,1940.0,42.51526122571409,-70.99240285651875,1363213.9,5357.839999999999
16a05949-ecc2-4d14-8f7a-0779e90ee4c5,1956-02-09,,999-68-4308,S99952405,X5677599X,Mr.,Herb645,Larkin917,,,M,white,nonhispanic,M,Chelsea  Massachusetts  US,278 Kling Crossing Unit 90,Weymouth,Massachusetts,Norfolk County,,42.21183078418503,-70.89394242377878,1489914.84,6481.879999999999
05846dac-8d16-4b9c-a443-64487501d1b8,1973-10-03,,999-27-4720,S99929988,X33318438X,Mr.,Tory770,Toy286,,,M,white,nonhispanic,M,Watertown  Massachusetts  US,517 Kiehn Green Suite 3,Falmouth,Massachusetts,Barnstable County,2540.0,41.5863808920004,-70.6168823629246,957502.03,3872.04
42a571f9-d04a-471d-bf7c-c7cd9ec0935b,1975-03-12,,999-76-6806,S99990529,X89304052X,Mr.,Ervin886,Weissnat378,,,M,white,nonhispanic,M,Methuen  Massachusetts  US,574 Nicolas Parade Unit 39,Lawrence,Massachusetts,Essex County,1843.0,42.67760825600396,-71.11800512920082,1199775.82,3073.92
3c412dd2-bdd8-42af-b8af-1e567f03e76c,1970-05-07,,999-86-8183,S99921821,X50447075X,Mr.,Rickie717,Schneider199,,,S,white,nonhispanic,M,Peabody  Massachusetts  US,551 Brakus Ramp Unit 41,Rehoboth,Massachusetts,Bristol County,,41.858743861555695,-71.24487570106739,1265780.79,4500.44
8f4a7e4a-22cb-4fe0-92c0-808e31a61012,1967-08-31,,999-99-7325,S99971680,X66211106X,Ms.,Tandra334,McClure239,,,S,white,nonhispanic,F,Avon  Massachusetts  US,407 Morar Route Apt 8,Dalton,Massachusetts,Berkshire County,,42.48306898923696,-73.20020894021434,1081923.49,15166.52
41332826-3d56-44cf-abb7-7a0180a49657,2006-01-21,,999-20-4830,,,,Emanuel231,Hills818,,,,white,nonhispanic,M,Cambridge  Massachusetts  US,956 Conn Branch Apt 70,Lynn,Massachusetts,Essex County,1940.0,42.42807198577346,-70.93325288744816,25984.0,3269.08
8958ac61-6936-496d-8899-89a1d6b998a7,2001-02-01,,999-84-5444,S99914048,,Mr.,Sherman440,Smith67,,,,black,hispanic,M,Duxbury  Massachusetts  US,677 Schmitt Park Apt 6,Waltham,Massachusetts,Middlesex County,2451.0,42.36600005046956,-71.18971289116999,447609.42,7084.319999999999
f9054793-8145-464b-9186-16844ac3a522,2000-03-05,,999-36-8314,S99976886,X76051090X,Ms.,Josephine273,Stroman228,,,,white,nonhispanic,F,Shrewsbury  Massachusetts  US,670 Strosin Overpass,Fall River,Massachusetts,Bristol County,2790.0,41.642728958414025,-71.09178166371592,537848.84,2846.48
46d8bd00-3ae2-40b3-96b4-a0a97a1560d3,2000-09-08,,999-90-6653,S99916149,,Ms.,Jacquelin132,Johnston597,,,,white,nonhispanic,F,Pittsfield  Massachusetts  US,360 Larkin Mews Suite 61,Worcester,Massachusetts,Worcester County,,42.37647610853759,-71.76769658260292,476746.34,3733.04
909ac6d9-5448-451d-adb5-8de1f2adb1ac,2003-06-19,,999-35-1052,S99932027,,,Colby655,Kunde533,,,,white,nonhispanic,M,Lincoln  Massachusetts  US,743 Renner Orchard Unit 90,Fitchburg,Massachusetts,Worcester County,,42.57442263407003,-71.8569432400047,59508.94,19020.01
da319b46-7ea4-4152-87d4-ae9e37b8f532,1922-01-25,2011-11-23,999-91-4476,S99992025,X61923913X,Mr.,Mohammed454,Fay398,,,M,white,nonhispanic,M,New Bedford  Massachusetts  US,104 Glover Forge Apt 85,Grafton,Massachusetts,Worcester County,,42.19817319709789,-71.66997449002336,1801692.96,20775.16
2b26a9fb-728d-4595-a78f-76aaa9a698d9,1910-06-26,1973-08-22,999-86-5791,S99931838,X71719475X,Mr.,Jae222,Romaguera67,,,M,white,nonhispanic,M,Springfield  Massachusetts  US,905 Blanda Forge Unit 89,Oak Bluffs,Massachusetts,Dukes County,,41.49071145976071,-70.56652469950184,1310913.14,13273.2
0d4b87e5-4bff-414d-9834-c1e1f1d19304,2002-11-10,,999-39-9780,S99981546,,,Eloy929,Wyman904,,,,white,nonhispanic,M,Monterey  Massachusetts  US,1010 Luettgen Ferry Suite 78,Windsor,Massachusetts,Berkshire County,,42.559266712857706,-73.08138262516606,5733.74,0.0
f4471d9a-f458-4d79-95d4-a1bb19869b29,1993-09-21,,999-36-3607,S99941248,X70504791X,Ms.,Huong243,Schumm995,,,,white,nonhispanic,F,Hanover  Massachusetts  US,582 Windler Mews,Cambridge,Massachusetts,Middlesex County,2139.0,42.34898678245708,-71.05030309145937,45329.33,433.2799999999999
5735080a-b9d4-42b6-b068-b53feb1fa713,2003-06-05,,999-72-3567,S99985883,,,Earlean804,Ward668,,,,white,nonhispanic,F,Haverhill  Massachusetts  US,1073 Hirthe Parade,Worcester,Massachusetts,Worcester County,1603.0,42.32352035811208,-71.78676327649303,30077.01,384.9599999999999
db21f1ab-646a-4334-9f54-9b63d4b9eda2,1969-03-10,,999-34-3036,S99968095,X44033753X,Mrs.,Reina25,Caballero789,,Altamirano540,M,white,hispanic,F,Puebla  Puebla  MX,657 Lind View,Merrimac,Massachusetts,Essex County,,42.84940038601274,-71.04400646424504,1155174.44,10569.089999999998
49099568-fdbc-45e9-9538-ba573968943b,1914-10-03,2017-02-25,999-48-3257,S99959234,X78268182X,Ms.,Shira43,Jacobi462,,,S,white,nonhispanic,F,Springfield  Massachusetts  US,537 Boehm Course,Norwood,Massachusetts,Norfolk County,2062.0,42.16714610945493,-71.23546103514177,1689440.81,909165.4400000016
b39b10a4-7763-4f89-b822-e37b9dd82710,1947-03-17,,999-90-7421,S99998172,X29286483X,Mr.,Homer307,Berge125,,,M,white,nonhispanic,M,Boston  Massachusetts  US,492 Rohan Pathway,Hudson,Massachusetts,Middlesex County,1749.0,42.35300425667731,-71.57639436363915,1437758.84,7575.429999999999
695b4d5f-9ef5-4684-95de-9df0a980003a,1990-11-01,,999-83-1401,S99999148,X65722857X,Mrs.,Yolanda648,Riojas420,,Mateo562,M,white,hispanic,F,Tegucigalpa  Francisco Morazán  HN,419 Mitchell Fork Suite 13,Boston,Massachusetts,Suffolk County,2109.0,42.329451766209466,-71.00078116091976,699095.53,10057.399999999998
d60477c1-84f1-443f-869a-c942cde1299b,2015-01-14,,999-32-6401,,,,Rona40,Funk324,,,,white,nonhispanic,F,Dalton  Massachusetts  US,606 Bednar Parade,Worcester,Massachusetts,Worcester County,1583.0,42.21643314815186,-71.7271947284153,24830.05,704.9599999999999
2e89f0c6-5771-4c09-9c05-6a4b66b29cb8,1963-12-21,,999-98-7168,S99984853,X46740503X,Mrs.,Penny812,Rolfson709,JD,McDermott739,M,white,nonhispanic,F,Chicopee  Massachusetts  US,196 Cartwright Road Apt 28,Cambridge,Massachusetts,Middlesex County,2140.0,42.35597681202461,-71.14311879277867,1120870.9,9649.27
6c5057ee-c83f-4b51-9888-75b9953cde99,1914-10-03,,999-72-8988,S99960882,X26046251X,Mrs.,Oneida64,Haag279,,MacGyver246,M,white,nonhispanic,F,Worcester  Massachusetts  US,163 Schulist Crossing,Norwood,Massachusetts,Norfolk County,2090.0,42.233959510728816,-71.24522427276032,1438740.31,29921.209999999995
b69ed8d8-b67a-4091-8eb0-35cccb90752e,1962-09-29,,999-63-3021,S99915542,X32342383X,Mr.,Gavin481,Hand679,,,M,white,nonhispanic,M,Boston  Massachusetts  US,241 O'Keefe Green,Upton,Massachusetts,Worcester County,,42.18824782910452,-71.60650131112916,1402192.29,6363.599999999999
da1a7a6c-bfc5-4bca-b431-44c2a94046dd,2000-08-03,,999-51-3623,S99935952,,Mr.,Buck819,Olson653,,,,white,nonhispanic,M,Worcester  Massachusetts  US,448 Beier Road Apt 17,Franklin,Massachusetts,Norfolk County,2038.0,42.12347253183079,-71.45912584462306,430359.65,3195.54
90715c3f-7733-43e8-b6f7-552886408250,1947-11-02,,999-40-1814,S99928571,X34822640X,Mr.,Lucas404,Salcedo309,,,M,white,hispanic,M,Juarez  Chihuahua  MX,588 Ebert Promenade Suite 88,Stoneham,Massachusetts,Middlesex County,,42.47896926282015,-71.11839620160613,1746549.31,7059.49
ba77c232-5d43-49c8-b707-fb48af40a892,2013-06-11,,999-68-6992,,,,Pilar644,Rendón540,,,,black,hispanic,F,Bogota  Bogota  CO,663 Olson Route,Westborough,Massachusetts,Worcester County,1581.0,42.281107123472026,-71.63094398117023,162044.96,2114.88
6e9ef160-ce2c-4401-8941-0fe84bef4218,1974-08-12,,999-94-8103,S99986930,X42271125X,Ms.,Anissa357,Wisozk929,,,S,black,nonhispanic,F,Canton  Massachusetts  US,327 Eichmann Corner,Boston,Massachusetts,Suffolk County,2131.0,42.2933977449162,-71.10632832888294,436539.51,5977.469999999999
18105d61-4858-481e-b5c3-ac408e61cc6f,2006-08-06,,999-76-8936,,,,Delaine470,O'Conner199,,,,white,nonhispanic,F,Lawrence  Massachusetts  US,531 Stracke Byway,Brockton,Massachusetts,Plymouth County,2302.0,42.115677135244766,-71.02302291599861,26425.98,714.9599999999999
a86b09bd-2593-46f4-96f2-a7168abbeb29,1941-09-30,2017-10-13,999-16-1744,S99926807,X26941726X,Ms.,Willena258,Tillman293,,,S,white,nonhispanic,F,Bolton  Massachusetts  US,384 Cronin Gateway,Dartmouth,Massachusetts,Bristol County,,41.56998646661763,-70.95580540936541,1315889.71,29139.1
cfab5d19-403a-4a81-8ba1-ed9c3991cec3,1989-02-12,,999-91-7211,S99915420,X87428981X,Mrs.,Verdell500,Barrows492,,Cummerata161,M,white,hispanic,F,Tewksbury  Massachusetts  US,277 Thiel Quay Unit 1,Boston,Massachusetts,Suffolk County,2203.0,42.31140182742062,-71.17357766338009,70196.41,9531.04
fa3710d3-caa2-4872-8e52-ca30ad09746f,1939-04-23,,999-71-6824,S99946719,X24538892X,Mrs.,Buena501,Wunsch504,,Raynor401,M,white,nonhispanic,F,Framingham  Massachusetts  US,743 Pfannerstill Vale,Quincy,Massachusetts,Norfolk County,,42.27377257042061,-71.05596305248753,1623315.28,122958.24999999996
1992d70d-500c-4191-85a2-1e10149306f6,1940-03-16,,999-99-1707,S99926792,X11779394X,Mr.,Dorian295,Conroy74,,,M,white,nonhispanic,M,Wrentham  Massachusetts  US,579 Konopelski Parade,Colrain,Massachusetts,Franklin County,,42.68211420308825,-72.73066364230218,1621579.59,13395.63
430b9656-8c6b-4e18-9688-c32918d31c32,1999-06-29,,999-11-1658,S99985624,X56965093X,Ms.,Shaquita282,Gutmann970,,,,black,nonhispanic,F,Quincy  Massachusetts  US,563 Miller Wall Apt 50,Holyoke,Massachusetts,Hampden County,,42.19404737764329,-72.6872000324818,65114.72,5393.39
0f4169ce-ae8e-42cf-bd40-d7ed569a0628,1933-08-13,2015-08-25,999-20-7639,S99996888,X35992844X,Mr.,Margarito178,Turner526,,,S,white,nonhispanic,M,Tewksbury  Massachusetts  US,447 Graham Throughway Suite 27,Oak Bluffs,Massachusetts,Dukes County,,41.432167997824976,-70.55320554842834,1699775.88,9491.19
43acd08e-4dd1-4fc0-983d-4133bd2ca8b9,1974-09-16,,999-31-5846,S99958788,X79160527X,Mr.,Mason910,Fahey393,,,M,white,nonhispanic,M,Taunton  Massachusetts  US,154 Crona Gardens Unit 73,Cambridge,Massachusetts,Middlesex County,2138.0,42.40228209530854,-71.09164192114004,1228759.76,3148.08
ec7f8c6f-65e3-4655-a6ec-a565f61b9e76,1998-10-24,,999-72-1499,S99996938,X35252555X,Ms.,Genesis248,Ziemann98,,,,white,nonhispanic,F,Everett  Massachusetts  US,978 Zemlak Ferry Unit 82,Taunton,Massachusetts,Bristol County,2767.0,41.98156161379934,-71.05824176229213,470792.64,4375.49
9678a52c-1d9a-40db-ac8d-0376b7ab8bd0,1999-06-11,,999-85-7227,S99948315,X80545655X,Ms.,Dawn804,Hilll811,,,,white,nonhispanic,F,Revere  Massachusetts  US,154 Casper Hollow Suite 88,Lowell,Massachusetts,Middlesex County,1852.0,42.59090245116335,-71.28438810260698,481394.36,6184.439999999999
54f96e57-3a62-4435-864e-e7d8eb7e0c1a,1954-12-02,,999-95-7500,S99919791,X48638506X,Mrs.,Tobi258,Dach178,,Rau926,M,white,hispanic,F,Brookline  Massachusetts  US,810 Lang Fort,Westfield,Massachusetts,Hampden County,1086.0,42.18774283122353,-72.80786860203838,208544.62,16092.1
6d09a374-6874-4aee-b4d9-1a0c7475db42,1962-10-26,,999-52-9626,S99932292,X81584990X,Mrs.,Marketta481,Franecki195,,D'Amore443,M,white,nonhispanic,F,Boston  Massachusetts  US,752 Smitham Flat Apt 56,Brookline,Massachusetts,Norfolk County,2446.0,42.3122190593456,-71.12355165864524,1084183.02,19656.03
f82eeb7e-bb9c-412f-9ad6-b343046bd106,1957-04-08,,999-81-1744,S99933308,X64191366X,Mrs.,Malia984,Wunsch504,,Nader710,M,asian,nonhispanic,F,Daegu  Daegu  KR,924 Braun Key Unit 78,Boston,Massachusetts,Suffolk County,2199.0,42.36630822856118,-71.01566543844086,1447534.33,9772.11
476e877f-918b-4a47-956f-e26c7bfd9c70,1966-09-26,,999-46-7158,S99926652,X29691080X,Mr.,Rodrick370,Parker433,,,M,white,nonhispanic,M,Boston  Massachusetts  US,156 Runolfsdottir Terrace Unit 1,Mattapoisett,Massachusetts,Plymouth County,,41.62595689799237,-70.76454380720077,1433454.69,5293.759999999999
c3c46ef1-6d12-49c7-9de7-9771774c85bd,1983-02-22,,999-79-9925,S99943497,X87952842X,Mrs.,Julianne852,Wilkinson796,,Cormier289,M,white,nonhispanic,F,Somerville  Massachusetts  US,176 Spencer Rapid Suite 69,Dedham,Massachusetts,Norfolk County,,42.29201606113673,-71.20449572613269,840382.51,9313.98
6a22573c-86e3-457e-9459-7ad0262ef184,2004-12-26,,999-41-1060,,,,Jeannine438,Legros616,,,,white,nonhispanic,F,Nantucket  Massachusetts  US,920 Volkman Brook,Lenox,Massachusetts,Berkshire County,1240.0,42.34146001998072,-73.2988672841199,352438.25,2975.64
132cf5d2-3181-4ecd-a0e3-7e2cbcfe5373,1950-02-01,,999-41-2128,S99974636,X83885014X,Mr.,Hugh686,Cartwright189,,,S,white,nonhispanic,M,Southbridge  Massachusetts  US,203 Fritsch Estate Apt 93,Arlington,Massachusetts,Middlesex County,,42.38777878312239,-71.19654124344267,35189.59,3172.83
802b9e8b-b182-4a87-aa84-dc98b05850cd,1976-09-16,,999-33-2383,S99960487,X42312324X,Mr.,Jae222,Pacocha935,,,M,white,nonhispanic,M,Waltham  Massachusetts  US,1026 Mitchell Gardens,Holbrook,Massachusetts,Norfolk County,2343.0,42.19183123720761,-71.07923228860552,950867.87,9923.12
fc4acc2d-14af-4dab-a3da-49911ea60aa8,1932-06-17,2014-12-29,999-62-9028,S99949668,X14844623X,Mr.,Bernard308,Hackett68,,,M,white,nonhispanic,M,Ashland  Massachusetts  US,961 Barrows Course,Andover,Massachusetts,Essex County,1810.0,42.6365120629804,-71.20637878621099,1466998.6,10405.96
48f9496b-2e93-4ea3-b663-2ac74baa1228,1957-09-28,,999-82-4100,S99952693,X17870817X,Mr.,Lucius907,Toy286,,,M,white,nonhispanic,M,Somerset  Massachusetts  US,355 Kuphal Rapid,Worcester,Massachusetts,Worcester County,1610.0,42.20053484352333,-71.76137433545976,11339.77,0.0
921ddbfb-3d10-464a-8c36-8bbb33f9a739,1958-01-01,2018-02-28,999-48-2923,S99933189,X49188492X,Mrs.,Mabelle762,Block661,,Nienow652,M,white,nonhispanic,F,Lawrence  Massachusetts  US,715 Shields Forge,Hudson,Massachusetts,Middlesex County,,42.43266290872633,-71.50427602348915,1434995.15,8856.97
f459ed7e-511c-44d4-a158-88371557b122,1940-06-11,2001-09-18,999-29-7512,S99993421,X61674363X,Mr.,Margarito178,Ziemann98,,,S,white,nonhispanic,M,Medford  Massachusetts  US,1089 Simonis Village,Watertown,Massachusetts,Middlesex County,2472.0,42.338722317649776,-71.17316238045248,1489199.18,8340.8
eee02e18-0714-41cf-95b3-6363788fe14a,1973-10-25,,999-72-9123,S99927260,X18345208X,Ms.,Carolyne559,Torp761,,,S,black,nonhispanic,F,Attleboro  Massachusetts  US,371 Schneider Route,Easthampton,Massachusetts,Hampshire County,1027.0,42.2871370252536,-72.70643598356526,1060908.99,6636.039999999999
fd65c676-cceb-480e-837a-7af6d8a70c9a,2014-05-13,,999-31-9960,,,,Diego848,Borrego496,,,,black,nonhispanic,M,La Paz  Baja California  MX,244 Eichmann Overpass Unit 18,Revere,Massachusetts,Suffolk County,,42.44112220981626,-70.99672418711732,146477.28,2129.88
3f4718ce-a747-4d26-8f05-f5d14ceccb0a,1984-05-06,,999-82-8634,S99998083,X34869319X,Mrs.,Angeles319,Spinka232,,Steuber698,M,white,nonhispanic,F,Boston  Massachusetts  US,730 Jenkins Light Unit 59,Boston,Massachusetts,Suffolk County,2116.0,42.36966012888463,-71.074302166048,887442.95,5122.879999999999
ceb454dc-cd83-4d14-9e44-a6156e7eda63,2002-03-03,,999-95-7203,S99967102,,Mr.,Mack300,Kuhn96,,,,white,nonhispanic,M,Boston  Massachusetts  US,756 Hegmann Trailer,Brookline,Massachusetts,Norfolk County,2446.0,42.3331254674714,-71.16976312206369,491800.26,2827.32
6e7a7132-7afe-4d9d-a3ab-3d423ee79c1f,1997-04-03,,999-36-3992,S99929853,X6135373X,Mr.,Boyce638,Bartell116,,,,asian,nonhispanic,M,Wellesley  Massachusetts  US,401 Walter Trace Apt 6,Belchertown,Massachusetts,Hampshire County,1007.0,42.31550047569063,-72.38103575363223,587774.46,4367.16
b20f1cc9-d1dc-4efd-95ba-b5c0d6dff518,2004-06-17,,999-56-3309,,,,Obdulia648,Lehner980,,,,white,nonhispanic,F,Boston  Massachusetts  US,624 Hartmann Run,Chelmsford,Massachusetts,Middlesex County,,42.59535326300495,-71.37905521663919,11794.41,0.0
cff06f6b-6b0f-41e4-abd5-4edd7ad5a834,2016-03-19,,999-88-9656,,,,Pedro316,Lozada73,,,,asian,hispanic,M,San Salvador  El Salvador  SV,139 Toy Green,Boston,Massachusetts,Suffolk County,2136.0,42.3426781897513,-71.05018850750095,102402.95,2064.04
ed4900e4-c882-4c77-8a70-6d893e637aba,1978-11-04,,999-46-4786,S99977888,X9343307X,Mrs.,Shani239,Farrell962,,Franecki195,M,white,nonhispanic,F,Newton  Massachusetts  US,324 Johnston Corner,Boston,Massachusetts,Suffolk County,2130.0,42.33563704598847,-71.0139825442151,934497.29,7186.219999999998
91e3e8dc-58ed-43b6-a685-49f5e4d2069f,1958-02-15,,999-75-3000,S99954767,X76929970X,Mr.,Vicente970,Williamson769,,,M,white,nonhispanic,M,Sheffield  Massachusetts  US,327 Considine Pathway Suite 84,Sterling,Massachusetts,Worcester County,,42.433248120622,-71.73748759428716,1611299.73,9969.12
ed8f7895-4ada-4119-87e3-9bda4def4dbf,1960-06-28,,999-40-4701,S99946102,X77176931X,Mr.,Rory188,McKenzie376,,,M,white,nonhispanic,M,Sandwich  Massachusetts  US,1069 Gulgowski Walk Suite 3,Lynn,Massachusetts,Essex County,1901.0,42.51599546655344,-70.95458580212026,1452418.26,5784.48
8af277d9-8116-4773-b8aa-f46697aa365c,1979-06-22,,999-60-7934,S99939337,X7430657X,Mr.,Dwain139,O'Conner199,,,S,white,nonhispanic,M,Belmont  Massachusetts  US,776 Schimmel Ferry,Worcester,Massachusetts,Worcester County,1610.0,42.288261411063466,-71.78888589339917,860555.3,5741.04
cb95b396-247f-482f-9f88-096c61cf8829,1991-02-23,,999-72-2546,S99965233,X41091836X,Mr.,Agustín529,Pedroza523,,,M,white,hispanic,M,Santiago  Santiago Province  CL,643 Smitham Ville Unit 80,Gloucester,Massachusetts,Essex County,,42.62083645585703,-70.69216422950133,674108.61,7067.599999999999
1dc4bf76-2953-4ff8-b373-792614f831c4,2008-08-23,,999-76-2119,,,,Rey54,Hackett68,,,,white,nonhispanic,M,Salem  Massachusetts  US,856 Parker Bypass,Swansea,Massachusetts,Bristol County,,41.73495571751648,-71.1677173495827,298923.25,3067.32
bc627d4a-197d-4470-a3c6-c09c5c19e1f2,1969-01-20,,999-46-3687,S99958983,X58420955X,Ms.,Delicia67,Carter549,,,S,white,nonhispanic,F,Springfield  Massachusetts  US,833 Abshire Green,Malden,Massachusetts,Middlesex County,2155.0,42.44794909775631,-71.1401352062093,1026459.19,12295.099999999997
cc8e318d-5e0c-4312-b6c0-7619488b9762,1999-08-30,,999-93-7151,S99978476,X52542752X,Ms.,Lilliam592,Thompson596,,,,white,nonhispanic,F,Dartmouth  Massachusetts  US,711 Paucek Terrace,Wakefield,Massachusetts,Middlesex County,1880.0,42.56390554616227,-70.99012075522212,434934.96,4245.44
90e59d8b-617e-4e91-800c-7572794364d8,1989-10-26,,999-98-8750,S99973121,X13064544X,Mrs.,Guillermina633,Wunsch504,,Sanford861,M,white,nonhispanic,F,Worcester  Massachusetts  US,974 Tremblay Branch,Milford,Massachusetts,Worcester County,1757.0,42.16918901660075,-71.52213126958227,634639.08,5501.919999999999
d7b48d50-d875-44cf-9486-64300b5f4d4c,1973-12-24,,999-48-2937,S99990470,X66199264X,Mrs.,Kyung736,Cartwright189,,Hudson301,M,white,nonhispanic,F,North Reading  Massachusetts  US,445 Cummings Dale,Brookline,Massachusetts,Norfolk County,2467.0,42.31629835704146,-71.09833396190012,149392.97,14616.489999999998
e01f1215-ad82-4281-b8ec-b7c9beac4536,1951-02-19,,999-26-1208,S99946689,X57872320X,Mr.,Orval846,Cartwright189,,,M,black,nonhispanic,M,Uxbridge  Massachusetts  US,331 Aufderhar Flat,Springfield,Massachusetts,Hampden County,1013.0,42.14989784841485,-72.6396639667461,1505012.72,6589.74
7e407936-dee5-44ee-93a1-5715dfd9cc1a,2006-12-22,,999-27-8945,,,,Lucien408,Breitenberg711,,,,white,hispanic,M,Brookline  Massachusetts  US,822 Carroll Byway,Lynn,Massachusetts,Essex County,1902.0,42.47692969094018,-70.97763581695317,23006.94,1369.92
64861ef0-310b-44f1-afa8-f34a01b05209,1986-06-08,,999-79-5340,S99935471,X1528902X,Mrs.,Isis628,Thompson596,,Hauck852,M,white,nonhispanic,F,Lexington  Massachusetts  US,319 Grady Corner Apt 21,Boston,Massachusetts,Suffolk County,2118.0,42.30412103806657,-71.14712002170624,112043.11,11513.08
2bc387b0-ef43-4fef-b34a-5260447de379,1940-06-11,,999-65-6424,S99918507,X40701276X,Mr.,Reginald96,Stiedemann542,,,S,white,nonhispanic,M,Ludlow  Massachusetts  US,909 Wunsch Row,Watertown,Massachusetts,Middlesex County,,42.400527051336034,-71.20823061219427,1537544.54,12711.4
84ee4a88-a51c-483b-ad57-a4afc9d1e9e5,1996-09-17,,999-18-7631,S99965566,X38629919X,Ms.,Jeffrey461,Russel238,,,,white,nonhispanic,F,Haverhill  Massachusetts  US,344 Schulist Underpass Suite 32,Hingham,Massachusetts,Plymouth County,2043.0,42.18620856605464,-70.87646862927173,487094.81,4820.57
f3cecab0-d15f-48ae-9d3b-2d47c3499782,1965-08-10,,999-51-9192,S99976763,X52630640X,Ms.,Jacquelin132,Abernathy524,,,S,white,nonhispanic,F,Brookline  Massachusetts  US,609 Cartwright Overpass Apt 12,Belchertown,Massachusetts,Hampshire County,,42.32661349849476,-72.41202316764428,1260715.17,7575.959999999999
77a612eb-edc5-4d65-8d54-5e891b6f4057,2018-11-29,,999-97-3039,,,,Chelsey293,Lind531,,,,white,nonhispanic,F,Taunton  Massachusetts  US,949 Brown Flat Suite 31,Taunton,Massachusetts,Bristol County,2718.0,41.9011695292805,-70.97300047248889,3900.55,913.28
fbbf4887-a224-481b-90d4-c29040a002a5,2012-07-30,,999-85-7373,,,,Shawn523,Prosacco716,,,,white,nonhispanic,M,Worcester  Massachusetts  US,782 Thiel Camp,Charlton,Massachusetts,Worcester County,,42.14069629202697,-72.00307646038092,171648.61,2499.84
8ac9a8df-b3a7-4c17-bf53-42cdb6d56c15,1965-08-27,,999-68-8259,S99912623,X28444256X,Mrs.,Leeanna836,Howell947,,Mertz280,M,white,nonhispanic,F,Waltham  Massachusetts  US,209 Rippin Plaza Unit 68,West Brookfield,Massachusetts,Worcester County,,42.23025241954142,-72.20772093925424,1093964.13,13792.729999999998
f84fa963-bb1e-4887-ac5f-d804c4d86bfb,1998-05-25,,999-74-6834,S99957709,X23480394X,Ms.,Iluminada398,Emmerich580,,,,white,hispanic,F,Auburn  Massachusetts  US,817 Olson Ramp,Boston,Massachusetts,Suffolk County,2118.0,42.36535183788031,-71.01420187868972,464005.6,3762.22
6058da5e-be42-4d7d-9e43-fe611c48531f,2018-02-18,,999-12-9793,,,,Brett333,Prohaska837,,,,white,nonhispanic,F,Burlington  Massachusetts  US,649 Farrell Fork,Cambridge,Massachusetts,Middlesex County,,42.369365609012114,-71.11844660224241,7131.1900000000005,1300.76
7bfb0201-fdbb-4846-9db0-2653e9d01ebf,1955-01-20,,999-63-2628,S99924186,X37351692X,Mrs.,Cameron381,Oberbrunner298,,Doyle959,M,white,nonhispanic,F,Boston  Massachusetts  US,275 Blick Burg Suite 94,Methuen,Massachusetts,Essex County,1841.0,42.72975762466971,-71.20859453341343,1471094.35,8605.88
8f73b821-ffaa-4e3c-b33e-dc5a04eca167,1955-06-14,,999-69-9934,S99932409,X6907837X,Mr.,Arlen68,Mosciski958,,,M,white,nonhispanic,M,Cambridge  Massachusetts  US,139 Torp Key,Northbridge,Massachusetts,Worcester County,,42.12756085474692,-71.69661810776795,1490587.09,6008.599999999999
005a2319-85cd-40b6-b0bc-749cef080c7e,1986-06-21,,999-92-1667,S99956020,X11133708X,Mrs.,Kyla51,Mertz280,,Keeling57,M,white,nonhispanic,F,Boston  Massachusetts  US,648 Herman Wynd Apt 64,Charlton,Massachusetts,Worcester County,,42.11123806489066,-72.0169695546061,696530.86,7573.599999999999
a09b876e-8557-4f4e-868f-79f0187bdc24,1951-04-29,,999-49-1613,S99953052,X22086899X,Mr.,Renato359,Towne435,,,M,white,nonhispanic,M,North Attleborough  Massachusetts  US,779 Leffler Terrace Unit 38,Woburn,Massachusetts,Middlesex County,1890.0,42.41549408785209,-71.17755059511833,1502317.35,8328.369999999999
06b0a9bc-96c6-4b99-84c0-60ea04eceb3a,1999-08-21,,999-60-8560,S99968385,X7034375X,Ms.,Elnora999,Rodriguez71,,,,white,nonhispanic,F,Swansea  Massachusetts  US,681 Bayer Highlands Unit 83,Brookline,Massachusetts,Norfolk County,2446.0,42.30268529862505,-71.11388822482597,452373.11,3249.72
470a1368-5596-4d38-9593-e5d67a6e156d,1919-11-12,2020-03-14,999-87-2232,S99917067,X68482417X,Mr.,Vernon254,Cormier289,,,M,white,nonhispanic,M,Lexington  Massachusetts  US,834 Reynolds Arcade Apt 18,Hanover,Massachusetts,Plymouth County,,42.12489246571721,-70.81712589900891,1599600.2,11614.57
3990e37c-60ec-4585-aa05-2e6ce41d3324,1937-06-15,,999-92-4999,S99965524,X69387644X,Mr.,Erick204,Graham902,,,M,white,hispanic,M,Gardner  Massachusetts  US,967 Langworth Brook Suite 49,Chicopee,Massachusetts,Hampden County,1022.0,42.20134057199824,-72.57041146574416,1471969.11,17761.399999999998
e7e62a13-77e9-4a57-8d8e-2252d810f4d1,2015-01-03,,999-10-3293,,,,Lakeshia836,Ratke343,,,,white,nonhispanic,F,Gardner  Massachusetts  US,1089 Huel Mews,New Bedford,Massachusetts,Bristol County,2746.0,41.58399637015872,-70.99796150444256,21482.32,516.64
7304f445-32c2-456f-9f14-d55e194d20e7,1992-09-01,,999-12-6256,S99997675,X36993118X,Mr.,Stewart672,Feil794,,,M,white,nonhispanic,M,Chelsea  Massachusetts  US,912 Jacobson Bridge,Waltham,Massachusetts,Middlesex County,2451.0,42.36062024819702,-71.21183211425101,637557.76,3281.36
0365fa07-be37-4d91-9634-c4a32f6e4b44,1979-12-27,,999-70-1808,S99957836,X36713401X,Mr.,Napoleon578,Feeney44,,,M,asian,nonhispanic,M,Wenham  Massachusetts  US,889 Leannon Union,Acton,Massachusetts,Middlesex County,,42.43461842491132,-71.40059805828302,883857.55,6232.639999999999
a17476f2-b2dc-44b9-8124-2c61b01ae387,1938-10-10,,999-91-7798,S99980800,X44937856X,Mrs.,Tanesha560,Goyette777,,Stracke611,M,white,nonhispanic,F,Newton  Massachusetts  US,857 Kulas Road,Tyringham,Massachusetts,Berkshire County,,42.26640717872025,-73.15584065774762,1514758.46,227882.58999999997
cfe1ccae-2d8d-4307-8e7b-9dbb65d9eada,1969-11-20,,999-21-1965,S99958404,X2110873X,Mr.,Phil587,Ankunding277,,,M,white,nonhispanic,M,Stoneham  Massachusetts  US,290 Sporer Park Unit 41,East Bridgewater,Massachusetts,Plymouth County,,42.01819786976765,-70.90674725687222,1157620.39,4394.56
435922f8-b11e-4251-8ea2-c2e21eaeb4de,2005-09-17,,999-87-4180,,,,Ezequiel972,Crist667,,,,white,nonhispanic,M,Plymouth  Massachusetts  US,902 Welch Bridge,Amesbury,Massachusetts,Essex County,1913.0,42.83832660288824,-70.94187000079611,337046.84,3303.96
f940e287-9b01-4454-ae30-44ced5283925,1978-03-06,,999-92-8989,S99944816,X7910337X,Mrs.,Kandis954,Keeling57,,Hickle134,M,white,nonhispanic,F,Fall River  Massachusetts  US,615 Kuphal Mission Unit 22,Haverhill,Massachusetts,Essex County,,42.79131634962124,-71.05643192696262,790952.5800000001,10054.7
f44d021d-ba9f-4594-8fdb-4c27fb9a6c33,1975-12-30,,999-61-2164,S99910464,X60720349X,Mrs.,Dominque770,Conroy74,,Zulauf375,M,white,nonhispanic,F,Falmouth  Massachusetts  US,405 Lebsack View,Springfield,Massachusetts,Hampden County,1106.0,42.05557422768256,-72.61925052382549,938376.04,7287.5999999999985
f41a65bc-227e-4198-a48c-eb082b33875a,1963-02-22,,999-87-3076,S99991993,X43700305X,Mr.,Kelley882,Kohler843,,,M,white,nonhispanic,M,Boston  Massachusetts  US,943 Kris Corner,Beverly,Massachusetts,Essex County,,42.51130639456339,-70.879780811042,1523862.92,7454.32
3fa2f1b0-98ca-4d88-b519-a50702c9c738,1965-09-22,,999-93-5369,S99981406,X77014117X,Mr.,Genaro214,Weber641,,,S,white,nonhispanic,M,Lowell  Massachusetts  US,258 Roob Ville,Chatham,Massachusetts,Barnstable County,,41.70312413531467,-69.94616634367837,1328797.87,5734.49
36fc144e-a673-4cdd-ae49-9381f8de107e,1976-06-12,,999-64-8206,S99919297,X24075099X,Mr.,Napoleon578,Wilkinson796,,,M,white,nonhispanic,M,Chicopee  Massachusetts  US,946 Will Road Apt 32,Webster,Massachusetts,Worcester County,1570.0,42.00336919051632,-71.8248696212063,8136.21,0.0
09dff46c-4ef5-40ac-a81e-da4953e4fa7b,2003-05-01,,999-90-2179,S99961603,,,Jodee687,Prosacco716,,,,white,nonhispanic,F,Edgartown  Massachusetts  US,612 Walsh Key Suite 17,Newton,Massachusetts,Middlesex County,,42.3152145580514,-71.19755317011796,393908.0,3120.6
ce901c8f-5d39-4f51-968b-75198575151b,1968-02-22,,999-14-6874,S99978243,X72767305X,Mrs.,Kam191,Reichert620,,Klocko335,M,white,nonhispanic,F,Somerville  Massachusetts  US,473 Green Fork Suite 76,Ashland,Massachusetts,Middlesex County,,42.29713973691055,-71.50529584822058,1181743.63,10721.3
019078cb-6952-4ef4-a109-12795cd9d588,1936-11-24,2008-07-30,999-13-8503,S99921050,X82888028X,Ms.,Dania217,Bode78,,,S,white,hispanic,F,Braintree  Massachusetts  US,768 Nolan Skyway,North Andover,Massachusetts,Essex County,,42.70877278408529,-71.07166139017004,1530832.9,11124.839999999998
6b70678f-2ab4-4ba3-8bb3-978fed38591e,1981-07-02,,999-87-8571,S99961485,X53130794X,Ms.,Sofia418,Castro740,,,S,white,hispanic,F,Santiago  Santiago Province  CL,664 Leffler Rapid,Boston,Massachusetts,Suffolk County,2215.0,42.28789258962645,-71.17287819776003,822023.46,6766.679999999999
592b4900-78f5-43f2-a079-bbcd72324f05,1999-06-04,,999-90-1668,S99915639,X41948127X,Ms.,Valda518,Kulas532,,,,white,nonhispanic,F,Boston  Massachusetts  US,469 Marvin Branch,Boston,Massachusetts,Suffolk County,2132.0,42.37924962662356,-71.07892773567904,430708.09,2613.12
a56b7581-999f-4bde-bbde-fd5c5bbc596d,1967-02-14,,999-95-6167,S99957510,X61559221X,Mrs.,Flossie205,Thompson596,,Pagac496,M,asian,nonhispanic,F,Easton  Massachusetts  US,122 Gusikowski Fort,Somerville,Massachusetts,Middlesex County,2138.0,42.36784340027605,-71.10273803536805,1070279.19,8953.829999999998
56c819b8-cda7-4293-8bf9-3bfd4664fdcc,1981-06-11,,999-31-7311,S99935154,X70984782X,Mr.,Garland107,Nitzsche158,,,M,white,nonhispanic,M,Boston  Massachusetts  US,107 Monahan Heights,Springfield,Massachusetts,Hampden County,1151.0,42.16548069757316,-72.55522270098552,8219.15,0.0
73005349-ff67-42b5-aed6-d202a4665d77,1992-08-08,,999-37-4832,S99932998,X4842922X,Mr.,Logan497,Raynor401,,,M,white,nonhispanic,M,Franklin  Massachusetts  US,416 Doyle Way,Norwood,Massachusetts,Norfolk County,,42.176878007572505,-71.17822479123654,707541.88,7603.48
efa78097-b0c3-47b3-8f70-654c78951938,1960-12-17,1997-05-10,999-76-4905,S99959836,X37584132X,Mrs.,Mercy752,Berge125,,Ernser583,M,asian,nonhispanic,F,Worcester  Massachusetts  US,1088 Jaskolski Knoll,Canton,Massachusetts,Norfolk County,,42.18008962961705,-71.16374307801573,831739.09,5851.879999999999
bec0b039-c5fa-4af7-8e38-97f88f115e6a,1966-12-01,,999-65-1459,S99920149,X4833914X,Mr.,Gregorio366,Wilderman619,,,S,white,nonhispanic,M,Holliston  Massachusetts  US,369 Vandervort Center Apt 22,Malden,Massachusetts,Middlesex County,2148.0,42.443538310793485,-71.09216158478849,1225048.31,4652.88
6b3f9b3a-da8f-46f4-9376-5b9292d2a957,1940-09-09,2010-09-22,999-85-9266,S99922568,X22010153X,Mrs.,Priscilla527,Blick895,,Maggio310,M,white,nonhispanic,F,Boston  Massachusetts  US,472 Mohr Viaduct Suite 57,Worcester,Massachusetts,Worcester County,1606.0,42.27053307730999,-71.74848318255215,1443017.56,12668.979999999998
f388353f-40d6-4e8f-bdec-db82a1dfde49,1945-07-15,,999-76-7419,S99974257,X89648160X,Mrs.,Maryln219,King743,,Heller342,M,white,nonhispanic,F,Quincy  Massachusetts  US,122 Ebert Landing Apt 68,Worcester,Massachusetts,Worcester County,1605.0,42.31207902555028,-71.85211611530791,92420.47,3205.33
05d719fe-9465-40a0-a3b0-2943b01ec559,1994-09-27,,999-63-2154,S99998142,X6858573X,Mr.,Johnathon489,Mohr916,,,,white,nonhispanic,M,New Bedford  Massachusetts  US,330 Walker Overpass Unit 9,Sterling,Massachusetts,Worcester County,,42.489214649064806,-71.8253548986758,640719.37,9379.12
8e936b7d-a1cf-4b7a-bdd3-04fcebfcd289,1973-11-17,,999-47-5908,S99959311,X12418858X,Mrs.,Maida946,Kunde533,,Gusikowski974,M,white,nonhispanic,F,Wellfleet  Massachusetts  US,678 Vandervort Harbor,Springfield,Massachusetts,Hampden County,1108.0,42.06702721782065,-72.58875268184273,1110139.4,5949.44
55e9d111-b803-4647-8b8b-e4fec346be27,1997-05-22,,999-29-8396,S99942728,X27157494X,Ms.,Marylin690,Daniel959,,,,white,nonhispanic,F,Fall River  Massachusetts  US,150 Halvorson Corner Suite 30,Revere,Massachusetts,Suffolk County,,42.43020039044297,-70.96496365127375,26543.92,2397.33
0bb06d9d-4d0a-4c48-ad77-92f82a4c8461,2011-09-20,,999-71-3572,,,,Mayte822,Bétancourt447,,,,asian,hispanic,F,Portsmouth  Saint John Parish  DM,529 Goyette Wynd,Mansfield,Massachusetts,Bristol County,,41.97452381621239,-71.22242025750504,234278.4,2195.72
14c9ace5-8bba-4119-b298-6dbc62a997c2,1952-05-04,,999-76-4448,S99913922,X81490291X,Ms.,Jaqueline846,Gislason620,,,S,white,nonhispanic,F,Peabody  Massachusetts  US,433 Quitzon Forge Apt 97,New Salem,Massachusetts,Franklin County,,42.4925832500912,-72.30768605571578,1509049.9200000002,17592.41
388fcce3-1177-4d6a-8162-3d5ff72e0e6b,1943-07-01,2020-03-21,999-94-8275,S99918879,X57645414X,Ms.,Maudie129,Bode78,,,S,white,nonhispanic,F,Wellesley  Massachusetts  US,662 Volkman Branch,Somerville,Massachusetts,Middlesex County,2155.0,42.39759201208574,-71.16741453104906,1518843.22,22900.13
9999b182-f608-4b17-a771-f65dcec5ea30,1985-02-06,,999-84-3760,S99964079,X15638046X,Mr.,Markus389,McCullough561,,,M,white,nonhispanic,M,Arlington  Massachusetts  US,790 Thiel Annex Suite 85,Marlborough,Massachusetts,Middlesex County,1752.0,42.306933498631736,-71.59591872817343,809233.03,3308.0
68292a38-b667-4e60-9291-ec25af563bcf,1990-09-16,,999-51-6292,S99983502,X40994536X,Mr.,Danilo179,Parisian75,,,M,white,nonhispanic,M,Gloucester  Massachusetts  US,760 VonRueden Rapid Unit 97,Erving,Massachusetts,Franklin County,,42.64319184029719,-72.45971287877694,792122.12,3588.08
a91f8984-6882-47e3-ac62-e36354beae71,1967-01-15,,999-19-3492,S99920077,X59676484X,Mr.,Buster609,Price929,,,M,white,nonhispanic,M,Framingham  Massachusetts  US,962 Hoeger Boulevard Apt 96,Westford,Massachusetts,Middlesex County,,42.548285209763485,-71.46023584515027,1429834.65,5293.759999999999
5c97f2f3-48ae-494a-a45f-0f6ef2a80372,2000-03-11,,999-50-1519,S99998361,X67571010X,Ms.,Taneka590,Kuvalis369,,,,white,nonhispanic,F,Franklin  Massachusetts  US,669 Schamberger Promenade,Attleboro,Massachusetts,Bristol County,2861.0,41.93352887333827,-71.32890506106236,488338.84,3283.92
552caef7-a53d-4c51-a5e7-a1cc36f408e9,2016-11-21,,999-55-2288,,,,Val761,Block661,,,,asian,hispanic,M,Easton  Massachusetts  US,174 Moen Burg,Worcester,Massachusetts,Worcester County,1604.0,42.23926785164174,-71.84420204326898,88627.1,1999.04
36790db5-5b05-4d53-a6f2-36ef171ae032,1956-10-22,,999-98-3213,S99964370,X74757531X,Mrs.,Blossom971,Durgan499,,Langworth352,M,white,nonhispanic,F,New Bedford  Massachusetts  US,125 Stroman Forge,Boston,Massachusetts,Suffolk County,2118.0,42.41271972416381,-71.04328165834022,1549631.39,9717.329999999998
37d3b7e4-fd6c-4e56-84dd-575c9fdb6846,1981-12-24,,999-11-6551,S99950985,X61867459X,Mr.,Merrill415,Romaguera67,,,M,white,nonhispanic,M,Quincy  Massachusetts  US,970 O'Connell Union Apt 84,Amherst,Massachusetts,Hampshire County,,42.34319070047354,-72.5326692273516,933488.49,5080.4
4d33db5c-a571-4000-a076-0919d3badfa6,1971-12-03,,999-18-3685,S99960610,X18474556X,Mrs.,Latasha666,Larson43,,Willms744,M,white,nonhispanic,F,Springfield  Massachusetts  US,805 Jaskolski Harbor,Grafton,Massachusetts,Worcester County,,42.24506403901578,-71.6954054007524,968928.99,11426.38
b3e28200-aff0-4c9c-919a-c8a425c3e59a,1965-12-10,,999-32-1864,S99953144,X9794433X,Ms.,Hwa978,O'Reilly797,,,S,white,nonhispanic,F,Georgetown  Massachusetts  US,334 Ratke Common,Quincy,Massachusetts,Norfolk County,2171.0,42.276001851308735,-70.96495222776487,177187.32,25226.8
cbf51f5c-3c79-4353-b72b-984db2c8bf8e,1988-06-09,,999-93-7730,S99959793,X20051867X,Mr.,Teodoro374,Soliz209,,,M,white,hispanic,M,Tegucigalpa  Francisco Morazán  HN,613 Lowe Track Apt 51,East Bridgewater,Massachusetts,Plymouth County,,42.07348476971677,-70.90161175181619,657482.92,3232.96
98b94aaa-64ee-422f-8748-285a8e666595,2011-03-23,,999-13-1373,,,,Devin82,Durgan499,,,,white,nonhispanic,M,Fall River  Massachusetts  US,1021 Bauch Club,Winchendon,Massachusetts,Worcester County,1475.0,42.69818711255896,-72.08859826552906,249181.54,2324.88
0d7e1104-efa4-4653-a1ae-0aaa76f51a96,1978-05-28,,999-54-4147,S99921278,X86980881X,Mrs.,Kristan816,Quigley282,,Wisozk929,M,white,nonhispanic,F,Quincy  Massachusetts  US,1072 Kihn Vista,Cambridge,Massachusetts,Middlesex County,2138.0,42.38096684474799,-71.15636371206116,906239.13,8416.159999999998
3cd8f8e8-5478-4baa-8015-4705bfbb8be1,2000-06-12,,999-45-3039,S99939075,,Ms.,Roxie199,Kub800,,,,black,nonhispanic,F,Weymouth  Massachusetts  US,265 Strosin Station Suite 47,Boston,Massachusetts,Suffolk County,2125.0,42.31070988357854,-71.11971395002523,419228.44,4254.81
2a8fca8e-98ea-449b-b43d-afea76450c1c,1920-12-04,2003-05-03,999-98-1140,S99983533,X19147665X,Mr.,Darren774,Parisian75,,,M,white,nonhispanic,M,Franklin  Massachusetts  US,948 Armstrong Parade Apt 93,Orange,Massachusetts,Franklin County,1364.0,42.60001211389898,-72.28118041684104,66191.02,2612.92
a951ef90-3733-47b9-bf11-d9ef7bc560ab,1999-11-07,,999-73-4905,S99980112,X27572262X,Mr.,Angel97,Mitchell808,,,,white,nonhispanic,M,Chicopee  Massachusetts  US,540 Konopelski Arcade,Boston,Massachusetts,Suffolk County,2113.0,42.27983930738052,-71.07038447661512,546293.48,2920.64
c10ebde8-333d-4677-a757-fd1da60784c8,1950-11-26,,999-46-1625,S99999724,X10050716X,Mr.,Edgar153,Rolfson709,,,M,white,nonhispanic,M,New Bedford  Massachusetts  US,805 Gleichner Gateway,Fall River,Massachusetts,Bristol County,2723.0,41.737601029000345,-71.09173892768295,1504930.26,8663.24
326a9729-80d9-4d17-b2fa-62ef768585dc,2018-12-24,,999-53-1191,,,,Malcolm243,Bartell116,,,,white,nonhispanic,M,Westport  Massachusetts  US,820 Price Bridge,Worthington,Massachusetts,Hampshire County,,42.38070533288833,-72.95050632714101,24716.64,645.8
758c92f1-acbd-4e08-b3c7-b960cbb5a850,1920-12-04,1986-06-21,999-62-9063,S99999171,X12201130X,Mr.,Vincent299,Ondricka197,,,M,white,nonhispanic,M,Malden  Massachusetts  US,1023 Cormier Wynd Unit 14,Orange,Massachusetts,Franklin County,,42.63771768264107,-72.31059600414022,35024.9,267.48
23269f23-db63-4137-bab0-69e468a98325,1917-04-13,2018-03-23,999-95-6712,S99982005,X18850700X,Mr.,Steven797,Christiansen251,,,M,white,nonhispanic,M,Westwood  Massachusetts  US,594 Prosacco Grove,Attleboro,Massachusetts,Bristol County,2861.0,41.87475545782166,-71.3233061475696,1531048.85,37126.47
724406da-683d-44d6-990e-64d31c457190,1993-05-28,,999-70-9747,S99914544,X38437680X,Mr.,Harrison106,Kirlin939,,,,white,nonhispanic,M,Boston  Massachusetts  US,311 Rice Port,Springfield,Massachusetts,Hampden County,1109.0,42.14714003125077,-72.60132167796245,94822.37,60494.83999999999
5c7dd355-5c0d-4c32-bff3-fb6a6817a81d,2004-06-11,,999-32-7105,,,,Hans694,Sporer811,,,,white,nonhispanic,M,Brockton  Massachusetts  US,174 White Port Suite 94,Springfield,Massachusetts,Hampden County,1109.0,42.1445501904111,-72.5586644416894,438488.26,2659.84
67a03350-0c89-443f-8b4f-fe40914505db,1944-06-16,2015-12-26,999-17-9359,S99928365,X55261603X,Mrs.,Malika385,Dicki44,,Ward668,M,white,nonhispanic,F,Nantucket  Massachusetts  US,659 Shanahan Skyway,Tewksbury,Massachusetts,Middlesex County,,42.6396672099445,-71.23855155277877,1422041.54,18519.8
63c02b1a-cc15-4efe-85bf-b1e2ac28db0b,1960-08-02,,999-15-3811,S99937014,X82037116X,Mrs.,Veronique514,Blanda868,,Reichert620,M,white,nonhispanic,F,Mashpee  Massachusetts  US,277 Bartoletti Plaza,Boston,Massachusetts,Suffolk County,2131.0,42.25104885244796,-71.17048650032264,198299.27,30605.4
3fe0246e-fb23-4ed3-94dd-727373b1070d,1936-11-08,,999-78-8115,S99982159,X12251293X,Ms.,Marcela739,Miranda712,,,S,asian,hispanic,F,Havana  Havana  CU,140 Klocko Trail Suite 85,Milton,Massachusetts,Norfolk County,2186.0,42.27142200816513,-71.06130278931124,1483932.86,32880.399999999994
53a5f099-9548-4726-90bd-a0e4f6203ee5,1975-11-06,2019-11-07,999-46-6138,S99944501,X9254511X,Mrs.,Gillian484,Feil794,,Glover433,M,white,nonhispanic,F,Weymouth  Massachusetts  US,555 Hills Branch,Wareham,Massachusetts,Plymouth County,,41.742164015159545,-70.6797227192282,920868.91,9128.309999999998
0bacb8c0-b39e-4b56-a4b7-ad2bb5807a72,1991-07-08,,999-63-3943,S99967099,X77407030X,Ms.,Nelle766,Rowe323,,,S,white,nonhispanic,F,Norwood  Massachusetts  US,935 Turcotte Ramp,Waltham,Massachusetts,Middlesex County,2452.0,42.40363762703948,-71.21536953252058,747165.39,4122.16
a15213ed-e0e8-4712-91c7-d4042fd75d59,1975-11-06,,999-40-4703,S99936231,X57606462X,Mrs.,Corie618,Wiza601,,Kulas532,M,white,nonhispanic,F,Acushnet  Massachusetts  US,874 Braun Boulevard,Wareham,Massachusetts,Plymouth County,,41.78659116291514,-70.73235058180484,883139.06,9451.54
2ae6ee1c-3309-44a3-abc3-01b72e6d4e77,1989-08-17,,999-49-8220,S99948109,X88163636X,Mr.,Coy949,Robel940,,,M,white,nonhispanic,M,Richmond  Massachusetts  US,1043 Dicki Junction,Wayland,Massachusetts,Middlesex County,,42.40371991036984,-71.35534593098876,746127.5700000001,4246.32
cfa07b4b-e803-433a-896a-48675bb44c1f,1942-07-24,2014-02-13,999-61-2920,S99958059,X16204965X,Mrs.,Valarie790,Hermiston71,,Runolfsson901,M,white,nonhispanic,F,Bellingham  Massachusetts  US,402 Maggio Junction,Dennis,Massachusetts,Barnstable County,,41.74914214941801,-70.14377476718074,1432391.12,17599.909999999996
052ca86e-563a-4e52-8c22-3680b26fdace,1981-09-24,,999-14-6242,S99960423,X28879866X,Mrs.,Roxanna261,Champlin946,,Bergnaum523,M,black,nonhispanic,F,Wilmington  Massachusetts  US,832 O'Connell Drive Unit 4,Springfield,Massachusetts,Hampden County,1199.0,42.13708234100537,-72.51727100454625,761634.77,13867.63
43129342-2093-44ab-97f0-0d98029bada9,1996-04-11,,999-82-7544,S99982768,X43300066X,Ms.,Shona685,Wisozk929,,,,white,nonhispanic,F,Sudbury  Massachusetts  US,502 Quigley Wall Unit 14,Petersham,Massachusetts,Worcester County,,42.45696001802242,-72.25380111755659,614978.19,3378.0799999999995
8d9dd8b1-df84-4a22-8586-4bcb786efec5,1960-07-11,2011-03-24,999-10-5093,S99995207,X58396549X,Mr.,Edwin773,Runolfsdottir785,,,M,white,nonhispanic,M,Taunton  Massachusetts  US,219 Lang Divide,Quincy,Massachusetts,Norfolk County,2186.0,42.249919689609534,-71.01516181253075,136108.87,24386.74
dffe1177-dfe5-45eb-83bd-3db53a0dcf02,2004-01-09,,999-25-8273,S99914887,,,Dinah304,Flatley871,,,,white,nonhispanic,F,Quincy  Massachusetts  US,601 Feeney Bridge,Attleboro,Massachusetts,Bristol County,2703.0,41.949838326703954,-71.28153554340041,337547.42,3098.92
7143ae51-f34c-491b-823c-9598c82da73b,1920-12-04,1985-01-30,999-32-3144,S99951504,X80708725X,Mr.,Noel608,Swaniawski813,,,M,white,nonhispanic,M,Lunenburg  Massachusetts  US,155 Walter Street,Orange,Massachusetts,Franklin County,1364.0,42.58232945664283,-72.3055344387688,10788.97,0.0
d03813d3-ada9-4804-ae3b-f8e6d33416f2,1971-05-03,,999-15-7925,S99954029,X29533814X,Mrs.,Sol312,Olson653,,Kautzer186,M,white,nonhispanic,F,Brockton  Massachusetts  US,239 Murphy Light,Seekonk,Massachusetts,Bristol County,,41.84928018765414,-71.34413480541036,1009110.36,9347.469999999998
a4063a46-50af-4bb6-86fa-22741c2abf12,2010-05-26,,999-23-3440,,,,Carli641,Cassin499,,,,white,nonhispanic,F,Lawrence  Massachusetts  US,937 Auer Terrace,Saugus,Massachusetts,Essex County,1906.0,42.505831939023416,-71.01180384009511,252738.69,2809.0
30cb458b-8a9b-4e85-aa52-59e7d1d36f30,2014-09-10,,999-31-5566,,,,Karyn217,Brekke496,,,,white,nonhispanic,F,West Springfield  Massachusetts  US,112 Smitham Extension,Belchertown,Massachusetts,Hampshire County,1007.0,42.2388826748706,-72.3900898656505,131804.4,1926.56
ef115d26-74a0-4a28-8bdb-ea8040280e4b,1968-02-14,2020-03-13,999-88-3184,S99923533,X26990345X,Mr.,Angel97,Bednar518,,,S,white,nonhispanic,M,Cambridge  Massachusetts  US,921 Larson Quay,Lowell,Massachusetts,Middlesex County,,42.60826695210856,-71.33744823805426,1069270.35,3786.24
41acadce-ed60-4796-8573-8b4f6db451a0,2009-05-15,,999-46-3021,,,,Glenn0,Daniel959,,,,white,nonhispanic,F,Walpole  Massachusetts  US,659 Fahey Quay,Hingham,Massachusetts,Plymouth County,2043.0,42.25084604587697,-70.92464744180928,242431.78,10844.81
7fbafb52-3c4e-4086-9cff-89758ff480e1,1969-06-08,,999-24-2742,S99931830,X63268742X,Mr.,Vance413,Halvorson124,,,M,black,nonhispanic,M,Randolph  Massachusetts  US,625 Anderson Orchard Suite 97,Millbury,Massachusetts,Worcester County,,42.18077671199177,-71.76159979069907,1047315.7,3952.04
35d5b7eb-8e44-4545-be35-8344b0f94a6e,1973-12-02,,999-92-5985,S99941261,X20182182X,Mrs.,Denisse335,Bergnaum523,,Ritchie586,M,white,nonhispanic,F,Cambridge  Massachusetts  US,607 Swaniawski Underpass,West Bridgewater,Massachusetts,Plymouth County,,42.05421320095367,-71.07400462678886,956660.69,11959.28
03fa0ea8-f4d1-49e3-bd6e-8556ebbb765f,1998-03-22,,999-18-8288,S99917815,X4781593X,Ms.,Aretha897,Runolfsdottir785,,,,white,nonhispanic,F,Worcester  Massachusetts  US,162 Beatty Rue Apt 72,Boston,Massachusetts,Suffolk County,2109.0,42.3174369510958,-71.10731778529514,469354.56,3627.16
3e666aaf-9dfa-464a-93b1-5528e58f5427,1978-09-12,,999-28-4206,S99970581,X1983038X,Mr.,Erasmo545,Herzog843,,,S,white,nonhispanic,M,Easton  Massachusetts  US,360 Schamberger Divide,Dennis,Massachusetts,Barnstable County,2638.0,41.69273098981797,-70.1166392434583,859500.42,3835.4
d53d11c1-8fb7-4cbc-a285-353e63f71f32,1946-10-11,,999-82-8388,S99969982,X31571740X,Mr.,Jefferey580,Gerlach374,,,M,white,nonhispanic,M,Thessaloniki  Thessaloniki Prefecture  GR,336 Okuneva Crossing Suite 21,Marlborough,Massachusetts,Middlesex County,,42.30169936728024,-71.53641365006905,251544.73,6904.4
f97f74bd-31ca-4d61-8592-527091f6bcee,2011-04-17,,999-13-5150,,,,Mittie376,Powlowski563,,,,black,nonhispanic,F,Peabody  Massachusetts  US,250 Gibson Viaduct Suite 49,Ludlow,Massachusetts,Hampden County,,42.22146578448583,-72.48092944193556,231447.02,2670.68
98d1cb7d-c972-4d58-be9f-4e8f49c3e77c,1980-08-18,,999-21-5442,S99959977,X38865130X,Mrs.,Kam191,O'Keefe54,,Tromp100,M,white,nonhispanic,F,Northampton  Massachusetts  US,455 Steuber Ranch Apt 22,Southbridge,Massachusetts,Worcester County,,42.10824848422504,-72.06827147888326,877663.37,19567.83
aea43c65-02ff-4ddb-bedc-5b1cc8107283,1920-12-04,,999-46-8449,S99985989,X57032892X,Mr.,Jeffery551,Russel238,,,S,white,nonhispanic,M,New Bedford  Massachusetts  US,1027 Adams Park Suite 8,Orange,Massachusetts,Franklin County,1364.0,42.57340622149266,-72.32615384742432,217940.7,162754.11
a00a869d-79a6-4a98-a2f5-e02ab3ee7c52,1980-11-08,,999-90-2317,S99981586,X54517618X,Mrs.,Luci727,Jacobson885,,Sporer811,M,white,hispanic,F,Worcester  Massachusetts  US,426 Fritsch Trafficway,Amesbury,Massachusetts,Essex County,,42.8948413092953,-70.90810708082061,851782.78,7144.239999999999
5927c6ed-68a5-4c68-ad8d-80da5047cb3f,1968-07-20,,999-22-1870,S99939658,X53277425X,Mr.,Loyd638,Schinner682,,,M,white,nonhispanic,M,Cambridge  Massachusetts  US,808 Bradtke Wall,Lowell,Massachusetts,Middlesex County,1851.0,42.63969509786669,-71.29481239352204,46524.850000000006,0.0
5ca5506b-e422-4144-be58-17f77267d84e,1981-12-21,,999-79-6112,S99951440,X6896633X,Mr.,Young120,Waters156,,,M,white,nonhispanic,M,Billerica  Massachusetts  US,427 Abshire Trail Apt 89,Shrewsbury,Massachusetts,Worcester County,,42.24700548539471,-71.74067009497135,933784.99,7831.719999999999
4f1d2efc-ce56-4b64-9371-432ccc87c4bb,1968-06-14,,999-13-2856,S99925167,X67782654X,Mrs.,Miss492,McClure239,,Feest103,M,white,nonhispanic,F,Pittsfield  Massachusetts  US,506 Lowe Flat Unit 70,Brockton,Massachusetts,Plymouth County,,42.1125417260193,-70.97638715591172,1313685.16,5139.56
d2b75a34-71db-4b02-9eb3-f43bf44e803a,1987-11-12,,999-94-3245,S99991967,X30011166X,Mrs.,Alba338,Walker122,,Steuber698,M,white,nonhispanic,F,Turin  Piedmont  IT,469 Schultz Well Unit 70,Dartmouth,Massachusetts,Bristol County,,41.54756129832196,-70.93299860553788,777066.68,3911.67
37c92a11-ca4d-4ecb-9b2c-8e7396e21d57,2001-04-12,,999-32-7680,S99942141,,Ms.,Sharmaine326,Waters156,,,,white,nonhispanic,F,Everett  Massachusetts  US,174 Ortiz Boulevard Suite 26,Boston,Massachusetts,Suffolk County,2128.0,42.35069759550217,-71.07191377778557,466136.83,7325.999999999999
6949715b-506c-4c6c-ade9-a2dd610cc559,1978-12-19,,999-48-3544,S99914787,X1500475X,Ms.,Chris95,Kuhlman484,,,S,white,nonhispanic,F,Plymouth  Massachusetts  US,364 Schamberger Rue,Lawrence,Massachusetts,Essex County,1843.0,42.72209403873296,-71.12606901164254,126901.96,6413.11
8e26a264-ac62-48c3-8f91-b309c6eecdbb,1971-04-29,,999-15-2430,S99926093,X61856072X,Mr.,Eduardo902,Abreu185,,,M,white,hispanic,M,Guatemala City  Guatemala  GT,861 Durgan Extension Apt 51,Scituate,Massachusetts,Plymouth County,2066.0,42.16758902222654,-70.78108464938511,1182103.78,4123.77
d6563c3c-d078-4a1a-b0a5-9a31ce21ecc4,1996-05-30,,999-36-9718,S99962682,X22282445X,Mr.,Broderick767,McGlynn426,,,,black,nonhispanic,M,Weymouth  Massachusetts  US,546 Marvin Ranch,Whitman,Massachusetts,Plymouth County,,42.05457801578104,-70.92502909825457,551037.43,3583.04
5761d1c9-613c-438e-8dd2-da697870bbb8,2004-05-25,,999-56-7316,S99934041,,,Ward668,Labadie908,,,,white,nonhispanic,M,Newton  Massachusetts  US,642 Herzog Viaduct Apt 67,Fall River,Massachusetts,Bristol County,2790.0,41.69568177995874,-71.15773519222738,449526.51,2659.84
731de1fb-24a9-4147-b879-4fb0a5b82d2a,1953-11-15,,999-59-3289,S99951266,X3302211X,Mr.,Frederic454,Mann644,,,M,white,nonhispanic,M,Concord  Massachusetts  US,145 Mills Bridge,Boston,Massachusetts,Suffolk County,2136.0,42.32477170480496,-71.03720557493712,1573596.96,7111.21
c2a6ae4b-becd-41d6-827a-4deb130c759e,1957-04-12,2020-03-24,999-29-2180,S99949878,X6565481X,Mrs.,Kenyatta61,Morissette863,,Weber641,M,white,nonhispanic,F,Arlington  Massachusetts  US,349 Thiel Camp Suite 25,Brockton,Massachusetts,Plymouth County,2351.0,42.07098221094248,-71.01442977644862,1505319.66,10621.739999999998
9a5e29d3-a10b-46ff-b54d-5020ea29a789,2002-12-30,,999-12-2499,S99970960,,,Kittie678,Wiegand701,,,,white,nonhispanic,F,Boston  Massachusetts  US,1099 Fahey Estate,Fall River,Massachusetts,Bristol County,2721.0,41.63015472650983,-71.15759515116632,379829.58,3183.08
70aba2e7-2389-4bca-94d2-cfcb5aa12a96,1957-04-12,,999-64-7002,S99940725,X89780578X,Ms.,Eura647,Wyman904,,,S,white,nonhispanic,F,Boston  Massachusetts  US,753 Bartoletti Green Apt 55,Brockton,Massachusetts,Plymouth County,2351.0,42.06951202085791,-70.97205150716158,1424703.49,11522.28
e8e0a9fc-4665-410a-bd93-af8709d8b0cf,1989-02-17,,999-10-3797,S99935122,X16496804X,Mr.,Anthony633,Rodriguez71,,,M,white,nonhispanic,M,Newton  Massachusetts  US,397 Goodwin Meadow Apt 58,Yarmouth,Massachusetts,Barnstable County,,41.68513787257192,-70.22278656171227,756342.98,3278.04
bf9f0288-aeef-4194-8f17-631f12d58c3d,1995-10-14,,999-52-2001,S99927270,X18546262X,Ms.,Naomi520,Connelly992,,,,white,nonhispanic,F,Lynn  Massachusetts  US,807 Hilll Gardens Unit 50,Boston,Massachusetts,Suffolk County,2119.0,42.41021213026784,-71.01491585236826,610303.02,4668.089999999999
35e8a601-0f8e-44bd-91ef-2ea051aeb04f,2009-07-15,,999-47-1470,,,,Cassi819,Roob72,,,,white,nonhispanic,F,Pittsfield  Massachusetts  US,922 Stehr Divide Suite 14,Clinton,Massachusetts,Worcester County,,42.42368591977308,-71.69355346150957,26409.02,1775.72
fb853ef4-7ba1-41ec-abec-b56368586190,1923-08-30,1982-05-20,999-37-6023,S99919927,X23075655X,Mr.,Angel97,Sauer652,,,M,white,nonhispanic,M,Deerfield  Massachusetts  US,630 Welch Haven Suite 29,Pittsfield,Massachusetts,Berkshire County,,42.45202421120064,-73.23739589567937,676298.48,3736.16
9fc1e8dd-b3d9-4021-90f3-6ef599a35d24,1983-10-23,,999-46-6940,S99978690,X22550720X,Mr.,Eldon28,Swaniawski813,,,M,white,nonhispanic,M,Somerville  Massachusetts  US,378 Kunde Ranch Unit 65,Stoneham,Massachusetts,Middlesex County,2180.0,42.454771829150175,-71.07006068118797,758321.4,4542.88
357f1b66-6f51-4dcf-986a-522b38f55c60,1995-08-14,,999-69-9133,S99919377,X6031893X,Ms.,Rosio404,Jast432,,,,white,nonhispanic,F,New Bedford  Massachusetts  US,1026 Prosacco Mall,Taunton,Massachusetts,Bristol County,2767.0,41.8872316642386,-71.0800874002295,521995.53,4952.32
d2fa90b0-59e3-4776-84b5-07c1fbc105cd,1990-09-16,,999-27-5385,S99933518,X45945782X,Mr.,Malcom15,Hessel84,,,M,asian,nonhispanic,M,Melrose  Massachusetts  US,641 Kassulke Port,Revere,Massachusetts,Suffolk County,,42.4703031820987,-71.02082151814228,718168.51,3739.65
64164ba4-60d7-4ce3-962b-9de530914e67,1993-02-21,,999-99-9308,S99929003,X17865145X,Mrs.,Marvella276,Gaylord332,,Haag279,M,white,nonhispanic,F,Everett  Massachusetts  US,221 Dooley Common,Boston,Massachusetts,Suffolk County,2108.0,42.34845960898761,-71.06405353953058,733640.01,3780.56
e0c2e6a1-1fcf-4e69-9aeb-20c068d7f53b,1989-06-14,,999-69-3970,S99996092,X47101976X,Mrs.,Audria778,Kerluke267,,Mann644,M,white,nonhispanic,F,Fall River  Massachusetts  US,759 Macejkovic Heights,Mansfield,Massachusetts,Bristol County,,42.06192815198892,-71.1742664638971,732967.08,7398.009999999999
85ccb023-6cfe-421f-85e4-39213cd7ef1f,1945-02-17,2014-09-16,999-67-3848,S99967903,X62773036X,Mr.,Blake449,Homenick806,,,S,white,nonhispanic,M,Tisbury  Massachusetts  US,838 Mann Wynd Apt 69,Barnstable,Massachusetts,Barnstable County,2655.0,41.63698959690603,-70.34927956894136,102283.27,12510.17
135e5b6d-9f9e-4c2c-a4be-e04973fb2b34,1979-09-14,,999-41-3345,S99992130,X22167382X,Mr.,Bret7,Walsh511,,,M,white,nonhispanic,M,East Longmeadow  Massachusetts  US,349 Batz Path Apt 28,Boxborough,Massachusetts,Middlesex County,,42.505646476329886,-71.48357458503182,981961.02,3982.12
50a343f6-e50e-44e2-8caa-df65ac6076f0,2004-10-28,,999-27-8694,,,,Shanae34,Koepp521,,,,white,nonhispanic,F,Boston  Massachusetts  US,621 Bailey Pathway Apt 8,Foxborough,Massachusetts,Norfolk County,,42.07423743668985,-71.20753184731053,408877.96,7373.559999999999
1ec66a82-b6a1-4f5f-b444-7d3a0bddb20b,1966-09-01,,999-32-8052,S99967783,X61502466X,Mr.,King743,Bruen238,,,M,white,nonhispanic,M,Lowell  Massachusetts  US,638 Weimann Ranch,Lunenburg,Massachusetts,Worcester County,,42.56016346064554,-71.68913397856879,1296437.34,5012.04
4aabb072-d2bf-49e8-a8e1-d39db22d470a,1983-02-01,,999-59-5086,S99996663,X74529238X,Mrs.,Britteny287,Jakubowski832,,Nienow652,M,white,nonhispanic,F,Boston  Massachusetts  US,730 Hodkiewicz Track Unit 32,Malden,Massachusetts,Middlesex County,2155.0,42.41896716755104,-71.04006732210459,69758.49,2540.5999999999995
ed2c15b4-92a3-4bd7-a2fb-76e94d853b4f,1968-02-09,,999-47-7257,S99975502,X9786728X,Mr.,Jae222,Greenholt190,,,M,white,nonhispanic,M,Lowell  Massachusetts  US,426 Lehner Meadow,Salem,Massachusetts,Essex County,,42.46716005462213,-70.8860364653685,1198446.32,4937.839999999999
449275d6-113e-4e16-934d-f858c4cdc4dd,1951-10-01,,999-58-7832,S99999448,X5140340X,Mr.,Margarito178,Berge125,,,S,black,nonhispanic,M,Danvers  Massachusetts  US,593 McClure Center,Boston,Massachusetts,Suffolk County,2151.0,42.2649746686291,-71.09746719379152,1734430.96,6365.87
bb3e1fd4-2693-4b36-afac-1afc4cdd934a,1937-08-19,1976-12-02,999-36-5242,S99918490,X18377455X,Ms.,Millicent213,Jacobson885,,,S,white,nonhispanic,F,Taunton  Massachusetts  US,792 Stokes View Apt 49,Pittsfield,Massachusetts,Berkshire County,,42.419591669310336,-73.22619533166944,794278.09,7939.199999999999
e72176f7-c7f8-4de6-87dc-c3957e4bb28f,1976-12-05,,999-26-4810,S99923058,X35651028X,Mr.,Stanley702,Marquardt819,,,S,white,nonhispanic,M,Uxbridge  Massachusetts  US,705 Mueller Trailer,North Reading,Massachusetts,Middlesex County,,42.54080621167213,-71.07906502713674,1003007.26,7626.6799999999985
a99f37cc-f140-421d-80ef-b750297082ce,1964-10-20,,999-72-4485,S99981302,X66145636X,Mr.,Hilario934,Bergnaum523,,,M,white,nonhispanic,M,Westford  Massachusetts  US,500 Schimmel Meadow Unit 5,Boston,Massachusetts,Suffolk County,2122.0,42.30578161163039,-71.03820185691508,1383110.98,6363.599999999999
5f5c891e-f8e3-471b-b7a1-58f72633ee57,2007-03-19,,999-12-8258,,,,Dana512,Goodwin327,,,,white,nonhispanic,M,Andover  Massachusetts  US,438 Zemlak Harbor Suite 97,Quincy,Massachusetts,Norfolk County,2171.0,42.32463068169712,-71.04658375049307,321310.78,3547.28
1930fe16-860c-47b1-abdc-cf6ddf47a2d6,1978-12-13,,999-56-6208,S99969749,X83919971X,Mrs.,Jenelle653,Hansen121,,Pagac496,M,white,nonhispanic,F,Quincy  Massachusetts  US,1052 Feil Orchard Unit 55,Marlborough,Massachusetts,Middlesex County,1752.0,42.36033269841527,-71.58879455259728,884439.98,7473.619999999999
5dd2f63b-9b2c-4cb3-a532-fa2384712f8f,1945-02-17,,999-48-5357,S99994728,X35002628X,Mr.,Duncan491,Wolf938,,,M,white,nonhispanic,M,Waltham  Massachusetts  US,432 Legros Course,Barnstable,Massachusetts,Barnstable County,2673.0,41.685498075834026,-70.4323043698921,67261.11,4203.9800000000005
e0670856-c675-464f-8e09-301aa7a7c802,2004-10-27,,999-62-5222,,,,Melonie209,Runolfsdottir785,,,,white,nonhispanic,F,Dennis  Massachusetts  US,152 Gerlach Station,Rockland,Massachusetts,Plymouth County,,42.12670943385332,-70.89045901447857,337899.65,3191.44
6aa7b56e-634f-49f7-b6f8-c40f44de8116,1998-11-04,,999-79-3193,S99958607,X84613508X,Mr.,Diego848,Banda20,,,,white,hispanic,M,Buenos Aires  Ciudad de Buenos Aires  AR,115 Zieme Bridge,Holden,Massachusetts,Worcester County,,42.32561701879708,-71.89506910632123,521425.73,3668.88
83bc4438-2d83-4df6-82a4-24870f59c4b1,2008-08-11,,999-35-1155,,,,Shavon903,Turner526,,,,white,nonhispanic,F,Quincy  Massachusetts  US,145 Connelly Underpass,Billerica,Massachusetts,Middlesex County,,42.5165511159094,-71.21852420223425,258740.65,4230.92
e5b6f2bc-b050-43b8-b3ac-29e7b3d9bba5,1955-12-03,,999-47-1694,S99928929,X77502519X,Mrs.,Dolores502,Ledesma253,,Báez684,M,black,hispanic,F,Ponce  Puerto Rico  PR,564 Goodwin Pathway Suite 1,East Longmeadow,Massachusetts,Hampden County,,42.05647138753803,-72.4658771107375,1509617.2,9387.48
06fe1c85-e24d-412b-ad7e-efa12e772b71,2001-02-22,,999-60-5703,S99950553,,Ms.,Julieann172,Kihn564,,,,white,nonhispanic,F,Medford  Massachusetts  US,262 Marks Vale Suite 72,Boston,Massachusetts,Suffolk County,2151.0,42.32836272775897,-71.05985218348171,445489.15,6965.999999999999
dbabf9b1-47fe-4c64-aef7-6c578c587171,1979-10-05,,999-47-4445,S99980069,X19040728X,Mrs.,Coralie787,Feil794,,Monahan736,M,white,nonhispanic,F,Revere  Massachusetts  US,790 Hilpert Dam Unit 20,Mattapoisett,Massachusetts,Plymouth County,,41.61167990698728,-70.78447290413112,1002489.84,8631.689999999999
59880882-8e4b-4517-846e-85569cb80608,1989-04-24,,999-41-5619,S99950781,X48125909X,Mr.,Beau391,Hoppe518,,,M,white,nonhispanic,M,Plymouth  Massachusetts  US,903 Cormier Light Apt 19,Dracut,Massachusetts,Middlesex County,,42.72076831473311,-71.348849280244,681239.31,6517.359999999998
af26db76-0e63-41a0-9016-79c42344455e,1990-12-03,,999-42-6615,S99928896,X72369878X,Ms.,Lillia547,Greenfelder433,,,S,asian,nonhispanic,F,Brookline  Massachusetts  US,526 Turcotte Rapid,Natick,Massachusetts,Middlesex County,,42.28651115920081,-71.3028964632889,633700.73,4640.67
f166cf79-e176-4e33-9f92-02b110b0ecca,1982-05-01,,999-29-5103,S99974607,X19976607X,Mr.,Clemente531,Klocko335,,,M,white,nonhispanic,M,Brockton  Massachusetts  US,100 Gutkowski Corner,Boston,Massachusetts,Suffolk County,2111.0,42.24587429755871,-71.17444275368469,962454.08,3550.52
46f03485-17a8-4758-9fc4-41ffa4bcd394,1994-12-29,,999-87-4477,S99933269,X65122287X,Ms.,Eboni653,Pacocha935,,,,black,nonhispanic,F,Boston  Massachusetts  US,324 Nolan Hollow Unit 93,Boston,Massachusetts,Suffolk County,2125.0,42.337876662224005,-71.07045293562476,542197.53,7639.959999999998
4dccdf54-f6ce-4d68-b8c6-84f6b58199b7,2018-05-20,,999-69-5702,,,,Mariah942,Rosenbaum794,,,,white,nonhispanic,F,North Andover  Massachusetts  US,579 Treutel Gate,Boston,Massachusetts,Suffolk County,2467.0,42.31797782184025,-71.17996186217216,47780.91,1280.7599999999998
8aff740b-90df-454b-8763-4786dfb7cc10,1951-06-13,,999-26-2555,S99965701,X14715426X,Mr.,Joaquin141,Hudson301,,,M,white,nonhispanic,M,New Bedford  Massachusetts  US,949 Swift Mews,Deerfield,Massachusetts,Franklin County,1342.0,42.56642629165663,-72.61685898483839,1671716.21,9030.59
8fd4d273-8bfc-4616-a298-2cd0fd415a49,1991-08-07,,999-13-8195,S99946188,X19607345X,Ms.,Nia310,Lueilwitz711,,,S,white,nonhispanic,F,Dracut  Massachusetts  US,752 Roberts Forge Apt 66,Easton,Massachusetts,Bristol County,,41.99928107184307,-71.11967384060353,590844.93,7679.499999999999
4ca66624-3d0a-4c24-96a0-d53f20f1e533,1956-12-11,,999-58-8939,S99961805,X15478308X,Mrs.,Jaleesa813,Waters156,,Nienow652,M,white,nonhispanic,F,Natick  Massachusetts  US,895 Mosciski Station Unit 12,Quincy,Massachusetts,Norfolk County,,42.27716206261616,-71.06049806260062,1458166.92,14034.39
20bd4c37-51d0-42c5-80bd-c47ed2bb6271,1945-11-04,2008-05-29,999-47-4449,S99971444,X51311580X,Mr.,Bo157,Gerlach374,,,M,asian,nonhispanic,M,Fall River  Massachusetts  US,1019 Casper Gateway,Barnstable,Massachusetts,Barnstable County,2637.0,41.6774460866266,-70.30315399558245,1359845.05,4882.759999999999
da162eaf-4365-4882-b3e4-b710e8cbc0ed,1945-10-16,2015-11-05,999-38-5981,S99988422,X19216126X,Mrs.,Julia241,Arredondo74,,Varela93,M,white,hispanic,F,Carolina  Puerto Rico  PR,624 Romaguera Orchard Apt 77,Plympton,Massachusetts,Plymouth County,,41.99203033203349,-70.75568573194393,1463753.1700000002,14579.499999999998
e9d4fce3-7b95-4c73-9628-300802764d58,2000-01-13,,999-81-4333,S99995779,X74458449X,Mr.,Luis923,Hodkiewicz467,,,,white,nonhispanic,M,Boston  Massachusetts  US,370 Reilly Rest Suite 90,Newton,Massachusetts,Middlesex County,2459.0,42.303099125296754,-71.23507408150158,451011.23,15902.7
440dffcd-38d5-4880-ba92-381b99df4819,1954-12-06,,999-85-4558,S99984081,X77469616X,Mrs.,Astrid395,Kunde533,,Carroll471,M,white,nonhispanic,F,Springfield  Massachusetts  US,994 Renner Ferry Unit 14,Attleboro,Massachusetts,Bristol County,2703.0,41.88832947712747,-71.31102236107843,208439.28,25807.58
93a43d7a-bd85-4aad-a3c9-497886ff1610,1953-10-31,,999-85-4220,S99959634,X22649389X,Ms.,Karan473,Shields502,,,S,white,nonhispanic,F,Lawrence  Massachusetts  US,243 Smitham Lodge Unit 64,Springfield,Massachusetts,Hampden County,1104.0,42.137954632874674,-72.45081052684547,1380871.29,11642.879999999996
d606ae07-cf79-472f-9b31-71b4d844b613,1945-10-16,2020-03-12,999-41-9312,S99920366,X54999495X,Mrs.,María Elena653,Nieto461,,Magaña874,M,white,hispanic,F,Bogota  Bogota  CO,966 Upton Center Unit 31,Plympton,Massachusetts,Plymouth County,,41.988041600642894,-70.81594205595866,1501996.11,22637.38
62f5d244-a2b5-4a57-bb1f-16584030f2fd,1985-08-11,,999-67-4900,S99912863,X4689536X,Mrs.,Caridad510,Heaney114,,Quigley282,M,black,nonhispanic,F,Princeton  Massachusetts  US,1003 Romaguera Estate Suite 30,Hampden,Massachusetts,Hampden County,,42.0468064099802,-72.4020639600263,747241.22,3592.96
4d30ca47-ab55-4495-8960-7d4ec71b3ef3,1989-06-07,,999-64-5148,S99973608,X71938217X,Ms.,Lisabeth458,Vandervort697,,,S,white,nonhispanic,F,Middleborough  Massachusetts  US,816 Bruen Fort,Fitchburg,Massachusetts,Worcester County,1420.0,42.63754474211827,-71.79543876446922,642099.23,3922.12
1070b5e0-2dac-4e0c-a72a-5402a18d3ad8,2007-08-30,,999-19-2055,,,,Virginia437,Hayes766,,,,white,nonhispanic,F,Millbury  Massachusetts  US,865 Bechtelar Knoll,Dracut,Massachusetts,Middlesex County,,42.65487421060136,-71.34492516837159,342815.28,2712.36
6a316a2b-c451-4fd0-b72d-fee2ea99e6cc,2009-11-09,,999-26-1483,,,,Marquis364,Quigley282,,,,white,nonhispanic,M,Revere  Massachusetts  US,321 Kozey Landing,Haverhill,Massachusetts,Essex County,,42.79628028899926,-71.04963622690242,233232.77,4403.799999999999
a734198b-05b6-4d25-8626-d0325712637e,1950-04-10,2020-03-15,999-29-1422,S99975028,X68008683X,Mrs.,Sara501,Lebsack687,,Nicolas769,M,asian,hispanic,F,Lowell  Massachusetts  US,563 Schowalter Mission Unit 78,Boston,Massachusetts,Suffolk County,2127.0,42.24946643087614,-71.11985443904575,1554803.36,19161.26
8ac04c56-cd69-4436-af4e-9725eea77aec,1964-03-15,,999-48-7585,S99992149,X20118236X,Mr.,Sol312,Swift555,,,S,white,nonhispanic,M,Cambridge  Massachusetts  US,870 Reilly Overpass,Hopkinton,Massachusetts,Middlesex County,,42.18727585758276,-71.4917966735115,1367711.76,6748.56
7917a615-a02a-4ab3-99be-e4d5ce760f3c,1945-10-16,,999-39-9134,S99911996,X78342469X,Mrs.,Daniela614,Correa904,,Canales95,M,white,hispanic,F,Guatemala City  Guatemala  GT,610 Franecki Ranch Unit 58,Plympton,Massachusetts,Plymouth County,,41.95156831058378,-70.81623206888165,1433171.26,33452.68
88a5e2cd-8309-478b-929d-fca34a66fa28,2000-04-06,,999-83-4696,S99986825,X33208277X,Mr.,Clair921,Bins636,,,,white,nonhispanic,M,Billerica  Massachusetts  US,914 Rolfson Loaf Apt 82,Bridgewater,Massachusetts,Plymouth County,,41.97463301114107,-70.98475430627855,490196.29,7710.959999999999
9d43a914-56cf-463f-8535-a0c0c95fc4a8,1920-01-09,,999-94-4726,S99990271,X49492258X,Mrs.,Cleta89,Parker433,,Donnelly343,M,white,nonhispanic,F,Hampden  Massachusetts  US,319 Murphy Row,Plymouth,Massachusetts,Plymouth County,,41.870013439262905,-70.64316247570162,1511176.95,19326.68
921c3a51-40f4-4f1a-9dbd-d95a6d89b7a2,1950-04-10,,999-88-2411,S99997413,X77951109X,Mrs.,Yasmine182,Hintz995,,Marks830,M,asian,hispanic,F,Braintree  Massachusetts  US,321 Mraz Avenue Suite 58,Boston,Massachusetts,Suffolk County,2215.0,42.29956099346412,-71.18371073587933,1523053.29,12068.759999999998
468bedbc-0f95-4d68-bbd5-2f4ec04abcd0,1994-03-09,,999-45-8228,S99953989,X71602998X,Ms.,Rocio28,Carmona375,,,,white,hispanic,F,San Salvador  El Salvador  SV,741 Aufderhar Haven Suite 62,Cambridge,Massachusetts,Middlesex County,2140.0,42.3446664838444,-71.18133421134515,614818.46,3937.16
7bf76b32-7980-4242-bbcf-4566573b27f0,2003-03-07,,999-20-2727,S99917486,,,Cary869,Boyer713,,,,white,nonhispanic,M,Southborough  Massachusetts  US,801 Rowe Passage Apt 43,Cambridge,Massachusetts,Middlesex County,,42.39006093299345,-71.10373440577978,394929.43,3249.76
cb84467d-33a5-4e03-b682-bf562b4b07ca,1976-02-17,,999-29-8812,S99932564,X70415534X,Mrs.,Lilliam592,Ferry570,,Bosco882,M,white,nonhispanic,F,Newton  Massachusetts  US,694 Gislason Mission Suite 53,Tewksbury,Massachusetts,Middlesex County,,42.66057546390616,-71.20587081779645,921458.3,11511.97
ce1d4b8a-d636-44da-b82d-a564780f87ba,1956-01-21,,999-59-3254,S99957802,X39141590X,Mr.,Carlos172,Valenzuela371,,,M,white,hispanic,M,Santiago de los Caballeros  Santiago  DO,228 Ratke Manor,Westport,Massachusetts,Bristol County,,41.61804114475452,-71.08772931632296,1643814.4500000002,7773.49
f99f831c-6d37-46fe-b559-7f93656f3e21,1997-01-31,,999-82-5618,S99928071,X68481533X,Mr.,Benedict104,Labadie908,,,,black,nonhispanic,M,Boston  Massachusetts  US,289 Stokes Frontage road,Hudson,Massachusetts,Middlesex County,1749.0,42.38346356524695,-71.49660939625579,538941.09,7288.439999999999
4bb16e04-fd67-4fb1-afae-c0f1a02a78b7,1931-03-18,2015-05-12,999-72-1159,S99942894,X22004355X,Mrs.,Ngan798,Johnston597,,Spencer878,M,white,nonhispanic,F,Melrose  Massachusetts  US,707 Lockman Ramp,Worcester,Massachusetts,Worcester County,,42.251062221293125,-71.87522266313377,333937.21,20693.99
7659117f-a5a4-463f-8ed8-eb857df28150,1955-01-23,2016-08-17,999-45-7998,S99941882,X47445618X,Mr.,Elvin140,Douglas31,,,M,white,nonhispanic,M,Lawrence  Massachusetts  US,917 Hansen Neck,Nantucket,Massachusetts,Nantucket County,2554.0,41.30821087315108,-70.11934723872903,1344182.16,17802.5
c09672b8-667e-488f-825e-0131decefb65,1938-05-21,,999-28-8047,S99965178,X61518860X,Mrs.,Allena79,Cremin516,,Fahey393,M,black,nonhispanic,F,Tyngsborough  Massachusetts  US,246 Weissnat Rest Unit 53,Boston,Massachusetts,Suffolk County,2131.0,42.34740783163371,-71.12445968439899,1481044.61,22103.3
e95d5c78-e1b0-4efd-8071-0027792c3029,1955-01-23,2013-05-19,999-69-1344,S99989595,X84884262X,Mr.,Wiley422,Pacocha935,,,M,white,nonhispanic,M,Lynnfield  Massachusetts  US,435 Heathcote Glen,Nantucket,Massachusetts,Nantucket County,2554.0,41.25078400193732,-70.06835013435935,1352779.99,5873.56
44d7220a-b283-4303-b9c3-f9a0f33e5edf,1931-03-18,1992-04-08,999-79-3407,S99997713,X63000038X,Mrs.,Mabel261,Ruecker817,,Hackett68,M,white,nonhispanic,F,Easton  Massachusetts  US,272 Shanahan Fork,Worcester,Massachusetts,Worcester County,1609.0,42.23131013386259,-71.897214135833,195304.32,17927.789999999997
0fad8393-f08f-4ea1-b47f-362c4522e037,1966-01-22,,999-89-5765,S99979853,X67386422X,Mr.,Glen190,Hyatt152,,,S,white,nonhispanic,M,Malden  Massachusetts  US,828 Beier Ramp,Somerville,Massachusetts,Middlesex County,2143.0,42.35266243267396,-71.14787072932846,1442636.44,3813.04
86d89a1c-0120-4cd2-99c4-a8acae2e7a5e,1983-12-09,,999-67-3679,S99966168,X2988441X,Mr.,Amado512,Weimann465,,,M,black,nonhispanic,M,Newton  Massachusetts  US,369 Schmeler Lock,Worcester,Massachusetts,Worcester County,1604.0,42.2242069448056,-71.7939712903835,990202.59,4162.2
587623fb-280c-4063-af29-8223e2b7fa1a,2015-04-24,,999-99-5033,,,,Anthony633,Robel940,,,,white,nonhispanic,M,Waltham  Massachusetts  US,1087 Homenick Vista Suite 54,Mendon,Massachusetts,Worcester County,,42.07000291105554,-71.50402191341233,116429.0,2044.88
bf987ac4-5494-4e9b-b11c-b8ec08666f51,1948-03-29,,999-20-1995,S99922422,X5311397X,Mr.,Cleveland582,Roob72,,,M,black,nonhispanic,M,Marion  Massachusetts  US,575 Morar Stravenue,Boston,Massachusetts,Suffolk County,2126.0,42.34155599113711,-71.06930019364903,39876.48,2719.09
042ac108-8128-4fdf-a106-ec06d3b09686,1938-09-21,1940-07-24,999-79-6415,,,,Korey682,Ryan260,,,,white,nonhispanic,M,Toulouse  Occitanie  FR,395 Brakus Landing Apt 78,Acton,Massachusetts,Middlesex County,,42.46754994314484,-71.45455369017229,6419.78,2406.02
06699410-f6cb-4191-ba0f-d17418aaa022,1987-01-15,,999-12-7372,S99915843,X75439473X,Mr.,Rex53,Schimmel440,,,M,white,nonhispanic,M,Amesbury  Massachusetts  US,285 Schaden Ramp,Scituate,Massachusetts,Plymouth County,,42.17413389759109,-70.70765447789663,805065.31,3212.2
35eb2924-5091-4c5c-a91f-2635f5f60c7a,1931-03-18,2009-05-17,999-51-7509,S99952808,X18705702X,Mrs.,Jina946,Ward668,,Upton904,M,white,nonhispanic,F,Carlisle  Massachusetts  US,249 Rodriguez Haven Unit 85,Worcester,Massachusetts,Worcester County,1545.0,42.22765550464668,-71.75336289856583,296146.85,42060.45
92ffbeff-222c-489c-acf8-3090d25092d2,1971-07-08,,999-32-2010,S99925695,X50683470X,Mrs.,Marleen824,Cormier289,,Schuppe920,M,white,nonhispanic,F,Brookline  Massachusetts  US,236 Collier Bypass Suite 29,Woburn,Massachusetts,Middlesex County,1890.0,42.522629435583696,-71.19162114528072,1143092.65,7462.94
437400a9-3f37-44f6-a2ad-d6389bd707f5,1955-03-26,,999-72-1103,S99958556,X9303519X,Mrs.,Christeen33,Smith67,,Kub800,M,asian,nonhispanic,F,Shanghai  Shanghai Municipality  CN,700 Reichel Byway Apt 93,Rockport,Massachusetts,Essex County,,42.61561161285234,-70.64596050207595,1453001.81,13024.16
f15495e9-b1f6-4801-a003-34ef58e09341,1937-09-01,2005-09-16,999-69-7974,S99941338,X11869532X,Mr.,Valentin929,Kuhic920,MD,,S,white,nonhispanic,M,Brockton  Massachusetts  US,620 Metz Gateway,Pembroke,Massachusetts,Plymouth County,,42.07997291234449,-70.76339123881529,1747463.99,6573.94
f913746f-3f9a-4b14-8d8d-9e5a5ad68ab2,2000-10-31,,999-93-3336,S99925996,,Ms.,Velva240,Block661,,,,white,nonhispanic,F,Edgartown  Massachusetts  US,139 Kreiger Loaf,East Longmeadow,Massachusetts,Hampden County,,42.017939965300734,-72.52642530572855,429083.3,5404.179999999999
3c48906b-748d-4e4b-ad44-e9554c0f8712,1994-12-12,,999-81-4981,S99932181,X47827490X,Ms.,Soo315,Lueilwitz711,,,,white,nonhispanic,F,Melrose  Massachusetts  US,930 Streich Bridge Apt 20,Framingham,Massachusetts,Middlesex County,,42.3655207738422,-71.3940907769208,85622.96,13308.9
7b14596e-e33e-4c87-82f8-eb2846ffb004,1931-10-17,2017-04-29,999-54-8354,S99950766,X3397076X,Mrs.,Keila316,Wyman904,,Klein929,M,asian,nonhispanic,F,Southborough  Massachusetts  US,756 Torp Bridge Apt 15,Littleton,Massachusetts,Middlesex County,,42.49417072458922,-71.52522498464909,397511.77,130091.85
2b1284d4-6a94-4db4-89b4-f4679bbfb444,1989-07-07,,999-93-9445,S99924773,X23820724X,Mrs.,Chasity985,Jones311,,Mills423,M,black,nonhispanic,F,Agawam  Massachusetts  US,173 Blick Forge Suite 52,Melrose,Massachusetts,Middlesex County,2176.0,42.451696514433024,-71.08355070427935,666960.66,11762.159999999998
b531c58c-20f8-4218-bfa2-21ca2647c24a,1940-12-11,,999-32-4460,S99996846,X68752839X,Mrs.,Marylou497,Jenkins714,,Klocko335,M,white,nonhispanic,F,Boston  Massachusetts  US,602 Ebert Orchard Suite 64,Foxborough,Massachusetts,Norfolk County,,42.06894437914821,-71.27799101873984,1686927.82,26911.91
84712640-9a51-4e22-b2d5-193073d2edf5,1937-09-01,,999-78-2498,S99974880,X19706516X,Mr.,Bradly656,Borer986,PhD,,M,white,nonhispanic,M,West Brookfield  Massachusetts  US,593 Deckow Ville Unit 75,Pembroke,Massachusetts,Plymouth County,,42.09314969528325,-70.77306392234033,1464505.68,7857.559999999999
6d0a48d7-3450-44d8-81d9-222c698d7e56,1991-09-30,,999-53-5693,S99914482,X62372546X,Mrs.,Floria545,King743,,Hodkiewicz467,M,white,nonhispanic,F,Cambridge  Massachusetts  US,1030 Mueller Trailer,Salem,Massachusetts,Essex County,,42.498857606490525,-70.85318030719773,28732.3,1568.49
a797a1d9-2e44-4789-bf9b-83f32eebc85f,1962-07-31,,999-51-8831,S99932761,X10744714X,Mrs.,Melony418,Schiller186,,Bradtke547,M,white,nonhispanic,F,Tewksbury  Massachusetts  US,277 Nader Spur Unit 49,Fall River,Massachusetts,Bristol County,2723.0,41.70108950191568,-71.10668297717572,1290989.41,7925.079999999999
8aeee1ee-9c8b-42b3-bba6-ecb3f3f01a40,1971-10-29,,999-52-5894,S99963544,X37010279X,Mr.,Joey457,Boehm581,,,M,white,nonhispanic,M,Leominster  Massachusetts  US,378 Walter Knoll Unit 86,Tisbury,Massachusetts,Dukes County,,41.46685737758061,-70.66142128041719,1112511.32,4572.04
c1c7d8c7-2c01-4d40-9fd9-8d644f792390,1931-03-18,2017-10-04,999-48-3877,S99999720,X31941071X,Mrs.,Helaine42,Mohr916,,Langworth352,M,white,nonhispanic,F,Framingham  Massachusetts  US,765 Jast Stravenue,Worcester,Massachusetts,Worcester County,1583.0,42.32516957223015,-71.82240723036918,352270.68,35578.85
26151e55-00b0-412b-8969-ed919ccce8cf,1945-05-03,2020-03-12,999-98-6573,S99988025,X56712837X,Mrs.,Tori754,Parker433,,Schmidt332,M,white,nonhispanic,F,Billerica  Massachusetts  US,648 Heller Viaduct,Lexington,Massachusetts,Middlesex County,2421.0,42.40544504926439,-71.20599438212437,1460443.35,18460.09
b4bcbfae-a566-4990-9e3f-1afe830813d5,1979-11-30,,999-20-9637,S99953092,X44451783X,Mr.,Nicky270,Lang846,,,M,white,nonhispanic,M,Boston  Massachusetts  US,361 Conn Port,Boston,Massachusetts,Suffolk County,2124.0,42.38048971007567,-71.03665565542643,879024.22,3624.6
20e8f6e1-42f1-405a-9dee-80df9f9caabb,1986-07-19,,999-40-1985,S99985374,X50632955X,Mrs.,Gerald181,Howell947,,Olson653,M,white,nonhispanic,F,Winchendon  Massachusetts  US,467 Russel Rest,Lowell,Massachusetts,Middlesex County,1850.0,42.67812409801595,-71.28793735726097,758959.98,8065.719999999998
1b3e5e29-1357-4c74-8c17-f702d7b4c525,2017-08-24,,999-99-9328,,,,Irvin970,Hayes766,,,,white,nonhispanic,M,Amesbury  Massachusetts  US,832 Bins Track Unit 96,Marshfield,Massachusetts,Plymouth County,,42.11384206747806,-70.69210804451716,61711.81,1672.4699999999998
cac1763f-380d-4d39-bbc4-d09fb8f4b0dc,1984-05-01,,999-36-5431,S99970310,X37009037X,Mr.,Lawrence741,Schumm995,,,M,white,nonhispanic,M,Pittsfield  Massachusetts  US,717 Mertz Bay,Rehoboth,Massachusetts,Bristol County,,41.83366441505452,-71.2618576330881,965793.56,4033.04
4552b960-17ea-4e96-a972-8d06dfce045c,1964-11-13,,999-30-3092,S99951865,X38698398X,Mr.,Howard613,McKenzie376,,,M,white,nonhispanic,M,Townsend  Massachusetts  US,215 Fadel Arcade Suite 41,Chicopee,Massachusetts,Hampden County,1013.0,42.19251764576309,-72.54045695170629,1204906.57,4324.56
47eb655a-2f5e-43b4-a45e-8eee2b5e8517,2000-05-03,,999-20-2194,S99951886,X57848632X,Ms.,Delana41,Walsh511,,,,white,nonhispanic,F,New Bedford  Massachusetts  US,455 Heathcote Village,Wellesley,Massachusetts,Norfolk County,,42.34279129406424,-71.26135541957815,461878.22,3464.72
f069dd80-3ce8-4feb-9c67-416e6a16dbd2,1999-06-26,,999-41-9735,S99969396,X61330750X,Ms.,Allyson474,Bartell116,,,,white,nonhispanic,F,Malden  Massachusetts  US,443 Hane Street Unit 47,Billerica,Massachusetts,Middlesex County,,42.569525145674895,-71.25562152982475,555341.54,2791.48
eab4ae10-dddb-4fa5-8f25-3b2ab8fad36b,1945-05-03,2016-05-07,999-72-7196,S99989049,X74820048X,Mrs.,Lesha323,Kovacek682,,Hills818,M,white,nonhispanic,F,Dover  Massachusetts  US,870 Mohr Branch Apt 37,Lexington,Massachusetts,Middlesex County,2420.0,42.45468317143125,-71.25560118362915,1504858.6,9154.12
34d792d6-350f-4cd1-bae2-1d7754d53c04,1947-01-18,,999-51-7335,S99960288,X26754317X,Mr.,Alvaro283,Lakin515,,,M,white,nonhispanic,M,Duxbury  Massachusetts  US,1064 Russel Crossroad Apt 94,Lawrence,Massachusetts,Essex County,,42.69430211856052,-71.18792002817781,1359664.07,6654.32
3ffb3245-f700-4840-be35-9e96bde36474,1959-03-18,,999-44-2395,S99933829,X15507653X,Mr.,Nolan344,Herzog843,,,M,white,nonhispanic,M,Wilbraham  Massachusetts  US,430 Mitchell Estate Apt 3,Boston,Massachusetts,Suffolk County,2125.0,42.3867292427755,-71.07053655739814,1333756.12,15953.93
00ae4017-2c92-4216-ba19-3a7d42ff0858,1979-05-12,1991-07-24,999-32-8600,,,,Floria545,Conn188,,,,white,nonhispanic,F,New Bedford  Massachusetts  US,1085 Boyer Meadow Suite 51,Southbridge,Massachusetts,Worcester County,1550.0,42.0115168980045,-72.06832577797734,267001.07,1678.9599999999998
10d90399-05b1-4d4a-ac56-1dcead30760d,1956-08-13,,999-47-7099,S99942630,X88041470X,Ms.,Denese626,Marks830,,,S,white,nonhispanic,F,Agawam  Massachusetts  US,506 West Tunnel Unit 65,Natick,Massachusetts,Middlesex County,,42.27416356478518,-71.3552236782968,1338250.28,14396.959999999995
c69ff709-e2e8-4f5e-9b7f-b051eb9dd62e,1968-09-14,,999-69-4463,S99946832,X35104608X,Mrs.,Ivelisse712,Kulas532,,Tremblay80,M,white,nonhispanic,F,Novosibirsk  Novosibirsk Oblast  RU,729 Osinski Way,Springfield,Massachusetts,Hampden County,1129.0,42.12407250004599,-72.55631796279451,1125180.74,6330.469999999999
991813b9-c8f6-4db1-98a6-35f2f89fa6ed,1979-05-12,,999-43-8980,S99942065,X42355904X,Ms.,Henry768,Brakus656,,,S,white,nonhispanic,F,Ludlow  Massachusetts  US,230 Okuneva Brook,Southbridge,Massachusetts,Worcester County,,42.10707557946979,-72.08126767338068,936364.36,7110.329999999999
b6f3b299-e148-4790-8e89-7052cc70a812,1943-10-29,,999-66-2094,S99972988,X16043313X,Mrs.,Nelda514,Farrell962,,Kuvalis369,M,white,nonhispanic,F,Springfield  Massachusetts  US,614 Ondricka Road Apt 21,Bourne,Massachusetts,Barnstable County,2532.0,41.720734555060126,-70.61064725637883,1512403.84,15918.839999999998
2d3d1dce-8ab9-467f-b392-0182acb1418c,1946-04-19,,999-93-1309,S99945973,X46747320X,Mrs.,Stevie682,Schmitt836,,MacGyver246,M,white,nonhispanic,F,North Andover  Massachusetts  US,945 Von Crossroad Apt 30,Chelsea,Massachusetts,Suffolk County,,42.43728127856808,-71.03543750210034,1490328.52,14888.14
fce6ba17-a080-4bc4-aaba-3e1874f94b06,2017-11-12,,999-17-6159,,,,Grazyna952,West559,,,,white,nonhispanic,F,Danvers  Massachusetts  US,341 King Row,Somerville,Massachusetts,Middlesex County,2140.0,42.33896319706615,-71.14293676898068,56499.56,1779.0399999999995
2d6d0292-6e81-443f-b893-3c35cfaaa9bf,1957-11-17,,999-78-5651,S99983986,X3604031X,Mr.,Hoyt490,Towne435,,,S,asian,nonhispanic,M,Boston  Massachusetts  US,717 West Viaduct,Newton,Massachusetts,Middlesex County,2462.0,42.28567410884783,-71.17814295890909,1512201.02,6876.04
cb1f4f98-66d7-477c-b996-254f3e7d4511,1999-06-04,,999-26-2481,S99925432,X30459898X,Mr.,Vince741,Upton904,,,,asian,nonhispanic,M,Worcester  Massachusetts  US,1024 Abshire Light Suite 75,Lowell,Massachusetts,Middlesex County,1851.0,42.6656586516452,-71.33802475080472,556928.57,2791.48
417f97da-84cf-4e64-9dde-c16a0872bb91,1965-07-14,,999-33-1363,S99924730,X40605290X,Mrs.,Lena684,Vandervort697,,Roob72,M,white,nonhispanic,F,North Brookfield  Massachusetts  US,1062 Lueilwitz Gardens Unit 41,North Andover,Massachusetts,Essex County,,42.70329872571049,-71.05486712524926,1239111.41,7443.439999999999
a0add28b-686b-4d51-8cad-19f27894c443,1972-08-11,,999-82-2967,S99944748,X1147790X,Mrs.,Guadalupe206,Girón243,,Salinas3,M,white,hispanic,F,Caguas  Puerto Rico  PR,887 Aufderhar Track Unit 85,Northborough,Massachusetts,Worcester County,1532.0,42.33275979606947,-71.66095672199954,1226702.99,5201.2
9b64a66c-8afe-4b75-9f52-305c95484f76,1965-03-29,,999-30-4198,S99949037,X74006939X,Mr.,Clement78,Abbott774,,,M,white,nonhispanic,M,Norton  Massachusetts  US,502 Lehner Promenade,Chicopee,Massachusetts,Hampden County,1022.0,42.21885035321742,-72.50797309484858,1330584.99,4884.56
c8667048-2a41-41c3-8f6f-bd030b0e2e56,1995-07-01,,999-10-1732,S99930307,X85572112X,Ms.,Jovan870,Herzog843,,,,white,nonhispanic,F,Gill  Massachusetts  US,423 Medhurst Dam Apt 97,Boston,Massachusetts,Suffolk County,2210.0,42.303739204009226,-71.10759177060476,510242.65,4594.56
fdcf8977-494c-4daa-aff0-648549053d56,1987-11-17,,999-89-5095,S99967452,X37087832X,Mr.,Steve819,Donnelly343,,,S,white,nonhispanic,M,Northampton  Massachusetts  US,178 Wisozk Corner Suite 70,Maynard,Massachusetts,Middlesex County,1754.0,42.42044849016005,-71.46408992236579,751499.96,4481.28
142af667-7c24-4d56-a535-00b6bc36fda8,2005-04-22,,999-70-9282,,,,Fidel864,Hermann103,,,,white,nonhispanic,M,Harwich  Massachusetts  US,324 Ortiz Track Suite 82,Wareham,Massachusetts,Plymouth County,,41.80714134156272,-70.7161304808826,385496.34,6050.360000000001
52e2b857-cfab-4c63-90a8-5b86a22405d2,1959-01-19,,999-98-3540,S99988663,X86698104X,Mrs.,Shellie908,Weber641,,Koss676,M,asian,nonhispanic,F,Boston  Massachusetts  US,1029 Torphy Esplanade,Holbrook,Massachusetts,Norfolk County,2368.0,42.11429904235816,-70.96023373220102,1450666.93,10327.399999999998
592fee78-7138-4640-8293-6440a6f23208,1998-05-06,,999-56-2910,S99984874,X41434662X,Ms.,Sheila338,Johnston597,,,,white,nonhispanic,F,Sharon  Massachusetts  US,587 Padberg Trace,Boston,Massachusetts,Suffolk County,2127.0,42.3132624742458,-71.13110762784116,537823.08,4316.32
26927b16-4634-4a54-b5be-973c29e428ad,1975-05-08,,999-75-6584,S99981772,X38003890X,Mr.,Curtis94,Kovacek682,,,M,black,nonhispanic,M,Boston  Massachusetts  US,173 Cremin Wynd,Brookline,Massachusetts,Norfolk County,2215.0,42.34062317495256,-71.10156645082034,1031737.59,3851.28
edbef59e-8f07-4fe5-a846-c7a84701637a,1970-09-15,,999-17-1544,S99912319,X56734097X,Mr.,Ruben688,Sanford861,,,M,white,nonhispanic,M,Groveland  Massachusetts  US,853 Schoen Club Suite 59,Newton,Massachusetts,Middlesex County,2472.0,42.28079842368768,-71.2466706083839,1080678.26,4099.75
90add2e3-942d-4bb2-ac56-4ecda7799ae5,1916-01-07,1996-07-12,999-79-1979,S99956887,X78220768X,Mrs.,Krystin400,Cartwright189,,Bergstrom287,M,white,nonhispanic,F,Boston  Massachusetts  US,865 Homenick Gate,Boston,Massachusetts,Suffolk County,2115.0,42.29052494873992,-71.07334070023744,255753.92,10290.31
bc00028d-c65c-407f-8b98-14cf336e6ade,1957-11-04,,999-71-8917,S99920514,X84233469X,Mr.,Demarcus108,Macejkovic424,,,M,white,nonhispanic,M,Swampscott  Massachusetts  US,419 Herman Port Unit 25,Holyoke,Massachusetts,Hampden County,1040.0,42.25364020289543,-72.59893407728929,1511123.67,6362.759999999999
21ed09b7-2544-4a15-8b9d-3f39f3029d26,1984-01-27,,999-34-6519,S99964133,X71847310X,Mrs.,Cheri871,Connelly992,,Johns824,M,white,nonhispanic,F,Haverhill  Massachusetts  US,461 Rippin Arcade Apt 63,Braintree,Massachusetts,Norfolk County,2184.0,42.22282494009535,-71.04924814402133,773397.72,8366.779999999999
1382d26d-ff63-40b2-b70b-72359174a725,1970-02-22,2020-03-10,999-42-6704,S99966115,X73507295X,Mr.,Lupe126,Yundt842,,,M,white,nonhispanic,M,Danvers  Massachusetts  US,580 Yost Wynd,New Bedford,Massachusetts,Bristol County,2745.0,41.73504306225705,-70.91402064636307,157126.65,13751.54
80a88f72-eda9-41dc-a46a-8b74bdf53c1f,1970-02-22,,999-16-1777,S99978885,X60502828X,Mr.,Sanford861,Wisoky380,,,M,white,nonhispanic,M,Lynn  Massachusetts  US,1078 Berge Lane Unit 61,New Bedford,Massachusetts,Bristol County,2744.0,41.63503021476265,-71.0063853292102,154380.55,5984.86
73fbac14-e11b-41a1-8ca4-303d8984e2cb,1916-01-07,2002-04-19,999-38-2473,S99924762,X55922981X,Ms.,Renna830,Carter549,,,S,white,nonhispanic,F,Franklin  Massachusetts  US,973 Terry Quay,Boston,Massachusetts,Suffolk County,2135.0,42.26531066203773,-71.05816961132824,289746.55,33524.43
c41f485c-82b5-41ef-89ae-6ae0779d8002,1910-11-30,1997-06-03,999-69-8622,S99992069,X42973380X,Mr.,Emile522,Miller503,,,M,white,nonhispanic,M,Longmeadow  Massachusetts  US,428 VonRueden Dale,Reading,Massachusetts,Middlesex County,1867.0,42.57274561380846,-71.10756325389491,1718647.58,16856.2
4013a30b-f435-47e6-ba4d-3a5276f85ed4,1935-09-17,1949-05-03,999-73-1786,,,,Jackeline690,Koss676,,,,white,nonhispanic,F,Quincy  Massachusetts  US,744 Toy Park Apt 43,Andover,Massachusetts,Essex County,,42.635559295753815,-71.18486821030018,27238.45,294.96
c56a228b-6375-4cf1-8178-47159af29b2d,1910-11-30,1979-10-14,999-42-7649,S99920097,X58565194X,Mr.,Darrin898,Mosciski958,,,M,white,nonhispanic,M,Watertown  Massachusetts  US,891 Farrell Grove,Reading,Massachusetts,Middlesex County,1801.0,42.52583333653182,-71.08089878801299,1430775.74,21711.54
0e045333-f4d6-4cab-a804-76734182006a,1973-11-10,1987-08-29,999-32-7807,,,,Mose244,Waters156,,,,asian,nonhispanic,M,Boston  Massachusetts  US,1088 Marvin Burg,Townsend,Massachusetts,Middlesex County,,42.68485461665307,-71.75278243641435,320363.62,2129.76
533ddea6-a829-45d8-8587-d292a1a4f78f,2005-07-12,,999-37-3800,,,,Velda682,Doyle959,,,,white,nonhispanic,F,Concord  Massachusetts  US,1072 Kautzer Corner Suite 71,Melrose,Massachusetts,Middlesex County,2176.0,42.43540667777693,-71.06723376128092,31604.9,579.1199999999999
dd32b0d7-c9a5-4b22-941b-69af0f37c0c0,2001-11-29,,999-40-2461,S99931980,,Mr.,Connie24,Bartoletti50,,,,white,nonhispanic,M,Swansea  Massachusetts  US,380 Abshire Passage Suite 59,Weymouth,Massachusetts,Norfolk County,2188.0,42.23949559560248,-70.91568929285505,380037.08,3233.88
8fc91c3a-d69a-4bdb-8096-573f195dbaa5,1934-06-07,,999-24-4394,S99933085,X44909837X,Mrs.,Laurel943,Boyer713,,Becker968,M,white,nonhispanic,F,Yarmouth  Massachusetts  US,723 Ruecker Ranch Unit 76,Malden,Massachusetts,Middlesex County,,42.41922620118261,-71.07186445709765,282113.39,13463.06
5d8c84c9-82ba-49b6-b0fc-6cabf3ca7c80,1935-02-21,2012-03-05,999-67-2397,S99958666,X5454932X,Mrs.,Trisha327,Koelpin146,,Lubowitz58,M,white,nonhispanic,F,Arlington  Massachusetts  US,100 Kertzmann Landing Suite 14,Lynnfield,Massachusetts,Essex County,1940.0,42.50169135545313,-71.01020966312646,1428716.3,159566.01999999996
44654ccd-3569-4e55-a39a-33276128bafb,1997-06-23,,999-68-1522,S99986171,X18820274X,Mr.,Brenton674,Daniel959,,,,white,nonhispanic,M,Needham  Massachusetts  US,1080 Bailey Frontage road Apt 2,Cambridge,Massachusetts,Middlesex County,2472.0,42.32365929424496,-71.046928282043,486757.25,4266.24
fb848043-92e8-4852-ad5f-f00a1c5e4552,1952-10-26,,999-96-9757,S99969894,X6496687X,Mrs.,Mindi87,Koepp521,,Smith67,M,white,nonhispanic,F,Woburn  Massachusetts  US,532 O'Kon Vista Suite 45,Rockport,Massachusetts,Essex County,1966.0,42.70114932462511,-70.5849725001287,1546949.32,14177.799999999996
244096d7-0e9a-4612-b100-de1a05896730,1929-10-05,1930-07-26,999-25-7514,,,,Julian715,Abshire638,,,,white,nonhispanic,M,Hatfield  Massachusetts  US,717 Quigley Gateway,Dennis,Massachusetts,Barnstable County,,41.70096070276484,-70.16404637368312,17891.31,294.96
9dbbf017-9aaa-4aca-a529-bf7b397fc9ed,1946-04-29,,999-16-7159,S99994319,X4205570X,Ms.,Monica757,Schuster709,,,S,white,nonhispanic,F,Sharon  Massachusetts  US,657 Hahn Dale,Amherst,Massachusetts,Hampshire County,,42.367675602427774,-72.49788109709252,1281765.87,10908.8
3c80fae4-da9e-4b4c-ba89-09ac3feab1c4,1965-10-25,,999-68-9112,S99968748,X31610561X,Mr.,Stewart672,Mosciski958,,,M,white,nonhispanic,M,Merrimac  Massachusetts  US,824 Huel Gardens,Somerville,Massachusetts,Middlesex County,2144.0,42.428519385790544,-71.12773458664438,1482064.88,5367.92
8dccf1ae-86d5-40c1-a6cc-9bdbe3c7b974,2000-11-19,,999-42-8379,S99983370,,Ms.,Grace552,Cremin516,,,,white,nonhispanic,F,Middleton  Massachusetts  US,950 Jacobi Rest Suite 86,Reading,Massachusetts,Middlesex County,1801.0,42.498926237599136,-71.08967588448027,6609.97,0.0
6ec48ae0-3601-4817-a3f5-72d2bca5e1c7,1985-10-25,,999-13-4464,S99980064,X23528538X,Mrs.,Lynell252,Klocko335,,Greenholt190,M,white,nonhispanic,F,Marshfield  Massachusetts  US,996 Veum Divide Suite 90,Cambridge,Massachusetts,Middlesex County,2142.0,42.36960388368688,-71.13439421959745,840045.48,6480.16
e51d3d93-1357-4d85-8f5d-68ef5f32507b,1980-06-29,,999-66-1498,S99964328,X28753115X,Mrs.,Abbie917,Ratke343,,Kilback373,M,white,nonhispanic,F,Boston  Massachusetts  US,261 Herman Junction Suite 42,Taunton,Massachusetts,Bristol County,2780.0,41.865250337998056,-71.16311052298971,821920.0700000001,6736.849999999999
2a3d9d18-c3a3-4eaf-8225-e9079e444e51,1952-08-03,,999-13-2201,S99946445,X13749215X,Mrs.,Lorena247,Medina536,,de Jesús414,M,white,hispanic,F,Kingston  Kingston  JM,225 Jerde Manor,Framingham,Massachusetts,Middlesex County,1701.0,42.24558235433928,-71.4370353384734,57278.94,3292.2499999999995
16da0b4f-2978-426e-9888-0fba3486f01d,1959-02-18,2005-11-30,999-92-2991,S99941832,X59584835X,Mrs.,Fe271,Flatley871,,Schultz619,M,white,nonhispanic,F,Gloucester  Massachusetts  US,888 Effertz Rest,Mashpee,Massachusetts,Barnstable County,,41.602484141531,-70.46868383113647,1050706.22,12180.129999999996
3edc153d-1bed-44cc-979c-b142d02dd6e0,2012-01-11,,999-28-8799,,,,Gustavo235,Cardona494,,,,white,hispanic,M,La Paz  Baja California  MX,147 Kreiger Throughway,Malden,Massachusetts,Middlesex County,,42.45235483058088,-71.05832952602285,24081.09,774.9599999999999
b9a909bb-0e9c-4920-9728-9d8db6639e84,2003-06-02,,999-54-7862,S99913446,,,Hunter736,Witting912,,,,white,nonhispanic,M,Woburn  Massachusetts  US,172 Cummerata Track Unit 35,Plymouth,Massachusetts,Plymouth County,2360.0,41.8791150890176,-70.66774755021773,391828.87,3593.88
679879e7-b40d-4e16-915b-c119475b9c77,1935-10-05,1997-03-29,999-54-6679,S99936842,X74834948X,Mr.,Kristopher775,Roob72,,,M,black,nonhispanic,M,Wareham  Massachusetts  US,901 Littel Dale Unit 65,Boston,Massachusetts,Suffolk County,2151.0,42.29231140644136,-71.08215100468855,1502058.2300000002,6455.929999999999
d2b13c9a-ac9c-4a32-a05d-b6e89de5ddcf,1947-05-13,,999-24-2013,S99960677,X89007800X,Mr.,Aurelio227,Wilkinson796,,,M,asian,hispanic,M,Boston  Massachusetts  US,673 Orn Ramp Suite 71,Lowell,Massachusetts,Middlesex County,,42.60710951036644,-71.36828266279738,231613.29,8200.619999999999
f86ad258-0d01-4a19-86e9-0d32043833d6,1955-11-23,1993-10-13,999-76-2494,S99941865,X42811394X,Mr.,Chi716,Hartmann983,,,S,white,nonhispanic,M,Holyoke  Massachusetts  US,264 Zboncak Corner Suite 98,New Bedford,Massachusetts,Bristol County,2743.0,41.61546583045124,-70.8884725595562,1007044.7,2521.44
20847b73-3d44-4d3c-b747-6be62883e7ca,1962-06-03,,999-86-3008,S99980596,X72696340X,Mr.,Ellsworth48,Lemke654,,,M,white,nonhispanic,M,Hanson  Massachusetts  US,962 Goyette Estate,New Bedford,Massachusetts,Bristol County,,41.76719893892576,-70.87585828918883,1258180.1,5251.45
ed18a8d0-a04c-4c90-81e2-74a7e66d7497,1955-11-23,,999-61-4085,S99971460,X50066795X,Mr.,Vance413,Ernser583,,,M,white,nonhispanic,M,Marlborough  Massachusetts  US,408 Treutel Mill Suite 65,New Bedford,Massachusetts,Bristol County,2746.0,41.749959463564224,-70.94830843812848,1401641.75,6520.16
47c0e0ac-b6bf-41da-88b9-7bcb08d9ddae,1936-05-25,2020-03-21,999-78-3810,S99945134,X22367572X,Mrs.,Missy373,Jakubowski832,,Ferry570,M,white,nonhispanic,F,Northbridge  Massachusetts  US,486 Hansen Glen Apt 63,Randolph,Massachusetts,Norfolk County,,42.20675302927859,-71.08408420551555,1441383.77,16790.789999999997
cc83fd6c-f801-4825-b7c6-fbf794c9e02c,1960-04-19,,999-35-3088,S99979452,X33587134X,Mr.,Leigh689,Schuster709,,,M,white,nonhispanic,M,Billerica  Massachusetts  US,832 Lynch Center Suite 33,Haverhill,Massachusetts,Essex County,1835.0,42.759686140444266,-71.10421196143571,1238820.29,6613.399999999999
5ee2317b-800d-4a16-bb57-eb2ccbb7bf9d,1964-10-20,,999-83-5302,S99916283,X83593439X,Mrs.,Adela471,Ramírez776,,Frías523,M,white,hispanic,F,La Paz  Baja California  MX,351 Steuber Trail Suite 24,Winthrop,Massachusetts,Suffolk County,2152.0,42.39550278497505,-71.00424853607701,1410897.45,5925.32
ff99d668-a690-40d7-9be7-e970244dde2a,2016-05-11,,999-30-8366,,,,Glen190,Kub800,,,,white,nonhispanic,M,Dracut  Massachusetts  US,518 Roberts Flat,Boston,Massachusetts,Suffolk County,2119.0,42.34270979754868,-71.11524245429659,89479.81999999999,3543.4
0d91b29c-838c-4afd-ba4e-270ca8b0d127,1929-10-05,,999-17-7996,S99977446,X88842331X,Mr.,Stanton715,Sauer652,,,M,white,nonhispanic,M,Nantucket  Massachusetts  US,867 Nader Bay Apt 24,Dennis,Massachusetts,Barnstable County,2638.0,41.7316928447595,-70.20159035139477,1653711.19,20129.5
e6e6a6fe-ad07-4a8c-a08c-aabc6a9be741,1973-07-06,,999-99-7817,S99929051,X5448271X,Ms.,Lucilla742,Mayert710,,,S,white,nonhispanic,F,Quincy  Massachusetts  US,428 Pacocha Trail Apt 68,Medford,Massachusetts,Middlesex County,2155.0,42.39291170870631,-71.14777150606604,1088775.01,5870.239999999999
65cc7949-c5d1-4074-8a25-1552445d9154,1943-02-16,1958-06-03,999-74-5188,,,,Magali989,DuBuque211,,,,white,nonhispanic,F,West Springfield  Massachusetts  US,512 Schumm Way Apt 78,Chelsea,Massachusetts,Suffolk County,2150.0,42.46285031578242,-71.04508056779832,36997.42,320.79999999999995
e25286db-8b3f-4b40-b319-9acacacbdf1d,1960-10-23,2011-02-03,999-60-6723,S99969946,X45175991X,Mrs.,Laine739,Lakin515,,Kassulke119,M,white,nonhispanic,F,Newton  Massachusetts  US,924 Nikolaus Rest,Gloucester,Massachusetts,Essex County,,42.61344180307515,-70.67296176768622,153393.58,32853.399999999994
06a908b1-aac0-4316-9747-32b2cc891839,2011-04-27,,999-90-4433,,,,Terence292,Homenick806,,,,white,nonhispanic,M,Ashland  Massachusetts  US,720 O'Connell Lock,Boston,Massachusetts,Suffolk County,2134.0,42.35854636829259,-71.00269572179813,27763.34,2878.16
033e26b7-d001-414d-8205-b7cd789dac9e,1943-02-16,2015-09-03,999-32-5986,S99949273,X59145046X,Ms.,Dianna917,Conn188,,,S,white,nonhispanic,F,Easthampton  Massachusetts  US,954 Doyle Tunnel Apt 17,Chelsea,Massachusetts,Suffolk County,,42.44289871575279,-71.02539097139358,985578.66,12031.319999999998
5c26cdb1-4155-4583-8853-2d4906e406d3,1963-11-25,,999-24-2990,S99925782,X75607006X,Mr.,Buddy254,Metz686,,,M,white,nonhispanic,M,Leominster  Massachusetts  US,237 Schultz Viaduct,Boston,Massachusetts,Suffolk County,2128.0,42.39480709035188,-71.10776499016279,178982.91,18386.1
968587d0-35ef-452b-b017-5a166760dd48,1963-04-22,,999-19-5393,S99912093,X35332310X,Mr.,Chuck784,Ratke343,,,M,white,nonhispanic,M,Amherst  Massachusetts  US,851 Rogahn Tunnel Apt 56,Boston,Massachusetts,Suffolk County,2129.0,42.34961846489153,-71.08745114933411,1188255.9300000002,6429.28
c460647d-26f1-4584-a014-2b40bc872eb8,1976-10-11,,999-38-6767,S99918779,X56215385X,Mr.,Reed154,Donnelly343,,,M,white,nonhispanic,M,Norwood  Massachusetts  US,370 Gerhold Orchard,Cambridge,Massachusetts,Middlesex County,2141.0,42.34730444723462,-71.12629455892768,907230.08,4985.32
33ed3e05-cb44-45ec-a51c-f618f9588ef4,1969-11-04,2020-03-05,999-44-5936,S99997306,X6610958X,Mr.,Felipe97,Howe413,,,M,white,nonhispanic,M,Dennis  Massachusetts  US,775 Terry Common Unit 63,Wilmington,Massachusetts,Middlesex County,,42.584546886782775,-71.20269434394251,1223898.24,6042.799999999999
9507045b-e810-461c-9a6c-1c56773dd8c4,1943-02-16,,999-37-5891,S99964455,X59013081X,Mrs.,Dorla228,Ondricka197,,Ullrich385,M,white,nonhispanic,F,Worcester  Massachusetts  US,468 Morissette Terrace Suite 89,Chelsea,Massachusetts,Suffolk County,2149.0,42.403769120472745,-71.02059797600586,1133638.15,15807.85
cd68dca0-15e6-42f8-ae25-650497302c76,1949-04-01,,999-40-2781,S99945070,X46995649X,Mr.,Felix524,Wisozk929,,,M,white,nonhispanic,M,Hingham  Massachusetts  US,208 Kunze Road,Taunton,Massachusetts,Bristol County,,41.894493504367205,-71.05444834229898,1372760.07,11973.86
d3768418-0baf-4e48-9419-28ac1d58d562,1971-09-16,,999-51-7373,S99970846,X89482011X,Mrs.,Barbara209,Perales854,,Quiñones183,M,white,hispanic,F,Mexico City  Mexico City  MX,668 Hartmann Quay,Worcester,Massachusetts,Worcester County,,42.29277971358657,-71.81344170508166,1123733.49,8669.769999999999
47a6f8ff-ff35-42e1-9821-4f32250b8eee,1994-05-18,,999-79-3545,S99935081,X5544059X,Mr.,Andrea7,Botsford977,,,,white,nonhispanic,M,Plymouth  Massachusetts  US,579 Wuckert Rue Apt 32,Northbridge,Massachusetts,Worcester County,,42.16989309575031,-71.66269786987648,536869.96,3381.36
74d0df3c-9cc6-4016-a7ed-16ebad4d2e14,1988-02-29,,999-18-9223,S99935027,X34536032X,Mr.,Chester802,Lebsack687,,,M,white,nonhispanic,M,Somerville  Massachusetts  US,170 Toy Pathway Apt 75,Winthrop,Massachusetts,Suffolk County,,42.32648998773672,-70.97932538073972,861077.0700000001,3736.4
4439ef73-c304-4b22-9a58-69b070a854f4,1942-09-01,2014-03-24,999-75-5610,S99962479,X203367X,Mr.,Herb645,Kirlin939,,,M,black,nonhispanic,M,Revere  Massachusetts  US,1002 Berge Run Apt 53,Longmeadow,Massachusetts,Hampden County,1106.0,42.069008958970464,-72.58449494148701,1662663.2,13132.14
5ab791c2-598d-41ff-abf2-02e786adea6f,1961-12-31,,999-59-2897,S99937613,X47339449X,Ms.,Tawanda156,Bogisich202,,,S,white,hispanic,F,Stoneham  Massachusetts  US,842 Jaskolski Junction Apt 89,Holland,Massachusetts,Hampden County,,42.02418398189477,-72.16335744262473,1250720.36,9630.29
9c197500-5191-48ff-a9d6-30275c2e8798,1942-09-01,2000-11-22,999-45-5212,S99968106,X77157810X,Mr.,Brendon298,Kutch271,,,S,black,nonhispanic,M,North Reading  Massachusetts  US,324 Lubowitz Course,Longmeadow,Massachusetts,Hampden County,,42.027210326099606,-72.55184513797458,1403605.87,5453.599999999999
7f0c3dc0-6f18-4193-a92a-05364f61df19,1964-04-24,,999-30-7897,S99976284,X34554332X,Mrs.,Malissa448,Bogan287,,Beier427,M,white,nonhispanic,F,North Brookfield  Massachusetts  US,953 Daugherty Port Apt 57,Raynham,Massachusetts,Bristol County,,41.95401997851209,-71.01942297871493,1473434.54,11071.69
4735c99a-de84-4a53-a0d9-314225e64603,1942-09-08,,999-24-8545,S99952661,X78668331X,Mr.,Jamel269,Grady603,,,M,asian,hispanic,M,Carlisle  Massachusetts  US,659 Morar Vale Suite 40,Wakefield,Massachusetts,Middlesex County,1880.0,42.54179548303881,-71.09566324607324,1612047.74,11906.89
aa25c304-d0f5-4501-9329-067e9d3bb016,2000-01-03,,999-11-5538,S99917194,X80937366X,Mr.,Hung902,Feest103,,,,white,nonhispanic,M,Lawrence  Massachusetts  US,654 Gleichner Overpass Apt 68,Monson,Massachusetts,Hampden County,,42.0821241898831,-72.28167359802104,518371.57,3684.72
03623a00-6bad-4fc7-9f5a-fbdccaf45ed2,1936-01-07,,999-60-1013,S99947029,X61280005X,Mr.,Newton741,Hilll811,,,M,white,nonhispanic,M,Everett  Massachusetts  US,804 Feest Annex,Barnstable,Massachusetts,Barnstable County,2632.0,41.60932985547438,-70.26080985388963,1737066.42,35913.7
0e93c580-cce8-4cb6-be6b-3d67ceba51ad,2012-09-15,,999-26-4833,,,,Hosea56,Hudson301,,,,white,nonhispanic,M,Boston  Massachusetts  US,415 Bayer Quay,Brockton,Massachusetts,Plymouth County,2301.0,42.08244598560257,-71.03644768097213,23612.35,2481.52
924da330-43af-493d-99b4-cec8ec87c12d,1967-11-03,,999-31-6565,S99987292,X84261906X,Mr.,Gus973,Yost751,,,S,native,nonhispanic,M,Lynn  Massachusetts  US,513 Ferry Ranch,Boston,Massachusetts,Suffolk County,,42.30095762931935,-71.14822274495955,149908.12,5751.15
b09946a0-fa6f-4d54-8b09-c5e002281b82,1945-08-07,,999-50-2011,S99992583,X26848157X,Mrs.,Criselda629,Witting912,,DuBuque211,M,white,nonhispanic,F,Seekonk  Massachusetts  US,443 Wehner Quay,Worcester,Massachusetts,Worcester County,1610.0,42.27095243597714,-71.8262090327701,1603542.78,9117.78
c509943f-7a3c-4501-ba42-20962f9b44d3,1978-04-26,,999-49-9253,S99997196,X27623472X,Mrs.,Tosha401,Hoeger474,,Little434,M,white,nonhispanic,F,Arlington  Massachusetts  US,922 Rutherford Throughway Apt 8,Lancaster,Massachusetts,Worcester County,,42.46380446277485,-71.71480848039998,872988.34,18313.98
bff9a047-1d13-44de-851c-2843e59b3926,1979-01-15,1979-11-12,999-85-2422,,,,Cornell131,Wunsch504,,,,white,hispanic,M,Holyoke  Massachusetts  US,146 Jast Wall Unit 28,Blackstone,Massachusetts,Worcester County,,42.012865689896586,-71.52206033803363,23752.16,414.9599999999999
3cd77bcb-27ad-4a27-a6b4-3e7bc12fe6ed,1947-05-20,,999-38-3859,S99971053,X78627573X,Mr.,Rick943,Thompson596,,,M,white,nonhispanic,M,Woburn  Massachusetts  US,384 Crist Crossing Unit 15,Dartmouth,Massachusetts,Bristol County,,41.54762191528356,-70.96732957125347,1751298.33,5902.88
c6252f61-668c-464d-afda-cc5b57312e61,1987-07-25,,999-77-8068,S99922165,X89010556X,Mrs.,Romaine793,Macejkovic424,,Kuvalis369,M,white,nonhispanic,F,Springfield  Massachusetts  US,1014 Klein Mill,Ashland,Massachusetts,Middlesex County,,42.28447976483952,-71.47519402499387,105231.32,12077.31
26ae83ff-be35-43b3-b6f6-776cea008679,1979-01-15,,999-71-9634,S99984845,X6258951X,Mr.,Bret7,Brakus656,,,M,white,hispanic,M,Waltham  Massachusetts  US,925 McLaughlin Center,Blackstone,Massachusetts,Worcester County,,42.03612140781677,-71.5025622962539,999482.35,3853.8
bcf2f203-5b0d-474d-bb3f-e6b763a752d6,1948-10-13,,999-56-7043,S99974618,X52176233X,Mr.,Dewitt635,Feil794,,,M,white,nonhispanic,M,Framingham  Massachusetts  US,352 Borer Glen Apt 5,Adams,Massachusetts,Berkshire County,1220.0,42.65937414461508,-73.13795906585192,1601114.85,9171.37
ff2b91b6-33eb-4484-a3e8-7a6b3ec937ac,1945-08-05,,999-66-1960,S99944852,X31051628X,Mr.,Bertram873,Durgan499,,,M,white,nonhispanic,M,Williamstown  Massachusetts  US,381 Goyette Key Suite 40,Ware,Massachusetts,Hampshire County,,42.34961548217952,-72.29214653395651,70648.66,2358.16
e9584f13-2aa2-4ad8-9f83-db73d0f034fd,1982-11-09,,999-74-4861,S99986046,X84565070X,Mr.,Sancho742,Díaz674,,,M,asian,hispanic,M,Wesley  Saint Andrew Parish  DM,767 Yundt Bypass,Winthrop,Massachusetts,Suffolk County,2152.0,42.40850613936738,-70.92572520983735,934563.47,7391.0
6baadff3-7bfb-438d-a2ad-94d08ec2aec6,1913-04-24,2001-11-10,999-94-4656,S99913361,X30427106X,Mrs.,Rosa195,Almaraz628,,Bravo546,M,white,hispanic,F,Santiago de los Caballeros  Santiago  DO,1083 Franecki Rapid,Fairhaven,Massachusetts,Bristol County,,41.60809523308418,-70.91679891116415,1449612.86,22522.59
d3e5df02-a1b9-435c-b4d4-90a10d238caa,2001-04-02,,999-37-2044,S99996081,,Ms.,Refugia211,Dooley940,,,,white,nonhispanic,F,Wilbraham  Massachusetts  US,243 Kirlin Drive Unit 20,Peabody,Massachusetts,Essex County,,42.48478615893808,-71.08412905876366,487020.34,3329.76
6e0d6f2e-8833-4ee1-9d0c-821bb7163b2d,2005-11-18,,999-32-1665,,,,Jayna69,Muller251,,,,white,nonhispanic,F,Northampton  Massachusetts  US,751 Halvorson Flat Suite 56,Burlington,Massachusetts,Middlesex County,,42.449808243644526,-71.25329272513136,390955.19,2915.68
878c47d9-fa38-4924-b57e-c835103dd0a7,1922-02-28,1986-08-12,999-80-4911,S99976107,X37522466X,Ms.,Francine922,Raynor401,,,S,white,nonhispanic,F,North Attleborough  Massachusetts  US,381 Thompson Spur,Needham,Massachusetts,Norfolk County,2494.0,42.298772145047046,-71.21911634021173,1538135.94,11075.97
ea31743e-b248-47ba-8116-cba1886fb2ae,1989-08-12,,999-33-9585,S99920349,X14996564X,Mrs.,Epifania219,Larkin917,,Armstrong51,M,white,nonhispanic,F,Wilmington  Massachusetts  US,270 Schinner Parade,Boston,Massachusetts,Suffolk County,2127.0,42.34567721593517,-71.08474327497542,692941.97,4720.36
74290f58-173e-4351-98d3-714e6dbe8b36,1957-03-08,,999-18-9710,S99977479,X67186551X,Mr.,Ike571,Purdy2,,,M,white,nonhispanic,M,Lynn  Massachusetts  US,819 Hermiston Drive,Walpole,Massachusetts,Norfolk County,2081.0,42.13432361229767,-71.21899452187252,1605148.25,8240.119999999999
adffe47e-1ac6-4598-a0ad-acd000dc8ce0,1992-09-02,,999-67-3738,S99999020,X47198164X,Mr.,Brooks264,Champlin946,,,S,asian,nonhispanic,M,Seoul  Seoul  KR,934 Morissette Viaduct Apt 86,Salem,Massachusetts,Essex County,,42.444068390899794,-70.88688627189008,704500.42,4090.52
ae03d6ee-e5df-486b-ba89-b3aeb1c99d70,2014-12-22,,999-76-1021,,,,John539,Zemlak964,,,,white,nonhispanic,F,Somerville  Massachusetts  US,269 Yost Road Apt 30,Worcester,Massachusetts,Worcester County,1609.0,42.26318638993375,-71.8214098773116,148065.32,1808.24
33f39240-cc55-4fc5-9eea-93950446dd1e,1922-02-28,1964-02-24,999-63-5416,S99984808,X15970959X,Mrs.,Georgianne697,Bauch723,,Marks830,M,white,nonhispanic,F,Chelsea  Massachusetts  US,221 Boehm Mill,Needham,Massachusetts,Norfolk County,,42.27392455770969,-71.23787758019947,870473.09,67287.23000000003
8580ba34-553a-4f34-bbf3-8e7860234af9,1940-02-27,,999-39-9429,S99920640,X36756518X,Mr.,Roderick835,Jacobs452,MD,,M,asian,nonhispanic,M,Daegu  Daegu  KR,1043 Lehner Track,Somerville,Massachusetts,Middlesex County,2144.0,42.41825966763243,-71.15325763491239,1553161.11,14273.96
94db1e63-9b6a-4a07-a7e8-603a2697a5b4,1987-03-16,,999-61-7538,S99924606,X29063147X,Mrs.,Arianna984,Stanton715,,O'Hara248,M,white,nonhispanic,F,Lawrence  Massachusetts  US,216 Feil Lodge,Brockton,Massachusetts,Plymouth County,2301.0,42.064834520980256,-70.99101956437265,853205.52,6649.44
d9569276-cc7f-4f49-9657-de7ec52c0a69,1995-11-30,,999-72-2169,S99973666,X49175318X,Mr.,Sam879,Kuphal363,,,,white,nonhispanic,M,Milton  Massachusetts  US,292 Robel Vale Unit 94,Worcester,Massachusetts,Worcester County,1545.0,42.3476437106713,-71.81253184573123,561415.13,3539.68
2617fbba-8cb7-4a7a-acc4-35518455141b,1955-01-26,,999-52-3430,S99953442,X36605787X,Mrs.,Ona426,Kulas532,,Daugherty69,M,white,nonhispanic,F,Barnstable  Massachusetts  US,525 Goldner Parade Suite 96,Lincoln,Massachusetts,Middlesex County,,42.4660333197577,-71.33284565555745,1548140.51,7524.32
49723360-cb2b-44fe-9dea-9c7c923b2515,1997-05-30,1998-12-18,999-93-7668,,,,Myriam433,McLaughlin530,,,,white,nonhispanic,F,Worcester  Massachusetts  US,447 Marks Mill,Chicopee,Massachusetts,Hampden County,1020.0,42.19941484196897,-72.52651762747261,40576.08,622.4399999999998
cf9bfb47-a0d9-4cc5-92a6-ac72637794a2,1967-07-12,,999-42-2021,S99944001,X26927833X,Mrs.,Shirlene698,Beahan375,,Johns824,M,white,nonhispanic,F,Springfield  Massachusetts  US,935 Carter Course,Boston,Massachusetts,Suffolk County,2151.0,42.32921928484297,-71.11657550782547,170434.36000000002,21091.37
810d728b-1371-46f6-9cf8-26c790494504,1988-08-15,,999-19-1453,S99968095,X38077433X,Mr.,Noah480,Johnston597,,,M,white,nonhispanic,M,Attleboro  Massachusetts  US,871 Feil Divide Apt 88,Wayland,Massachusetts,Middlesex County,,42.3836451105409,-71.3285279189825,661056.85,6330.039999999998
f8cc3c7a-e023-4cbb-83d2-033781249835,1989-05-20,,999-83-6082,S99926024,X14986369X,Mrs.,Johnie961,Olson653,,Jacobs452,M,white,nonhispanic,F,Walpole  Massachusetts  US,244 Kunze Trailer,Holliston,Massachusetts,Middlesex County,,42.22156250943787,-71.44732224948856,647865.54,4266.24
05ad2a74-d7e3-43d5-acae-fceb621e1241,1990-09-30,,999-48-9878,S99911254,X51783723X,Mrs.,Shae705,Little434,,Bergnaum523,M,white,nonhispanic,F,Medfield  Massachusetts  US,935 Hilpert Manor Suite 37,Boston,Massachusetts,Suffolk County,2113.0,42.29288156106126,-71.14545894425765,58813.63,3698.33
d33e00ba-ce62-43a7-b9f7-8e35a3fcc9e2,1991-04-10,,999-20-7533,S99964641,X68902444X,Mr.,Corey514,Mills423,,,M,white,hispanic,M,Billerica  Massachusetts  US,823 Thompson Glen Unit 45,Andover,Massachusetts,Essex County,,42.63361130392022,-71.17638661462772,597936.89,2606.4
44e98730-40e4-4f67-954c-a95e04917231,1956-05-24,,999-57-8897,S99977915,X9530509X,Mrs.,Juana825,Streich926,,Wyman904,M,white,nonhispanic,F,Somerset  Massachusetts  US,585 Ruecker Street Suite 50,Marlborough,Massachusetts,Middlesex County,,42.39311711126919,-71.53462347258811,1316606.31,12935.239999999998
edee8f1d-c3fd-429f-8d6f-c3c9b4c40b81,2018-03-08,,999-78-7719,,,,Wilton999,Thompson596,,,,white,nonhispanic,M,Brockton  Massachusetts  US,902 Gislason Underpass,Chelmsford,Massachusetts,Middlesex County,,42.62590558973097,-71.40937673730483,57072.01,1577.4
f639e8bc-3c13-4c60-b8c6-42417b3002b3,2005-04-28,,999-56-7981,,,,Hye44,Mertz280,,,,asian,hispanic,F,Medfield  Massachusetts  US,469 Kozey Parade,Springfield,Massachusetts,Hampden County,1108.0,42.16196070281509,-72.65062265125644,46120.65,3422.28
9f76840c-0ed4-4bd7-8b8b-4bb16911f3fe,1991-07-26,,999-22-3743,S99977362,X43839123X,Mr.,Cristobal567,Gutkowski940,,,M,white,nonhispanic,M,Orleans  Massachusetts  US,838 Jacobi Promenade,Worcester,Massachusetts,Worcester County,1545.0,42.26714722655127,-71.7719967775013,774854.79,3513.92
6f757b25-7211-4e5c-87af-95629cb83b87,1939-02-21,,999-56-8886,S99960792,X70961636X,Mrs.,Carissa540,Mueller846,,Keeling57,M,asian,nonhispanic,F,Macau  Macao Special Administrative Region of the People's Republic of China  CN,745 Ullrich Fork,Wenham,Massachusetts,Essex County,,42.64173017978078,-70.92317873662203,1491398.7,19464.51
4a0ba771-8ac8-47b8-85c4-9572cb7ba9d8,1956-08-07,,999-45-3165,S99999822,X39471514X,Mr.,Hans694,Koepp521,,,M,white,nonhispanic,M,Shelburne  Massachusetts  US,114 Strosin Glen Unit 37,Fall River,Massachusetts,Bristol County,2721.0,41.67923601059396,-71.1399699701274,18175.37,0.0
17ab6daa-d928-456e-aea4-25c442c1076d,2001-09-03,,999-88-9207,S99962124,,Mr.,Branden904,Stiedemann542,,,,white,nonhispanic,M,Peabody  Massachusetts  US,382 Thiel Ville,Boston,Massachusetts,Suffolk County,2126.0,42.28992278719525,-71.03870796560064,57590.5,3053.12
16da90de-74ac-44d8-be37-494af1b7d1c7,1969-10-09,,999-83-1175,S99987665,X84946908X,Mr.,Nelson403,Cassin499,,,M,white,nonhispanic,M,Duxbury  Massachusetts  US,628 Johns Run,Peabody,Massachusetts,Essex County,1940.0,42.55831746953152,-71.07360751082794,1221026.36,4561.24
1aee2ee0-c4bb-42f8-8cdb-54a490d96d72,1962-09-22,,999-84-3771,S99930212,X57608056X,Mr.,Elroy493,Gerhold939,,,S,white,nonhispanic,M,Boston  Massachusetts  US,1004 Aufderhar Lock,Warren,Massachusetts,Worcester County,,42.19200267838832,-72.16097241140885,1257323.04,8493.859999999999
746c9491-cafa-4567-b046-4723847e7a5b,1974-09-17,,999-17-3880,S99977728,X49373766X,Mrs.,Annabel185,Runolfsdottir785,,Boyer713,M,white,nonhispanic,F,Lynn  Massachusetts  US,835 Weissnat Harbor Suite 16,Braintree,Massachusetts,Norfolk County,2184.0,42.23955906564586,-71.02709318041151,962590.55,11615.8
08fe1251-fbff-4345-a4d2-36a8a74636e7,1959-09-12,,999-19-4796,S99922198,X89256028X,Mr.,Marty115,Olson653,,,M,white,nonhispanic,M,Fall River  Massachusetts  US,1024 Reinger Loaf,Arlington,Massachusetts,Middlesex County,,42.39983359300157,-71.17215003443228,1609847.65,4368.0
f84b31bb-d71c-4c46-beee-d9b03bef959e,1963-06-05,,999-91-4342,S99968182,X16688696X,Mrs.,Luz785,Hauck852,,Willms744,M,white,nonhispanic,F,Maynard  Massachusetts  US,905 Hackett Lock Apt 18,Abington,Massachusetts,Plymouth County,2351.0,42.16162005131629,-70.944983259582,70780.96,3786.2
d0fc0f38-4c75-4ae8-9aa2-1c7b2802011a,1947-07-04,,999-28-2663,S99966838,X27978286X,Mr.,Marty115,Rath779,,,M,white,nonhispanic,M,Worcester  Massachusetts  US,957 Ward Parade Unit 50,Melrose,Massachusetts,Middlesex County,,42.44041086793949,-71.10491292741698,1513365.55,13485.13
f0ba4f7a-584e-46fd-9ee5-d398ddb960cd,1979-09-06,,999-33-6630,S99910328,X14161442X,Mrs.,Cecile401,Kuhlman484,,Schiller186,M,white,nonhispanic,F,Wareham  Massachusetts  US,551 Morar Approach Unit 4,New Bedford,Massachusetts,Bristol County,2745.0,41.70554537706954,-70.96570104427244,861175.99,8881.759999999998
6df8e842-96d0-431e-8e0a-3e789bf1450f,2018-05-17,,999-14-4969,,,,Edra310,Powlowski563,,,,white,hispanic,F,Boston  Massachusetts  US,750 Wolff Rue Apt 86,Malden,Massachusetts,Middlesex County,2148.0,42.38284971457334,-71.08832140553785,50260.0,1419.08
a2c15f4b-1d21-4ce7-87a7-38f556a45dda,2002-12-02,,999-30-2014,S99970652,,,Luz785,Arteaga169,,,,white,hispanic,F,Havana  Havana  CU,379 Stroman Loaf Suite 42,Southborough,Massachusetts,Worcester County,,42.27632819674106,-71.49441630457957,466140.9,2753.16
e1ea2826-d50a-4cf8-90ce-2a603d937409,1917-07-09,2004-09-30,999-14-1716,S99930868,X13113102X,Mrs.,Lula998,Langosh790,,Kub800,M,white,nonhispanic,F,Georgetown  Massachusetts  US,927 Brakus Corner,Springfield,Massachusetts,Hampden County,1199.0,42.17003697426235,-72.61446468473768,1737085.08,15745.02
451cfa29-7919-4304-bc4a-ed958b86f1f8,1964-02-13,,999-62-7969,S99952535,X25149059X,Mrs.,Joetta231,Mitchell808,,Gislason620,M,white,nonhispanic,F,Cambridge  Massachusetts  US,1043 Harvey Walk Unit 73,Auburn,Massachusetts,Worcester County,,42.177896291941416,-71.82524035599815,1326036.96,10085.009999999998
4f480a1e-bb05-41e4-83ab-4e84fc7b7cf6,1976-12-18,,999-33-4717,S99966265,X15541369X,Mr.,George991,Luettgen772,,,M,asian,nonhispanic,M,North Reading  Massachusetts  US,984 Gislason Fort Suite 64,Boston,Massachusetts,Suffolk County,2131.0,42.3249897104373,-71.0200800880596,1058954.29,5529.52
0276e48c-f4ce-4093-a5c5-47337995cca0,1995-03-22,,999-66-4784,S99956592,X49156716X,Ms.,Lee268,Jones311,,,,white,nonhispanic,F,Boston  Massachusetts  US,789 Dare Heights Apt 93,Boston,Massachusetts,Suffolk County,,42.331409389984536,-71.00410480154385,35808.25,1097.3999999999996
a1a5608e-ed17-495b-85b9-4f1e753920b5,1944-11-12,2015-05-29,999-32-7640,S99979623,X63962492X,Mr.,Hobert364,Klocko335,,,M,black,nonhispanic,M,Cambridge  Massachusetts  US,447 Bergstrom Fork Apt 18,Winthrop,Massachusetts,Suffolk County,2128.0,42.38858559238982,-70.9487655347161,1355090.89,14883.98
1025cbab-b188-4541-bb1d-6287c4d23363,1998-03-31,,999-94-1498,S99915440,X86663262X,Ms.,Leoma634,Reynolds644,,,,black,nonhispanic,F,Chelsea  Massachusetts  US,734 Strosin Lane,Boston,Massachusetts,Suffolk County,2210.0,42.24403464827788,-71.06930298969694,73419.84,9336.05
30908d1c-55e7-45e6-855b-2fdc1345d5b9,2018-04-13,,999-20-6413,,,,Shawn523,Gutmann970,,,,white,nonhispanic,M,Worcester  Massachusetts  US,1030 Stanton Byway Suite 8,Boston,Massachusetts,Suffolk County,2122.0,42.37401681524005,-71.04420827319055,47425.92,1541.5599999999995
3b8cc201-f59f-4acd-b6ab-6a87128a6a47,1955-08-01,,999-22-8910,S99970265,X88041899X,Mr.,Isaac321,Walker122,,,S,white,nonhispanic,M,Quincy  Massachusetts  US,1094 Bailey Dam Unit 86,Somerset,Massachusetts,Bristol County,,41.72702722213846,-71.14717884512618,57955.17999999999,0.0
727b2158-35b8-4163-a322-9e04badddc8d,1990-04-13,,999-76-4071,S99970454,X74948871X,Mrs.,Dakota806,Christiansen251,,Kub800,M,white,nonhispanic,F,Taunton  Massachusetts  US,620 Kshlerin Trailer,Boston,Massachusetts,Suffolk County,2203.0,42.24959475319127,-71.0233751055754,706800.85,7072.429999999999
a0e7af34-4df0-4031-acdd-e020f524a3ad,1958-05-06,,999-85-3373,S99958999,X69615544X,Mr.,Enoch803,Hagenes547,,,M,white,nonhispanic,M,Attleboro  Massachusetts  US,810 Rohan Parade,Arlington,Massachusetts,Middlesex County,2476.0,42.38545020838309,-71.12510513259114,192201.12,8110.960000000001
a58db81d-e850-4f48-a95f-3f53e77e3f6b,1978-04-07,,999-41-7993,S99941012,X50378740X,Mrs.,Shalonda324,Nicolas769,,Windler79,M,black,nonhispanic,F,Fall River  Massachusetts  US,620 Greenfelder Burg Suite 24,Wareham,Massachusetts,Plymouth County,,41.80838324908809,-70.71991312451017,947878.76,11641.95
db2783a8-e685-4054-aebe-722ac0b26681,1988-08-20,,999-66-2486,S99996893,X24697876X,Mrs.,Leonie332,Feeney44,,Wyman904,M,black,nonhispanic,F,Worcester  Massachusetts  US,606 Deckow Highlands Suite 76,Holyoke,Massachusetts,Hampden County,,42.25598599201304,-72.6701568521563,729733.43,8223.15
82e28191-fa9e-4709-a994-3e14fefbcb9d,1963-12-28,,999-27-9662,S99988429,X11438348X,Mr.,Reynaldo722,Wolf938,,,M,white,nonhispanic,M,Avon  Massachusetts  US,936 Hagenes Run,Boston,Massachusetts,Suffolk County,2108.0,42.293910835616906,-71.03384716196061,1494372.81,4016.36
ac881787-6b2f-423e-9dce-0c0634148404,1963-07-20,,999-55-9425,S99963562,X38416467X,Mrs.,Lavonna163,Armstrong51,,Jacobi462,M,black,nonhispanic,F,Watertown  Massachusetts  US,304 Maggio Park Unit 19,Lowell,Massachusetts,Middlesex County,1854.0,42.67695066903728,-71.3130023710895,1201120.9,14707.139999999998
c279eedb-7c91-402a-9e0a-bcaff4d7995f,1961-08-27,,999-23-5734,S99915578,X76604412X,Mr.,Claud279,O'Hara248,,,M,white,nonhispanic,M,Fall River  Massachusetts  US,296 Rutherford Run,Brockton,Massachusetts,Plymouth County,2351.0,42.11514194346873,-70.95148165880832,1318714.42,4468.679999999999
9e705baf-ad3d-440a-96d3-d94422c6ee7f,1962-01-24,,999-82-3080,S99966642,X83308809X,Ms.,Polly738,Ledner144,,,S,white,nonhispanic,F,Ludlow  Massachusetts  US,833 Schowalter Bypass Apt 14,Newton,Massachusetts,Middlesex County,2467.0,42.30172485751442,-71.21392230962171,1488673.01,7636.0
8a6bc4aa-7872-41a2-ae81-0868458bae45,1916-05-21,1960-06-19,999-77-4034,S99979729,X51429226X,Mr.,Ezequiel972,Wehner319,,,M,white,nonhispanic,M,Waltham  Massachusetts  US,254 Swift Station,Worcester,Massachusetts,Worcester County,1602.0,42.22800966972707,-71.80458134110593,964245.09,12806.78
51296c8a-0230-4aa1-9c30-7cf326f5b97b,1937-03-07,,999-33-3601,S99980190,X18706714X,Mr.,Andrew29,Olson653,,,M,white,nonhispanic,M,Sharon  Massachusetts  US,241 Krajcik Highlands,Dighton,Massachusetts,Bristol County,,41.797060366911126,-71.14975342540592,1639865.25,21611.14
b2d30a23-8b94-440c-a4d9-f330a06e3abb,1967-01-12,,999-43-1753,S99932296,X75506298X,Mrs.,Mathilde204,Heathcote539,MD,White193,M,white,nonhispanic,F,New Bedford  Massachusetts  US,111 Macejkovic Track,Hingham,Massachusetts,Plymouth County,2043.0,42.17471919856477,-70.8365330391537,1143767.96,10207.94
668fb811-3103-48e5-8869-64e1831bbae2,1944-04-30,2020-03-12,999-83-1390,S99912022,X41696062X,Mr.,Leland44,Bayer639,,,M,white,nonhispanic,M,Clinton  Massachusetts  US,957 Mayert Park Apt 91,Quincy,Massachusetts,Norfolk County,2171.0,42.26783566836584,-70.97603247491682,1366989.9,7115.08
3f92c5ad-73c5-4c74-8d8a-b9d5d5d8c31f,1917-07-09,1995-02-15,999-58-9387,S99941462,X56963628X,Ms.,Bari62,Wisoky380,,,S,white,nonhispanic,F,Attleboro  Massachusetts  US,121 Reynolds Wynd Suite 3,Springfield,Massachusetts,Hampden County,1119.0,42.1292170414886,-72.50974426207696,1274778.99,13667.219999999998
72706944-7830-45a2-b0b4-414dca46ef9d,2005-10-31,,999-57-6278,,,,Izetta651,Baumbach677,,,,white,nonhispanic,F,Boston  Massachusetts  US,465 Medhurst Neck,Springfield,Massachusetts,Hampden County,1103.0,42.13425351940245,-72.60560940815158,337351.88,4842.119999999999
c9a54b3a-674a-4aa2-9127-5b947b6ef31d,1963-11-29,,999-38-8423,S99947051,X3922559X,Mr.,Marlon619,O'Keefe54,,,M,black,nonhispanic,M,Plymouth  Massachusetts  US,385 Nader Key,Millbury,Massachusetts,Worcester County,,42.22435162481695,-71.74686369324702,1293873.11,5373.639999999999
0d110f4c-7b40-436e-add5-d8420b7bc902,2003-03-06,,999-17-9679,S99950990,,,Kurtis994,Goodwin327,,,,white,nonhispanic,M,Templeton  Massachusetts  US,797 Haley Extension Unit 35,Sharon,Massachusetts,Norfolk County,2067.0,42.07632634042986,-71.2143810424154,4866.7,0.0
822603a8-5ef6-4f59-8375-8e78e0bf4560,1963-08-28,,999-44-2591,S99922137,X88120932X,Mr.,Spencer878,Blick895,,,M,white,nonhispanic,M,Lowell  Massachusetts  US,1098 Jacobi Boulevard Unit 59,Belmont,Massachusetts,Middlesex County,2138.0,42.38760936023005,-71.14993297772355,1299056.97,5085.33
bfed0bdf-2fa3-4f7b-b959-ebac34aa9704,1995-05-01,2020-03-22,999-23-5706,S99999809,X72103449X,Mr.,Ken316,Champlin946,,,,white,nonhispanic,M,Hingham  Massachusetts  US,461 McLaughlin Rapid Suite 35,Brockton,Massachusetts,Plymouth County,2301.0,42.052010332095854,-71.01384868319072,600215.89,3280.56
46b94488-3fc5-42c4-b61d-3337fa6a13aa,1995-05-01,,999-83-6916,S99924709,X24251639X,Mr.,Clyde817,Stamm704,,,,white,nonhispanic,M,Boston  Massachusetts  US,610 Koelpin Landing,Brockton,Massachusetts,Plymouth County,2351.0,42.0653111151078,-71.03800506820687,576161.52,3243.88
b26286d6-5830-4df4-aed2-9ab92390383e,1981-10-01,,999-60-5323,S99942793,X44115772X,Mrs.,Carlee848,Lockman863,,Macejkovic424,M,white,nonhispanic,F,Everett  Massachusetts  US,159 Vandervort Trailer,Boxford,Massachusetts,Essex County,,42.66556511457445,-71.05046981427469,740888.38,9070.559999999998
458dde54-c182-49ff-b5ad-780e87532ddd,1989-03-26,2020-03-23,999-39-9980,S99956658,X76435512X,Mr.,Murray856,Blick895,,,M,white,nonhispanic,M,Quincy  Massachusetts  US,353 Paucek Light Apt 7,Boston,Massachusetts,Suffolk County,2116.0,42.300005913106254,-71.05178843109354,837297.72,3662.24
0a46164e-7b44-4028-bbd9-ac4de584cbcb,1965-02-14,,999-39-5309,S99947253,X19684875X,Mrs.,Larraine124,Dach178,,Hayes766,M,white,nonhispanic,F,Westport  Massachusetts  US,741 Schiller Neck Apt 16,Lowell,Massachusetts,Middlesex County,1851.0,42.66233297580307,-71.29462075343497,182778.35,27060.8
0bc0eb37-2b3f-4bf4-b794-34e71a7ee85e,1938-01-02,,999-73-5984,S99942780,X87577826X,Mr.,Jae222,Conn188,,,S,white,nonhispanic,M,Sterling  Massachusetts  US,942 Watsica Plaza,Marlborough,Massachusetts,Middlesex County,,42.38185239606965,-71.56722696437775,1541573.81,8025.08
aa7a4b10-ae5f-4662-92f8-6449791e3c6e,1936-10-10,2008-10-04,999-69-4512,S99916364,X70803060X,Mrs.,Brigid753,Jenkins714,,Macejkovic424,M,white,nonhispanic,F,Boston  Massachusetts  US,238 Streich Center Unit 84,Somerset,Massachusetts,Bristol County,,41.674816947144045,-71.19078653199979,1387989.31,37031.53
6d4e4f1a-dcaa-4b16-ae87-8b92661f81d8,1917-07-09,1992-03-15,999-85-5380,S99959014,X63035870X,Mrs.,Yevette778,Carroll471,,Witting912,M,white,nonhispanic,F,Newton  Massachusetts  US,765 Schumm Junction,Springfield,Massachusetts,Hampden County,1107.0,42.14198566405034,-72.62491540010738,1479339.03,16178.05
99b6be4c-b7eb-4c06-8ae5-3d1ffa89d713,1967-04-21,,999-37-7083,S99957586,X37094300X,Mr.,Jermaine675,Nolan344,,,M,white,nonhispanic,M,Taunton  Massachusetts  US,106 Osinski Corner,Somerset,Massachusetts,Bristol County,,41.75098250954377,-71.13317209734093,1344908.82,5657.839999999999
1746423f-6424-4305-9aee-84c3afdb77fe,1971-07-28,,999-23-8015,S99937878,X75503310X,Mrs.,Kristie55,Parker433,,Gutmann970,M,white,nonhispanic,F,Duxbury  Massachusetts  US,627 Schroeder Well Suite 26,Worcester,Massachusetts,Worcester County,1605.0,42.23068082314479,-71.80385149816145,158220.99,16007.399999999998
2fae04ab-8f03-4afd-8c70-285fb49e8956,1951-04-09,,999-70-8583,S99926578,X60098913X,Mrs.,Rosalind66,Schuppe920,,Sauer652,M,white,nonhispanic,F,Lynn  Massachusetts  US,634 Bradtke Dale,Newbury,Massachusetts,Essex County,,42.74858764227008,-70.84021350322239,1491638.91,17828.989999999998
a67b20d0-a0b2-43e3-8a78-1fa5afcd3a4c,1944-03-01,,999-81-7926,S99939422,X15368896X,Mrs.,Charlie254,Pfeffer420,,Walter473,M,white,nonhispanic,F,Southampton  Massachusetts  US,728 Wisozk Highlands Unit 92,Melrose,Massachusetts,Middlesex County,,42.41697820462773,-71.04045257381443,1627763.28,11338.59
99ce0987-bebe-495f-8783-6599767a2303,1997-09-23,,999-92-9062,S99940527,X43181618X,Mr.,Dorian295,Koelpin146,,,,white,nonhispanic,M,Billerica  Massachusetts  US,943 Lakin Stravenue Apt 43,Leominster,Massachusetts,Worcester County,1453.0,42.54878803218613,-71.79231024354569,555946.03,8095.92
f5f08adf-2058-4733-83e9-e57ae788d9ac,1961-04-08,,999-96-2553,S99925362,X53295228X,Mr.,Milton509,Nader710,,,M,white,nonhispanic,M,Middleton  Massachusetts  US,122 Stoltenberg Dam Suite 79,Holyoke,Massachusetts,Hampden County,1040.0,42.23666552411406,-72.61487222460096,180962.78,5362.88
7d4aa9fa-74ee-484b-a15f-92c2696c6884,1981-03-18,,999-15-3225,S99995788,X16082773X,Mrs.,Kallie862,Feest103,,Langosh790,M,white,nonhispanic,F,Revere  Massachusetts  US,199 Rutherford Club Apt 88,Northborough,Massachusetts,Worcester County,1532.0,42.293508934173474,-71.65147414162647,859186.2,3912.04
dec790da-f1d4-4282-a049-5d1f840edea4,1951-01-14,,999-40-5090,S99989828,X7789641X,Mr.,Donn979,Nikolaus26,,,M,white,nonhispanic,M,Everett  Massachusetts  US,856 Casper Club,Saugus,Massachusetts,Essex County,,42.48790437882311,-71.01418190096386,1620091.29,15685.45
fd611562-52cf-4eed-ae1d-5eb03e363d27,1932-04-18,,999-78-5363,S99962935,X34598708X,Mrs.,Melodee943,Jacobson885,,Kuhlman484,M,white,nonhispanic,F,Cambridge  Massachusetts  US,115 Schowalter Crossing,Springfield,Massachusetts,Hampden County,1128.0,42.10483437251037,-72.58593667159022,1506885.66,33790.439999999995
d77b3261-670a-4ca3-866c-3f2818e8a18a,2012-12-20,,999-53-2601,,,,Venita81,Volkman526,,,,white,hispanic,F,Lawrence  Massachusetts  US,981 Blanda Rest,Stoneham,Massachusetts,Middlesex County,2180.0,42.44339566439079,-71.0814940230439,153527.34,2214.04
2a1e7c78-3850-41a2-aa7f-4ca9319c35d9,1969-10-04,,999-55-8632,S99941913,X69207935X,Mrs.,Gaynelle249,Stiedemann542,,Hackett68,M,white,nonhispanic,F,Sherborn  Massachusetts  US,392 Langosh Grove Apt 61,Cambridge,Massachusetts,Middlesex County,2138.0,42.38257067972146,-71.05898238535944,1039952.18,38404.12
304527e1-4d03-40ab-8bda-47d949d90f02,1946-12-30,,999-42-3940,S99930207,X2255967X,Mr.,Harrison106,Nicolas769,,,M,white,nonhispanic,M,Falmouth  Massachusetts  US,463 Turcotte Frontage road,Chicopee,Massachusetts,Hampden County,1020.0,42.13341241787592,-72.58261082556557,1668311.53,7184.4
704f9b5d-d839-4640-b3cd-a118e7d48140,2017-01-10,,999-33-7764,,,,Selene142,Moore224,,,,white,nonhispanic,F,Boston  Massachusetts  US,246 Bradtke Estate Unit 80,Pittsfield,Massachusetts,Berkshire County,,42.44447831316086,-73.22426664453684,80077.45,1539.08
6651f344-f85d-4b7b-91bd-c4ead71dcf10,2005-03-17,,999-97-8710,,,,Margy712,Schaefer657,,,,white,nonhispanic,F,Cambridge  Massachusetts  US,608 Toy Bypass Unit 85,Williamsburg,Massachusetts,Hampshire County,,42.40502390018248,-72.75256494700392,372258.01,4236.32
b84fad14-2460-4f32-b07e-7b1ad3d0e1a6,1974-05-27,,999-71-8655,S99973670,X12521683X,Ms.,Lourdes258,Salazar800,,,S,white,hispanic,F,Kingston  Kingston  JM,446 Nikolaus Port,Tewksbury,Massachusetts,Middlesex County,,42.57507362294496,-71.20597250737781,974745.48,9210.989999999998
961e51c0-5883-4678-a822-df191dabdb8a,1964-01-27,2014-02-19,999-15-4641,S99971306,X37145159X,Mr.,César846,Cortez851,,,M,white,hispanic,M,Marigot  Saint Andrew Parish  DM,759 Schumm Vista,Everett,Massachusetts,Middlesex County,2149.0,42.40327676527704,-71.00953711563004,1312179.48,9954.92
71ffe959-2c8b-4b5d-b5c0-9f515b386a84,2006-07-22,,999-10-9870,,,,Elizebeth108,Hamill307,,,,white,nonhispanic,F,New Bedford  Massachusetts  US,124 Kuhlman Ville,Cambridge,Massachusetts,Middlesex County,2141.0,42.367712108807005,-71.16927990027966,319156.26,3847.24
37c7f028-0dc2-4137-af30-85f36b2f28ee,1946-03-28,,999-76-4773,S99992061,X58193019X,Mrs.,Claretta294,Friesen796,,Douglas31,M,white,nonhispanic,F,Taunton  Massachusetts  US,315 Keebler Drive Unit 76,Somerville,Massachusetts,Middlesex County,2145.0,42.371156687310425,-71.12343166769953,1493396.57,12402.05
3d031203-2085-4512-83f2-4ecda1b74c85,1954-06-08,2020-03-25,999-89-1496,S99918572,X55351810X,Mr.,Troy560,Bahringer146,,,M,white,nonhispanic,M,Longmeadow  Massachusetts  US,305 Weber Burg,Fall River,Massachusetts,Bristol County,2790.0,41.624612903705824,-71.04985929429853,1611284.2,15356.839999999998
56d3aa39-c3bd-4c12-be4b-7a6704fc9b33,1990-06-13,,999-35-5639,S99945511,X2478034X,Mrs.,Tammy740,Mante251,,Rau926,M,white,nonhispanic,F,Lexington  Massachusetts  US,722 Beier Rest Unit 7,Lowell,Massachusetts,Middlesex County,1850.0,42.61398521780677,-71.35315033056492,600722.15,7265.799999999998
dae8b85d-e92c-483d-a87d-e216b5dcd91e,2013-01-27,,999-89-6788,,,,Matilda472,Thiel172,,,,black,nonhispanic,F,Chelmsford  Massachusetts  US,514 Carroll Landing,Easton,Massachusetts,Bristol County,,42.03261867832845,-71.15540602647167,167480.0,2303.2
074f0c42-bf27-4914-a575-29489585612d,1965-03-29,,999-31-6251,S99924769,X5150850X,Mrs.,Tabetha269,Wisoky380,,Runolfsdottir785,M,white,hispanic,F,Hanson  Massachusetts  US,830 Haley Vista Unit 4,Beverly,Massachusetts,Essex County,,42.51675608851038,-70.80110158171726,1349441.71,9030.38
534158be-4f2a-4f2c-be6e-9a67abeab3b4,2015-06-21,,999-77-6544,,,,Edwardo860,Rodriguez71,,,,white,nonhispanic,M,Beverly  Massachusetts  US,339 Prosacco Vale,Oxford,Massachusetts,Worcester County,,42.10138759704808,-71.86909418492267,126240.0,1955.72
6216371d-a8e6-4628-a0e1-0cfb103fea52,2016-04-17,,999-17-6544,,,,Santo387,Kohler843,,,,white,nonhispanic,M,Stoughton  Massachusetts  US,139 Dickens Gate,Medway,Massachusetts,Norfolk County,,42.17573806411516,-71.39219732864115,111620.0,1679.08
f623893b-d83c-433b-922e-7bcc6f1c77fe,1965-06-18,,999-93-4358,S99944106,X54590960X,Mr.,Maynard46,O'Keefe54,,,M,black,nonhispanic,M,Pepperell  Massachusetts  US,955 Medhurst Gateway,Boston,Massachusetts,Suffolk County,2122.0,42.36400005526735,-71.10182549562371,1391069.53,6141.96
e573f946-3e5c-451c-9429-e3b4ddf4c39b,1954-06-08,,999-27-4681,S99932422,X13961411X,Mr.,Thaddeus38,Prosacco716,,,M,white,nonhispanic,M,Lakeville  Massachusetts  US,794 Witting Parade,Fall River,Massachusetts,Bristol County,2724.0,41.731207326859966,-71.06896534610895,1585791.75,7544.32
be89632c-0213-43ea-ab44-f2d43fe7a351,2008-07-10,,999-61-7710,,,,Mahalia897,Jerde200,,,,white,nonhispanic,F,Lynnfield  Massachusetts  US,123 Mante Dale Suite 6,Natick,Massachusetts,Middlesex County,,42.26977780076589,-71.31333063433611,319327.77,2583.2
b00a58d5-b6e7-41a0-887f-e431398a0427,1983-02-13,,999-45-3200,S99992859,X43417025X,Mrs.,Wilma646,Predovic534,,Murazik203,M,white,nonhispanic,F,Holyoke  Massachusetts  US,387 Koss View,Milton,Massachusetts,Norfolk County,,42.25279081077183,-71.07232767175755,830295.84,4322.879999999999
4fa20475-1e1a-429b-8c7d-69d5c56fbea3,2019-02-13,,999-65-3840,,,,Clarence5,Ortiz186,,,,white,nonhispanic,M,North Reading  Massachusetts  US,302 Dickinson Wynd,Wenham,Massachusetts,Essex County,,42.582512676428784,-70.90504269560378,31736.95,1022.4399999999998
3d4aeb53-c0c9-4a00-825d-2a300caca620,1979-11-17,,999-55-7606,S99914712,X80398304X,Ms.,Shantay950,Schimmel440,,,S,white,hispanic,F,Somerville  Massachusetts  US,1014 Lemke Orchard,Malden,Massachusetts,Middlesex County,2148.0,42.41599320227197,-71.1365226354056,133781.68,22105.01
94477871-fba3-4499-86f4-a7500cc8b780,1962-11-14,,999-15-4180,S99986448,X16964449X,Mrs.,Nidia145,Kuhn96,,Friesen796,M,white,nonhispanic,F,West Tisbury  Massachusetts  US,513 Spinka Parade Unit 64,Haverhill,Massachusetts,Essex County,1830.0,42.7970468381277,-71.04936641204245,1228481.19,13243.529999999995
f7265166-f521-4e19-9bcf-91a5827dac1b,1952-09-22,,999-51-3003,S99917292,X69011414X,Mr.,Dominick530,Haag279,,,M,white,nonhispanic,M,Woburn  Massachusetts  US,717 Swaniawski Wall Apt 84,Billerica,Massachusetts,Middlesex County,,42.511500638322296,-71.26943679115081,1438552.42,66390.4
52f4cb47-d8ac-42b2-994b-c8a0f128db55,1979-02-22,,999-85-5890,S99995923,X54267537X,Mrs.,María del Carmen27,Moya426,,Iglesias873,M,white,hispanic,F,Juarez  Chihuahua  MX,429 Kreiger Stravenue,Methuen,Massachusetts,Essex County,1841.0,42.74968639649919,-71.17735037294464,765769.51,9266.95
8bbd059a-c771-4661-b5b1-ac73c485b63b,2002-02-15,,999-60-4080,S99939337,,Ms.,Carlene772,Cummerata161,,,,black,nonhispanic,F,Ashland  Massachusetts  US,298 Osinski Harbor Unit 85,Boston,Massachusetts,Suffolk County,2118.0,42.32745624155236,-71.07476199693785,6225.53,0.0
56d52980-2754-4c45-b1de-78df21d2e485,1962-10-30,,999-43-5650,S99963683,X19794326X,Mrs.,Tai836,Mayert710,,Stracke611,M,white,hispanic,F,Melrose  Massachusetts  US,1067 Stamm Lane Suite 47,Boston,Massachusetts,Suffolk County,2128.0,42.31427962795796,-71.05827592283613,1254537.34,12031.85
3ba4ed11-1ae1-42ec-8cb0-c6e2ac8783b9,1999-07-18,,999-49-4093,S99937187,X86238104X,Mr.,Omer483,Mueller846,,,,asian,nonhispanic,M,Medway  Massachusetts  US,301 Langworth Neck Suite 39,Bedford,Massachusetts,Middlesex County,1730.0,42.479352871162135,-71.29312200230717,510665.9,7453.48
761925be-a8f2-4b7d-9177-4dc59f139233,1970-11-21,,999-46-9975,S99941254,X73092429X,Mr.,Sheldon401,Boyle917,,,M,white,nonhispanic,M,Wakefield  Massachusetts  US,793 Jaskolski Mews,Quincy,Massachusetts,Norfolk County,2169.0,42.2611308104445,-71.01227194355123,1264144.16,6597.77
3c2e7b8c-a834-4ef3-a58a-182d2a37aaf8,2006-08-04,,999-39-4887,,,,Ian270,Reilly981,,,,white,nonhispanic,M,Wareham  Massachusetts  US,896 Rolfson Burg Apt 46,Cambridge,Massachusetts,Middlesex County,2142.0,42.39856361564923,-71.12312157945416,368871.13,2841.52
bd521586-8ac4-4f88-b2fd-bb86a5f0a181,1972-11-11,,999-87-9207,S99990649,X58643864X,Mrs.,Birgit199,Barton704,,Von197,M,white,nonhispanic,F,Lynn  Massachusetts  US,215 Lind Estate Suite 97,Raynham,Massachusetts,Bristol County,,41.938613776903125,-71.03807019417395,939168.27,7877.219999999999
d426bdd7-c5e1-4aed-be05-39ed7219662a,1978-01-26,,999-58-8234,S99965268,X3801298X,Mrs.,Celine582,Sipes176,,Mante251,M,white,nonhispanic,F,Lowell  Massachusetts  US,754 Becker Throughway,Holyoke,Massachusetts,Hampden County,1040.0,42.23713951118784,-72.65418461342377,636213.29,3541.24
a2af1d25-fbce-4785-982b-91e4278a969e,1971-05-28,,999-79-7405,S99980894,X43827467X,Mrs.,Velva240,Beahan375,,Rowe323,M,white,nonhispanic,F,Boston  Massachusetts  US,786 Lebsack Plaza Unit 9,Watertown,Massachusetts,Middlesex County,2472.0,42.38753649029846,-71.14339347961449,1170586.81,9468.04
df7ec973-704f-4bf6-935a-71c88ab992ed,1959-12-31,,999-33-5573,S99951884,X68974896X,Mrs.,Rocio28,Reyna401,,Delao225,M,white,hispanic,F,Roseau  Saint George  DM,786 Connelly Plaza,Dracut,Massachusetts,Middlesex County,,42.72699003851715,-71.30627737349427,1203711.3,9721.829999999998
113595fa-5c7c-440f-b513-2d60a91e835d,1973-06-07,,999-16-8905,S99972601,X64013173X,Ms.,Kimiko714,Ruecker817,,,S,white,nonhispanic,F,Holbrook  Massachusetts  US,529 Hand Corner,Plymouth,Massachusetts,Plymouth County,,41.91752365038694,-70.62378853184563,74718.66,3459.5399999999995
44e0c001-c208-4777-acbe-022aa029e6a5,2013-10-19,,999-54-2888,,,,Marylouise236,Medhurst46,,,,white,hispanic,F,Auburn  Massachusetts  US,853 Price Brook Suite 56,Southborough,Massachusetts,Worcester County,,42.24977195528725,-71.49967430160619,160564.41999999998,2322.36
41f44452-957e-49fa-b66f-2328a393938f,1961-10-21,,999-68-7993,S99977376,X65578714X,Mr.,Eugenio846,Schuster709,,,M,white,nonhispanic,M,Worcester  Massachusetts  US,951 Fritsch Tunnel,Springfield,Massachusetts,Hampden County,1151.0,42.06553578165277,-72.61422777946885,1484234.15,6192.799999999999
37f2be56-9be8-4c02-87ff-b2df8c47e1d3,1945-04-13,,999-20-2326,S99942738,X24740162X,Ms.,Tashia814,Lockman863,,,S,black,nonhispanic,F,Longmeadow  Massachusetts  US,638 Collins Row,Weymouth,Massachusetts,Norfolk County,2191.0,42.25054729770296,-70.96831200890533,1512425.42,7531.669999999999
01e949e1-ccb9-401c-8a13-d5f548f210dd,1971-10-02,2020-03-19,999-39-6118,S99972746,X70273005X,Mrs.,Fredericka800,Eichmann909,,Hirthe744,M,white,nonhispanic,F,Needham  Massachusetts  US,293 Harber Street,Norton,Massachusetts,Bristol County,,41.919474575289776,-71.16893519841392,1261195.69,6356.33
7df2f1cc-ea17-4761-9206-12c59b416c82,1972-10-13,,999-22-8422,S99936249,X53558656X,Mrs.,Jaimie425,Romaguera67,,Stamm704,M,white,nonhispanic,F,Oxford  Massachusetts  US,531 Thiel Crossroad Suite 85,Charlemont,Massachusetts,Franklin County,,42.63306499150102,-72.81835316812841,1137297.62,11632.98
440dab19-5115-4962-a27a-63c1e33262bd,1969-10-30,2020-03-18,999-95-2430,S99930719,X71182005X,Mrs.,Franchesca574,Russel238,,Jerde200,M,white,nonhispanic,F,Rockland  Massachusetts  US,200 Renner Wynd,Lynn,Massachusetts,Essex County,,42.52258358851378,-71.04551133355595,1102514.71,11321.45
c4b7cbc5-c4da-4135-ac2e-441c73f6b939,1954-03-07,,999-26-8466,S99972362,X18581966X,Mrs.,Lucile200,Balistreri607,,Lindgren255,M,white,nonhispanic,F,Methuen  Massachusetts  US,574 Nikolaus Mill,Arlington,Massachusetts,Middlesex County,,42.46318835090463,-71.12336169171759,1600539.86,15680.879999999996
29834ba4-8cc0-41cb-a6d8-637b60a2e467,1956-10-13,,999-65-2986,S99950243,X40503249X,Mr.,Yong583,Douglas31,,,M,white,nonhispanic,M,Chicopee  Massachusetts  US,962 Kuhlman Tunnel,Wellfleet,Massachusetts,Barnstable County,,41.87342479904352,-69.99451128252238,1692843.98,4700.48
6e7bc420-b12e-4471-b56d-72e603497f3a,1962-03-03,,999-36-3623,S99973401,X16419382X,Mrs.,Moriah648,Graham902,,Hartmann983,M,white,nonhispanic,F,Ware  Massachusetts  US,200 DuBuque Burg Suite 69,Woburn,Massachusetts,Middlesex County,1890.0,42.52516544565243,-71.1503172059995,1445870.24,8936.89
ecf4ae75-b84f-401a-b57a-9ebb5adadf70,1954-02-09,,999-22-1239,S99941074,X65415393X,Mrs.,Kim439,Dare640,,Beatty507,M,white,hispanic,F,Westport  Massachusetts  US,852 Miller Orchard,Plymouth,Massachusetts,Plymouth County,,41.88113931618619,-70.6565590853491,1637072.61,9489.71
10e4c2ec-bc54-4bbc-8cca-d550ef28a61e,1995-06-23,,999-47-6891,S99957843,X75156637X,Ms.,Rana586,Leannon79,,,,asian,nonhispanic,F,Holyoke  Massachusetts  US,647 Hilpert Harbor Suite 51,Framingham,Massachusetts,Middlesex County,,42.276869956699976,-71.42444238716321,9554.0,0.0
44efae88-037d-4a34-b5bf-a50e6d4206a9,2002-09-13,,999-26-1275,S99966354,,,Mila257,Goldner995,,,,white,nonhispanic,F,Boston  Massachusetts  US,781 Farrell Vista,Pittsfield,Massachusetts,Berkshire County,1201.0,42.42905366147156,-73.28713440914501,54960.72,3873.88
351a2065-4f00-4248-9131-4ed6d4bbe402,1968-12-18,,999-34-2404,S99951100,X79860548X,Mrs.,Eleanor470,Pfannerstill264,,Metz686,M,white,nonhispanic,F,Boston  Massachusetts  US,1056 Lueilwitz Village Suite 92,Sterling,Massachusetts,Worcester County,,42.45430495884198,-71.81083133394823,1046087.8,7880.579999999998
82324f7d-57d5-45a4-abf6-dcbbf56bd6b4,1975-06-21,,999-96-2930,S99993006,X60035773X,Mr.,Clemente531,Salinas3,,,M,black,hispanic,M,Roseau  Saint George  DM,285 Dibbert Mall Apt 38,Haverhill,Massachusetts,Essex County,1830.0,42.780315427881824,-71.14149743693771,1142388.9,10180.72
7b3edf4f-f903-4db7-84b6-ff8d69a01e5a,2011-03-13,,999-11-9024,,,,Landon622,Lesch175,,,,white,nonhispanic,M,Fitchburg  Massachusetts  US,409 Schiller Alley Apt 45,Middleborough,Massachusetts,Plymouth County,,41.83567763729982,-70.84795125138716,247441.17,2324.88
a26b6123-b90b-4e09-aafb-1caa04ffee68,1970-09-25,2018-09-17,999-59-5145,S99982816,X88374389X,Ms.,Sherilyn598,Kilback373,,,S,black,nonhispanic,F,Southbridge  Massachusetts  US,227 MacGyver Orchard,Boston,Massachusetts,Suffolk County,2111.0,42.28491779874157,-71.00633292566953,940053.43,8770.609999999999
a3024181-6329-457b-a04f-e6ff643ea7da,2006-01-08,,999-54-3272,,,,Trish512,Dickens475,,,,white,nonhispanic,F,Charlton  Massachusetts  US,949 Hermann Fork,Paxton,Massachusetts,Worcester County,,42.28296144816847,-71.96967406158394,385560.51,2970.68
c094f394-1043-4397-8bbe-cee8fc8b2639,1976-05-29,,999-48-7470,S99914586,X54687150X,Mrs.,Golda777,Nolan344,,Tremblay80,M,white,nonhispanic,F,Middleborough  Massachusetts  US,923 Mosciski Well,Saugus,Massachusetts,Essex County,1906.0,42.425747694652685,-71.03350994382384,898835.91,9245.009999999998
c3344c64-972b-4a11-9e3a-667d327eace3,1916-08-26,2014-07-12,999-32-4540,S99980062,X67591041X,Mr.,Shelby741,Abernathy524,,,M,white,nonhispanic,M,East Longmeadow  Massachusetts  US,146 Lubowitz Approach,Lowell,Massachusetts,Middlesex County,1850.0,42.65025454286732,-71.3654601275625,1513696.4,15202.32
a828d462-4441-451f-9814-c2b97c71fef4,1948-05-23,,999-33-2261,S99930002,X87799401X,Mr.,Vaughn909,Satterfield305,,,M,white,nonhispanic,M,Wellesley  Massachusetts  US,273 West Skyway Unit 45,Marblehead,Massachusetts,Essex County,,42.4945814815854,-70.86492894289357,1592484.92,10394.21
9661e623-5977-4ad8-af21-b1c98d31f08d,1967-06-22,,999-91-7015,S99914353,X76751934X,Mr.,Wiley422,Hermiston71,,,M,white,nonhispanic,M,Dennis  Massachusetts  US,842 Brakus Vista,Leominster,Massachusetts,Worcester County,1420.0,42.59744212189251,-71.8084653627966,1246281.39,8256.68
364a3070-d3e6-4e41-9305-dd39f359da66,1916-08-26,1991-02-09,999-87-5652,S99924497,X47874947X,Mr.,Colby655,Fisher429,,,M,white,nonhispanic,M,Holden  Massachusetts  US,614 Frami Green Unit 74,Lowell,Massachusetts,Middlesex County,1850.0,42.60472796247667,-71.29594448907295,1378907.86,9565.19
34fa6d0f-c354-4c83-85c2-6464bc45e2d1,1973-09-30,,999-35-2776,S99949893,X85509969X,Mr.,Douglass930,Altenwerth646,,,M,white,nonhispanic,M,Topsfield  Massachusetts  US,918 Wisozk Avenue Apt 41,Taunton,Massachusetts,Bristol County,2718.0,41.91903500156126,-71.08078784119832,1236792.07,3148.08
53733dc4-3aab-4a2a-88cb-2605f482e498,2001-09-15,,999-33-3159,S99944471,,Ms.,Toni630,Gusikowski974,,,,white,nonhispanic,F,Canton  Massachusetts  US,1077 Conroy Branch,Worcester,Massachusetts,Worcester County,1606.0,42.26741929102415,-71.76796397399279,392359.93,3664.68
681ff688-a22c-4896-84ff-2be04f4b2bcc,1996-12-30,,999-52-3927,S99988205,X66538742X,Ms.,Lillian593,Oberbrunner298,,,,white,nonhispanic,F,Plymouth  Massachusetts  US,899 Rice Junction,Lawrence,Massachusetts,Essex County,1841.0,42.68013987314053,-71.13698741299106,482979.47,4274.77
ff373107-3c2e-4ca8-9aa4-17e0a1000190,1936-03-08,1994-04-03,999-77-4840,S99967734,X64343458X,Mr.,Dwayne786,Braun514,,,M,white,nonhispanic,M,Boston  Massachusetts  US,1046 Kozey Branch Suite 83,North Andover,Massachusetts,Essex County,,42.64454140793202,-71.05440891370698,1417051.8,6749.289999999999
52bc4b48-926f-4ed5-a391-b88dabc38bdb,1947-09-23,2019-03-16,999-79-4075,S99981353,X4909133X,Mr.,Miguel Ángel46,Delatorre612,,,M,black,hispanic,M,Santiago de los Caballeros  Santiago  DO,267 Blick Wynd,Arlington,Massachusetts,Middlesex County,2474.0,42.40359201439034,-71.1358126862735,1607320.75,12130.579999999998
05dff23e-dba9-4bd7-b4d1-be2fb3c6b5a9,1957-01-14,,999-63-5754,S99943707,X24445931X,Mrs.,Carla633,McKenzie376,,Luettgen772,M,white,nonhispanic,F,Waltham  Massachusetts  US,184 Aufderhar Station,Lowell,Massachusetts,Middlesex County,,42.613926350552106,-71.3545316459105,100523.29,955.44
76341c58-e75f-4b81-bbcc-50f5bc1a6e83,1916-08-26,2011-05-07,999-41-3147,S99971571,X27510630X,Mr.,Demetrius568,Schroeder447,,,M,white,nonhispanic,M,Newburyport  Massachusetts  US,1060 Conn Spur,Lowell,Massachusetts,Middlesex County,,42.647900674523264,-71.28458643480306,1425134.79,10833.64
42651f81-f45a-4116-a624-fcc66bc5784e,1981-06-08,,999-82-5470,S99986657,X37613991X,Mr.,Rafael239,Ondricka197,,,M,black,nonhispanic,M,Wrentham  Massachusetts  US,552 Mayer Trail,Boston,Massachusetts,Suffolk County,2203.0,42.33207849331008,-71.1019745768036,853203.84,17108.89
a146381e-2bad-4f5c-a3f7-c87aca379d9f,1962-10-29,,999-38-4525,S99984222,X56241298X,Mrs.,Gwyn381,Beier427,,Price929,M,asian,nonhispanic,F,Hanoi  Hà Đông  VN,985 Cummerata Ranch Unit 90,Randolph,Massachusetts,Norfolk County,,42.149853455059024,-71.05428803120817,1191724.54,15006.159999999996
202aeb27-20b8-44ef-9606-e380ed8cbf94,1994-05-11,,999-35-3782,S99931748,X40403878X,Ms.,Afton574,Denesik803,,,,white,nonhispanic,F,Natick  Massachusetts  US,420 Dicki Lane,Boston,Massachusetts,Suffolk County,2134.0,42.36004653067262,-71.08866025609315,598216.89,3835.48
f4ed8f99-56b6-4e46-903c-211156b66f71,2011-07-03,,999-42-2676,,,,Jerilyn993,Kunze215,,,,white,nonhispanic,F,New Bedford  Massachusetts  US,184 Swaniawski Lock,Leominster,Massachusetts,Worcester County,,42.61537620665659,-71.80749740611365,215066.67,2709.0
dabcfb00-5aec-40ab-8093-e8ad8ccec4e8,2002-11-15,,999-53-5123,S99973565,,,Sanford861,Jones311,,,,white,nonhispanic,M,Chelsea  Massachusetts  US,860 Stokes Manor,Acton,Massachusetts,Middlesex County,,42.45489803234181,-71.4655131174163,414675.13,7498.439999999999
4d313ba9-96de-409a-a057-a2363a6e86ec,1990-05-25,,999-47-8136,S99963064,X46884272X,Mr.,Elroy493,Schaefer657,,,M,white,nonhispanic,M,Cambridge  Massachusetts  US,457 Hegmann Trailer,Springfield,Massachusetts,Hampden County,1199.0,42.17683317364512,-72.65041247857776,98834.51,46778.9
eb4329d3-f05c-422b-a3fd-0dd0253337bb,1964-07-20,,999-33-4241,S99962212,X28765296X,Mr.,Dorsey40,Powlowski563,,,M,white,hispanic,M,Cambridge  Massachusetts  US,532 Luettgen View,Westfield,Massachusetts,Hampden County,,42.14479622541695,-72.73325457670468,1431746.22,11412.32
8c0cad29-5810-4fa5-bbe8-2c70bb7ea6f9,1919-10-11,1997-10-16,999-40-6847,S99973353,X27916252X,Mrs.,Melinda114,Gulgowski816,,Hickle134,M,white,nonhispanic,F,Wilmington  Massachusetts  US,354 Goyette Quay Apt 97,Boston,Massachusetts,Suffolk County,2132.0,42.29725113243551,-71.03803129981637,283477.17,10017.429999999998
ae5903fa-f96b-4a7c-a9ae-b93bbf932360,1915-10-24,2020-03-18,999-34-8660,S99932215,X3711581X,Mrs.,Caridad510,Bétancourt447,,Contreras711,M,white,hispanic,F,San Salvador  El Salvador  SV,127 Schaefer Station,Williamstown,Massachusetts,Berkshire County,,42.62266060714288,-73.22010320505431,1583345.36,44407.23
bd5638b6-ae69-480e-9b08-07f92b717f78,1963-11-21,,999-84-5232,S99964470,X3758555X,Mrs.,Jaimie425,Schuppe920,,Zboncak558,M,black,nonhispanic,F,Somerville  Massachusetts  US,352 Crona Pathway,Boston,Massachusetts,Suffolk County,2130.0,42.37304012026404,-71.10340577667685,1253664.59,13340.789999999995
fbd9eee3-c6e7-4388-9aaf-793529c953c2,1955-01-08,,999-44-1645,S99973290,X32652829X,Mr.,Colby655,Schaden604,,,S,white,nonhispanic,M,Haverhill  Massachusetts  US,680 Raynor Vale,Townsend,Massachusetts,Middlesex County,,42.67414329088393,-71.67658114006723,1574738.57,8082.599999999999
7c761ecd-041e-4b3d-a5f1-0263f1162d10,1911-02-25,1966-09-22,999-54-6168,S99936348,X32070199X,Ms.,Virginia437,O'Kon634,,,S,white,nonhispanic,F,Millis  Massachusetts  US,1012 Hickle Ville,Lowell,Massachusetts,Middlesex County,,42.66561198764855,-71.30673875245083,180863.33,14471.929999999997
9a966548-5d23-498d-a5a4-9ff8c3dd30ab,1966-06-18,,999-38-2661,S99987198,X26010488X,Mr.,Herb645,Hackett68,,,S,white,nonhispanic,M,Webster  Massachusetts  US,696 Greenholt Forge,Springfield,Massachusetts,Hampden County,1151.0,42.0991657549892,-72.48054615554166,174507.1,23004.98
a3be15b2-5a6d-4470-a19c-1e276c2dc443,1911-02-25,2020-03-13,999-96-8244,S99952394,X10278856X,Ms.,Drusilla108,Lehner980,,,S,white,nonhispanic,F,North Andover  Massachusetts  US,914 Dibbert Mews,Lowell,Massachusetts,Middlesex County,1854.0,42.6991922235196,-71.3502172914718,503828.41,89467.09999999999
1b95f3c6-b984-4eac-bf63-8afeb582528d,1952-08-06,2020-03-27,999-11-5298,S99947141,X46936409X,Mr.,Devin82,Cole117,,,M,black,nonhispanic,M,Sandwich  Massachusetts  US,833 McClure Underpass Suite 69,Attleboro,Massachusetts,Bristol County,2703.0,41.88559837036382,-71.30842630072827,1607707.1800000002,10437.57
7da08729-e90c-4223-9164-1c25f9737f32,1915-10-24,,999-53-6978,S99922030,X22102024X,Ms.,Yolanda648,Zelaya592,,,S,white,hispanic,F,Havana  Havana  CU,777 Schmeler Light,Williamstown,Massachusetts,Berkshire County,,42.65964726193928,-73.25647005795622,1445001.81,50874.63999999999
64ad7b56-fa58-49d8-bc2f-c48984e1fd9b,1969-12-19,,999-78-6664,S99996251,X20623378X,Ms.,Rosalind66,Greenfelder433,,,S,asian,nonhispanic,F,Gloucester  Massachusetts  US,633 Beer Rapid Apt 74,Reading,Massachusetts,Middlesex County,1867.0,42.58486039996792,-71.15431637657062,1045273.9,10728.469999999998
9317155f-6d84-45d1-871b-addce3d41b7f,1977-03-09,,999-11-4734,S99966271,X62123860X,Mr.,Wes853,Johnson679,,,M,white,nonhispanic,M,Stoughton  Massachusetts  US,162 Reynolds Burg,Brockton,Massachusetts,Plymouth County,2351.0,42.08668465285064,-71.0407297852295,1097372.23,8460.88
bb7f9592-0233-4bbf-afff-f208b322811d,1986-08-12,,999-96-7098,S99913416,X18138062X,Mrs.,Terisa250,Glover433,,Rau926,M,asian,nonhispanic,F,Boston  Massachusetts  US,1015 Kuhlman Grove,Chatham,Massachusetts,Barnstable County,2633.0,41.73679945331049,-69.95281493627978,727911.37,9350.7
44e3304d-d8d1-4a0e-a8bd-8007fc96ccc7,1960-08-15,,999-37-5102,S99986140,X13683065X,Mrs.,Christen366,Conn188,,Ratke343,M,white,nonhispanic,F,Sharon  Massachusetts  US,754 Bednar Camp,Holden,Massachusetts,Worcester County,,42.383348382687856,-71.88435910269308,1317979.49,10628.969999999998
0d4fdd34-839c-487f-836c-2d009542a7eb,1965-06-05,,999-62-4520,S99979420,X78329492X,Mr.,Andres25,Tromp100,,,M,white,hispanic,M,Belmont  Massachusetts  US,422 Waters Burg Suite 93,Haverhill,Massachusetts,Essex County,1835.0,42.75312293419053,-71.10227898809572,1300173.59,7665.08
65df56ed-d693-469d-acd7-ce0bda2eda85,1961-07-12,,999-49-5888,S99962612,X74607958X,Mr.,Terrance440,Gerlach374,,,M,white,nonhispanic,M,Framingham  Massachusetts  US,697 Wintheiser Flat Unit 90,Falmouth,Massachusetts,Barnstable County,,41.61996618103326,-70.58744132310815,1348035.12,5029.52
56d7c117-1254-4796-9e27-3a24148d2d60,2006-09-25,,999-55-2223,,,,Arron144,Strosin214,,,,white,nonhispanic,M,Billerica  Massachusetts  US,911 Hermiston Ramp,New Bedford,Massachusetts,Bristol County,2743.0,41.57721390696972,-70.95614617989143,42821.96,4639.679999999999
daa3cd44-4b8c-4997-87eb-886701604cbe,1977-03-10,,999-20-1361,S99959140,X68343290X,Ms.,Josefine519,Johns824,,,S,black,nonhispanic,F,West Tisbury  Massachusetts  US,600 Durgan Village,Malden,Massachusetts,Middlesex County,,42.47071519015031,-71.07061870779464,980580.42,6059.169999999999
3f2fbed3-6c86-4b6b-9002-66d5a9eeb01a,1911-02-25,1994-03-12,999-10-3406,S99955130,X43330526X,Mrs.,Takisha161,Jerde200,,Wuckert783,M,white,nonhispanic,F,Boston  Massachusetts  US,623 Padberg Vista,Lowell,Massachusetts,Middlesex County,1854.0,42.628750696174976,-71.25139571070773,319975.75,25455.96
9f5a8df3-74f8-407c-bc50-e3e71ffaab36,2015-11-01,,999-98-3557,,,,Theodore876,Konopelski743,,,,white,nonhispanic,M,Holyoke  Massachusetts  US,508 Goyette Terrace,Wayland,Massachusetts,Middlesex County,,42.34400072511817,-71.34266085388883,14084.98,1577.4
b5c9041d-230b-40f4-b7c3-dcf8307381b4,1940-11-13,,999-24-9526,S99950903,X44260271X,Mrs.,Rutha66,Beahan375,,Koepp521,M,white,nonhispanic,F,Auburn  Massachusetts  US,232 Grady Gateway Apt 3,Falmouth,Massachusetts,Barnstable County,2540.0,41.631972562864696,-70.58584462295086,1394401.34,13398.509999999998
8994204e-3ac5-4f13-ab87-c62af7ca366e,1952-12-09,,999-27-4007,S99974364,X49191772X,Mr.,Ryan260,Rempel203,,,M,white,nonhispanic,M,Lowell  Massachusetts  US,469 Weber Orchard Unit 25,Milton,Massachusetts,Norfolk County,,42.25807523738632,-71.08069929200423,1420341.95,13848.07
86c291c6-7b77-4ac6-abfb-2dfa17217cbf,1955-03-11,,999-85-9087,S99920361,X11428437X,Mrs.,Hedwig986,Prosacco716,,O'Reilly797,M,asian,nonhispanic,F,Medway  Massachusetts  US,939 Johns Brook,Chelmsford,Massachusetts,Middlesex County,,42.54800365689765,-71.40293027669922,1291862.59,8821.599999999999
00ebc091-9748-42c0-a782-8d76295203f7,1975-03-17,,999-96-3273,S99920497,X49279968X,Mr.,Wendell199,Bogan287,,,M,black,nonhispanic,M,East Brookfield  Massachusetts  US,341 Strosin Lodge,Lynn,Massachusetts,Essex County,1905.0,42.45375871067583,-70.92660611765274,6236.4,0.0
61f89746-26a7-4c75-b830-84432bd599df,1979-04-12,,999-97-8026,S99923978,X61891919X,Mrs.,Dorian295,Braun514,,Mayert710,M,white,nonhispanic,F,Eastham  Massachusetts  US,603 Stiedemann Mission Apt 81,Lowell,Massachusetts,Middlesex County,,42.69703269200717,-71.32170385260169,968193.29,5374.479999999999
d92dc392-0181-40d1-823c-7bedb728bb65,1941-01-25,2020-03-11,999-66-3052,S99974130,X48664758X,Mrs.,Codi873,Lebsack687,,Osinski784,M,white,nonhispanic,F,Boston  Massachusetts  US,864 Ondricka Highlands Suite 75,Newton,Massachusetts,Middlesex County,2459.0,42.30628077594102,-71.11408904200972,1424105.6,15782.2
70f40682-62c9-46d9-847b-841699064266,1911-02-25,2016-03-02,999-70-7249,S99965514,X17846309X,Mrs.,Sherryl893,Jacobson885,,Senger904,M,white,nonhispanic,F,Plymouth  Massachusetts  US,759 Hessel Trace Unit 20,Lowell,Massachusetts,Middlesex County,1850.0,42.68133326795952,-71.28021898555014,472466.7,28100.06
36b0cec0-64e9-4c58-b55b-841bc9929e41,1944-11-08,,999-14-5956,S99927243,X16338929X,Mr.,Issac619,Denesik803,,,M,white,hispanic,M,Boston  Massachusetts  US,1025 Will Route,Northborough,Massachusetts,Worcester County,,42.32140812876795,-71.6497299274301,1599374.1,7769.32
df9bde88-44df-4293-b4ae-7b951fee508c,1968-06-28,,999-54-6269,S99911480,X57421294X,Ms.,Alfredia958,Barton704,,,S,white,nonhispanic,F,Dracut  Massachusetts  US,417 Russel Quay,Kingston,Massachusetts,Plymouth County,2364.0,41.99092382636131,-70.77347042370661,1181441.38,11675.079999999998
a22bc1f0-6509-4acf-84f4-2cfc6c971842,2009-03-23,,999-23-4110,,,,Douglass930,Kautzer186,,,,white,nonhispanic,M,Attleboro  Massachusetts  US,161 Abernathy Camp Suite 71,Fall River,Massachusetts,Bristol County,2790.0,41.63913268036535,-71.12463625492363,26443.25,645.8
0314b99e-7ed7-47b7-bfd6-a3ef705f6406,1941-01-25,,999-83-2343,S99975344,X84818184X,Ms.,Rossie247,Kemmer137,,,S,white,nonhispanic,F,Shrewsbury  Massachusetts  US,1055 Barrows Harbor Unit 21,Newton,Massachusetts,Middlesex County,2458.0,42.393169610800655,-71.1482452372985,1481630.86,19315.57
a49153ff-8dce-40de-a4bc-b91d1b5aba14,1996-10-26,,999-21-5842,S99965605,X72697049X,Mr.,Eric487,Wilkinson796,,,,white,nonhispanic,M,Springfield  Massachusetts  US,713 Gutmann Arcade,Lowell,Massachusetts,Middlesex County,1851.0,42.58808591948682,-71.29639778951582,597581.36,3305.57
79db2040-5116-476a-b6df-fc1e7c0865a3,1972-01-24,,999-37-6193,S99918054,X42026695X,Mrs.,Larraine124,Lakin515,,Aufderhar910,M,white,nonhispanic,F,Fall River  Massachusetts  US,610 Stroman Light Apt 10,New Bedford,Massachusetts,Bristol County,2740.0,41.649494192180704,-71.0492436414869,154317.59,11869.999999999998
cfdd4133-90f5-47ba-b711-4fd7676e2df0,1952-03-16,,999-82-4751,S99953537,X61782612X,Mrs.,Marquita692,Bechtelar572,,Hudson301,M,asian,nonhispanic,F,Chatham  Massachusetts  US,264 Torphy Extension Suite 46,Lowell,Massachusetts,Middlesex County,1850.0,42.67499852820487,-71.30407816293057,1652546.0,19684.28
d4cc5a77-b8d0-4ed0-b225-a7a2494386c8,1969-12-25,,999-74-6991,S99957598,X61812804X,Ms.,Arletha291,Klocko335,,,S,white,hispanic,F,Haverhill  Massachusetts  US,294 Barrows Viaduct,West Springfield,Massachusetts,Hampden County,,42.16749698512846,-72.67081846315413,1190023.77,11951.229999999998
c615aba6-a00c-4964-b95a-3538e95c8d24,2005-11-17,,999-75-2179,,,,Joey457,Kassulke119,,,,white,nonhispanic,M,Boston  Massachusetts  US,868 Shields Fort,Brookline,Massachusetts,Norfolk County,2215.0,42.31751147566897,-71.14740108904364,20468.5,375.9
15ca87bb-4199-43a6-b20f-1b90d0a2809b,1943-06-18,2011-01-09,999-81-9227,S99913174,X14006310X,Mr.,Joe656,Gorczany269,,,M,white,nonhispanic,M,Shrewsbury  Massachusetts  US,952 Reilly Park Unit 92,Monson,Massachusetts,Hampden County,,42.092063790959166,-72.33412054960172,1599034.4,9765.26
5392a7c6-3314-4889-896b-507e8821fa1d,2011-01-16,,999-13-8461,,,,Winnie378,Franecki195,,,,white,nonhispanic,F,Orange  Massachusetts  US,697 McClure Rapid,Winchester,Massachusetts,Middlesex County,1890.0,42.43076891396611,-71.17340343496991,226784.65,2774.0
28a2ff0b-e871-4b59-9a81-2c11b153d74c,1991-07-31,,999-80-7192,S99916216,X47317743X,Mr.,Raúl937,Barragán638,,,M,black,nonhispanic,M,Puebla  Puebla  MX,977 Walker Station,Middleborough,Massachusetts,Plymouth County,,41.91482927055704,-70.87962520625099,767459.9,2738.96
2e4b51ea-a7d2-4fc0-a56a-8f8f4ef8ec0d,1968-04-18,,999-24-2575,S99913201,X41428540X,Mrs.,Basilia559,Ondricka197,,Hartmann983,M,white,nonhispanic,F,Norwood  Massachusetts  US,1098 Kling Common Apt 22,Taunton,Massachusetts,Bristol County,2718.0,41.86188689552564,-70.9934287175086,1157239.98,6107.719999999999
ddd0b130-b302-4d16-ba2d-d0d5c6eefc0c,1998-06-20,,999-55-9308,S99944515,X13350595X,Ms.,Celestine956,Hermiston71,,,,white,nonhispanic,F,Westfield  Massachusetts  US,454 Walsh Well,Boston,Massachusetts,Suffolk County,2113.0,42.45833489182265,-70.99381662558986,444934.43,3715.48
8ebb1fd9-ed19-456c-9813-ad9c8e8d9324,1971-01-18,,999-25-2058,S99946744,X74324453X,Mr.,Samual455,Torphy630,,,M,white,nonhispanic,M,Salem  Massachusetts  US,878 Schinner Course Unit 97,Halifax,Massachusetts,Plymouth County,,42.01108417361653,-70.85948729449444,54686.46,1721.02
1f23b294-832d-4a4b-b8b1-c03bfcdf4c9e,2014-04-03,,999-75-8302,,,,Glory745,Olson653,,,,white,nonhispanic,F,Shrewsbury  Massachusetts  US,899 Hintz Station,Agawam,Massachusetts,Hampden County,,42.08732726464149,-72.71180968320685,148632.54,2065.72
ddee0fdb-da75-45b3-ab00-e1f065f7f6f8,1989-01-01,,999-45-7577,S99949747,X16218018X,Mr.,Antonio44,Pedroza523,,,S,white,hispanic,M,Tegucigalpa  Francisco Morazán  HN,813 Wyman Port,Springfield,Massachusetts,Hampden County,1151.0,42.13090880623682,-72.51566519448036,100364.06,7197.679999999999
b0e7b818-c540-445f-93c3-384024d043ea,1997-12-29,,999-51-2774,S99958556,X35312752X,Ms.,Shonta375,Koss676,,,,white,nonhispanic,F,Weymouth  Massachusetts  US,1060 Gusikowski Wall Unit 41,Somerville,Massachusetts,Middlesex County,2138.0,42.34046880183909,-71.08724021947957,449911.05,3164.72
b08dc072-9b98-4584-ad23-7279344ac54f,1951-05-22,,999-63-1365,S99978691,X77416977X,Ms.,Markita319,Rohan584,,,S,white,nonhispanic,F,Fall River  Massachusetts  US,100 Smith Fork Unit 38,Waltham,Massachusetts,Middlesex County,2451.0,42.35892457813027,-71.26881202440914,1543186.46,11943.079999999998
f20784ba-0c28-4f67-b2a9-a33f8a8b043f,1948-04-14,,999-91-7103,S99971407,X89833795X,Mr.,Marc757,Weber641,,,M,white,nonhispanic,M,Taunton  Massachusetts  US,842 Batz Plaza Apt 66,Lynn,Massachusetts,Essex County,1907.0,42.49442586376745,-71.02385930702368,1589323.39,7080.2
02ed826e-8373-4be1-9d98-30ac94fd7de0,1974-07-28,,999-86-8547,S99991054,X21235948X,Mr.,Milan77,Reynolds644,,,M,white,nonhispanic,M,Springfield  Massachusetts  US,768 Kovacek Mill,Norton,Massachusetts,Bristol County,,41.91882487951541,-71.14950092829669,1162719.97,8875.84
2b4d5724-63ae-42e7-9743-0da6e038ad2f,1978-11-26,,999-37-4092,S99931464,X14415769X,Mrs.,Cassidy160,Wiza601,,Emmerich580,M,white,nonhispanic,F,Boston  Massachusetts  US,111 Jaskolski Vale Unit 12,Easton,Massachusetts,Bristol County,,42.05781479032712,-71.07728897709833,958444.61,6118.56
2c3d762e-e16e-4515-8ae3-a5be77bb994d,2003-01-17,,999-60-5146,S99921129,,,Ron353,Harber290,,,,white,nonhispanic,M,Georgetown  Massachusetts  US,836 Herman Rest,Haverhill,Massachusetts,Essex County,1830.0,42.76373344631976,-71.12802879276596,357238.62,2705.64
5be6bde6-d5ff-4183-85f1-86bf28bbe603,1991-08-10,,999-21-8442,S99982501,X64532690X,Mr.,Darnell564,Cummings51,,,M,white,nonhispanic,M,Auburn  Massachusetts  US,419 Brakus Vista,Rockland,Massachusetts,Plymouth County,,42.16994971338144,-70.93444371110219,14888.09,0.0
0b30e2a0-6c7d-48fe-8f21-500223f267d6,1946-12-23,,999-44-6768,S99958612,X75798689X,Mr.,Michel472,Beahan375,MD,,M,white,nonhispanic,M,Malden  Massachusetts  US,424 Hagenes Forge Apt 78,Medway,Massachusetts,Norfolk County,,42.12424570826555,-71.47641124429319,1537070.5,10003.97
bf56eb70-b963-4b86-a860-b278432e678d,1963-08-10,,999-46-2703,S99955892,X84523549X,Mr.,Tom274,Lemke654,,,M,white,nonhispanic,M,Sandwich  Massachusetts  US,702 Christiansen Loaf,Essex,Massachusetts,Essex County,,42.67690489178306,-70.75285163095113,1234941.53,7401.139999999999
97defe43-57dd-43fb-adb0-f9ed58125c6f,1954-07-20,2006-08-29,999-42-5877,S99937568,X21383816X,Mrs.,Sharilyn202,Kovacek682,,Sawayn19,M,white,nonhispanic,F,East Bridgewater  Massachusetts  US,635 Goodwin Trace,Lawrence,Massachusetts,Essex County,1843.0,42.66305678261629,-71.1327388024186,1198334.04,6655.999999999999
fa18bb3e-6b1c-43d7-8ebd-96f368d09ee3,1976-04-19,,999-98-9014,S99963706,X18140968X,Mr.,Grady603,Hintz995,,,M,white,nonhispanic,M,Boston  Massachusetts  US,999 Mante Esplanade Unit 29,Marblehead,Massachusetts,Essex County,1945.0,42.50499455811196,-70.85601881040297,959752.91,3591.28
fa3233b3-9eb0-411c-a078-4462e891401f,1917-10-22,1995-05-13,999-63-6402,S99934262,X40117447X,Mr.,Tyrone215,Stokes453,,,M,white,nonhispanic,M,Barnstable  Massachusetts  US,601 Thompson Key Suite 13,Hingham,Massachusetts,Plymouth County,2043.0,42.21193068543029,-70.84637081138091,1773182.27,13024.68
a37ddc82-90e0-4130-b945-65b525f79776,1960-09-13,,999-45-3463,S99954973,X25687165X,Mrs.,Norene941,Hackett68,,Keeling57,M,white,nonhispanic,F,Rutland  Massachusetts  US,195 Wuckert Junction Apt 41,South Hadley,Massachusetts,Hampshire County,,42.23587234794662,-72.5810152009237,1383108.09,13098.149999999998
30048a34-9ae7-42cc-b791-f8f8a555cedc,2013-12-26,,999-85-5158,,,,Eric487,Brekke496,,,,black,nonhispanic,M,Newton  Massachusetts  US,583 Krajcik Station Unit 35,Lawrence,Massachusetts,Essex County,1841.0,42.68342187248631,-71.15751922222977,139032.49,2208.2
c644fdac-f993-4599-8258-c57c17ee69fd,1972-11-06,,999-95-2681,S99947480,X74464364X,Mrs.,Jerilyn993,Kreiger457,,Gislason620,M,white,nonhispanic,F,Milton  Massachusetts  US,877 Lowe Forge,Taunton,Massachusetts,Bristol County,,41.97697998633727,-71.03756125265525,993173.48,10616.479999999998
909f93bf-c79e-42d6-b100-1a58393cdc3f,2018-03-11,,999-86-1479,,,,Mariann762,White193,,,,white,nonhispanic,F,Tewksbury  Massachusetts  US,959 Ratke Junction,Boston,Massachusetts,Suffolk County,2128.0,42.28755878790727,-71.08329690136661,56978.31,1300.76
f96c8835-a845-4d6f-8cfa-92093848528f,2016-07-08,,999-63-6914,,,,Eilene124,Yundt842,,,,white,nonhispanic,F,Newton  Massachusetts  US,730 Borer Street Unit 72,Billerica,Massachusetts,Middlesex County,,42.60115779966417,-71.2979620719136,94479.12,1999.04
b13bd3d4-1179-4012-aec1-926eec73ac5d,1960-02-25,,999-75-3782,S99946519,X21982310X,Mrs.,Willow678,Johnson679,,Lang846,M,white,nonhispanic,F,Pembroke  Massachusetts  US,722 Stehr Rue Unit 27,Petersham,Massachusetts,Worcester County,1366.0,42.46157059143028,-72.19721529048222,92599.39,6424.029999999999
f0152c09-8ff3-43c8-8442-c8c97981472b,1960-11-28,2020-03-22,999-85-9044,S99992568,X52306020X,Mrs.,Tamatha836,Bernier607,,Russel238,M,white,nonhispanic,F,Leominster  Massachusetts  US,607 Senger Vista Unit 45,Dover,Massachusetts,Norfolk County,,42.22168371706398,-71.24162750707933,1410182.49,13540.139999999998
10d1dd05-89ad-4ee8-b4a6-d501eecc183c,1975-06-19,,999-43-7650,S99911355,X13022335X,Mrs.,Lolita963,Ziemann98,MD,Greenholt190,M,white,nonhispanic,F,Plymouth  Massachusetts  US,610 Cartwright Passage,Mansfield,Massachusetts,Bristol County,,42.026843685950354,-71.20287051612598,945733.75,5772.719999999999
a2bba0dc-6b72-4b89-87f5-386acfe2bad0,2003-01-31,,999-61-7957,S99941351,,,Lorie307,Schumm995,,,,white,nonhispanic,F,Belmont  Massachusetts  US,290 Larkin Vale,Swampscott,Massachusetts,Essex County,1907.0,42.50658110436234,-70.92263801252105,381072.63,8121.779999999999
3cfc6a63-b259-4516-b09d-2c45c1f8c4c2,2003-12-06,,999-35-6958,S99955402,,,Malika385,Champlin946,,,,white,nonhispanic,F,Peabody  Massachusetts  US,408 Larson Extension,Revere,Massachusetts,Suffolk County,2151.0,42.39359826368107,-70.98540210951148,349071.5,3648.88
9675332e-16ce-4548-bad6-d1ae86678e61,1917-10-22,1985-12-12,999-65-1206,S99956658,X11211577X,Mr.,Cory323,Bosco882,,,S,white,nonhispanic,M,Malden  Massachusetts  US,613 Schoen Byway Apt 17,Hingham,Massachusetts,Plymouth County,,42.2591308905949,-70.86375529972267,1423274.03,6670.829999999999
7b826bbc-1031-4dbf-b983-d24a838dae6d,1995-06-10,,999-15-2447,S99962970,X87432145X,Ms.,Ann985,Braun514,,,,white,nonhispanic,F,Milford  Massachusetts  US,790 Breitenberg Extension,Methuen,Massachusetts,Essex County,1841.0,42.734061884816256,-71.22646953976735,520696.91,3379.68
a1a861b5-382a-45c9-96ce-35fcb8adc528,2000-11-23,2009-01-15,999-80-5218,,,,Julio255,Verdugo724,,,,white,hispanic,M,Panama City  Panama  PA,546 Kassulke Bypass,Worcester,Massachusetts,Worcester County,1602.0,42.31953422384559,-71.85160964813986,190628.58,1452.36
89699a6b-4500-4e2b-89a0-16bd829d6bc5,1927-09-26,,999-92-5114,S99924616,X46102741X,Mr.,Isreal8,Ferry570,,,S,black,nonhispanic,M,Ware  Massachusetts  US,184 Fadel Bridge Suite 45,Amesbury,Massachusetts,Essex County,1913.0,42.87032654572381,-70.94623174479491,1814109.0,24260.35
938095bb-77de-4e02-953d-c3c674d5f58c,1964-08-01,,999-89-2074,S99918054,X6599187X,Ms.,Elfreda431,Satterfield305,,,S,white,nonhispanic,F,Revere  Massachusetts  US,1055 Kunze Center,New Bedford,Massachusetts,Bristol County,,41.7092986410965,-70.9681773945796,1129338.06,13551.94
4bd785fe-657a-4b1c-8fc9-3b64015606d6,1953-12-03,,999-26-7984,S99959169,X61446309X,Mr.,Darwin703,Fahey393,,,M,white,nonhispanic,M,Gloucester  Massachusetts  US,870 Goyette Landing Suite 70,Halifax,Massachusetts,Plymouth County,,41.97315624168319,-70.84769684869686,1415185.12,7564.29
e0324b7d-877e-4399-975e-65da58f0f7a8,1958-04-11,,999-94-6159,S99997708,X557258X,Mrs.,Lynsey2,Howe413,,Cormier289,M,white,nonhispanic,F,Melrose  Massachusetts  US,832 Koss Street,Fitchburg,Massachusetts,Worcester County,,42.56940702575299,-71.81380417762033,1341014.35,13968.49
3791af16-3efa-4c76-99fc-54ee87229b82,1971-12-16,,999-82-4793,S99937811,X13391798X,Mrs.,Marylin690,Collier206,,Hauck852,M,black,nonhispanic,F,Boston  Massachusetts  US,667 Pollich Annex,Taunton,Massachusetts,Bristol County,,41.86685398980264,-71.04476842297326,30160.2,3439.6799999999994
586bf326-12b4-48cd-93c6-e1910203bb50,1947-07-09,,999-37-5061,S99918053,X55047250X,Mrs.,Season349,Yost751,,Mosciski958,M,white,nonhispanic,F,Brookline  Massachusetts  US,811 Schuster Parade,Worcester,Massachusetts,Worcester County,1602.0,42.308368508390274,-71.67008539587702,1349343.66,16889.609999999997
b9dab38c-ef2d-40a1-bd63-44e52f5a0014,1974-04-18,,999-17-5426,S99965628,X86601743X,Mrs.,Joella167,Ratke343,,Stoltenberg489,M,white,nonhispanic,F,Mendon  Massachusetts  US,901 Gusikowski Annex Suite 61,Ayer,Massachusetts,Middlesex County,1432.0,42.49522092383158,-71.59789915984635,1026293.51,7236.799999999999
ae631127-5627-408b-8bae-7bb963e6300b,1946-12-17,,999-77-5046,S99951740,X44929753X,Mr.,Sam879,Lynch190,,,M,white,nonhispanic,M,Lexington  Massachusetts  US,274 Glover Key Apt 85,Cambridge,Massachusetts,Middlesex County,2142.0,42.36646341011201,-71.17007053075041,1593243.27,7208.139999999999
f5dc7ada-a5f4-45c2-8459-61e9acd78a46,1943-10-15,2015-12-20,999-97-5426,S99936592,X48747900X,Mr.,Donald774,Christiansen251,,,M,white,nonhispanic,M,Concord  Massachusetts  US,844 Stamm Pathway,Lynn,Massachusetts,Essex County,1901.0,42.56366881892748,-71.0746648354344,1376667.06,10947.91
a3aa9389-75ec-44da-99e7-4bca9760b77a,1996-05-08,,999-48-4760,S99917163,X31002526X,Ms.,Katelyn962,Zboncak558,,,,white,nonhispanic,F,Boston  Massachusetts  US,447 O'Kon Lodge Apt 7,Revere,Massachusetts,Suffolk County,,42.379707300309136,-70.99086060599701,415804.19,11994.59
dc875596-b2e2-453f-8f6f-5f6445842dd8,1984-11-09,,999-78-4311,S99929384,X38041974X,Mr.,Caleb651,Ondricka197,,,M,white,hispanic,M,Norwood  Massachusetts  US,912 Armstrong Alley,Beverly,Massachusetts,Essex County,1915.0,42.5474646646569,-70.84483371729274,815396.1,2963.88
44f29bf8-031f-4f54-be75-96a89ae99d7a,1960-09-24,,999-80-1562,S99943056,X57102186X,Mrs.,Tuyet839,Rau926,MD,Daugherty69,M,asian,nonhispanic,F,Hull  Massachusetts  US,782 Hartmann Byway Unit 80,Bedford,Massachusetts,Middlesex County,1730.0,42.50323320351416,-71.250158081108,1406225.34,21288.71
03363964-4c9a-4e62-a382-4a7b569bca60,1967-06-27,,999-45-5441,S99936852,X9209616X,Mrs.,Leah288,Braun514,,Upton904,M,black,hispanic,F,Middleborough  Massachusetts  US,235 Schoen Gateway,Revere,Massachusetts,Suffolk County,,42.38174627027437,-71.01792589017882,47317.71,2782.5499999999997
a4ff8ce3-5f5c-49ae-a551-4e2d3466face,1969-08-30,,999-52-9711,S99943225,X20356298X,Mr.,Newton741,Oberbrunner298,,,S,white,nonhispanic,M,Shrewsbury  Massachusetts  US,1016 Pouros Tunnel,Chelsea,Massachusetts,Suffolk County,2151.0,42.42296392440757,-71.00570552706509,1347481.33,3351.4
211cce33-0983-46fc-9d3e-92d8a3df4755,1994-12-23,,999-22-9849,S99983348,X8534010X,Ms.,Yun266,Dach178,,,,white,nonhispanic,F,Natick  Massachusetts  US,1026 Hamill Orchard Suite 93,Yarmouth,Massachusetts,Barnstable County,,41.66407283680898,-70.23110895778161,655245.13,4074.68
708079a8-fc3e-4dea-b46a-7f9c27dd8e19,1995-06-10,,999-22-7214,S99954365,X12065580X,Ms.,Sherron201,Schoen8,,,,black,nonhispanic,F,Oxford  Massachusetts  US,545 Mann Highlands,Attleboro,Massachusetts,Bristol County,,41.90310129641183,-71.26793361520552,649883.53,3184.76
bdece685-288a-475e-8927-7d53c5a88980,1956-08-07,,999-38-1622,S99919739,X13787272X,Mr.,Julio César525,Merino448,,,M,white,hispanic,M,Mexico City  Mexico City  MX,890 Williamson Track Suite 14,Boston,Massachusetts,Suffolk County,2114.0,42.34494142289314,-70.95770855597179,1391328.95,16340.11
cb79be1f-cfce-4de3-8e83-aa3aa0f324da,1910-01-16,2019-09-16,999-67-4104,S99960073,X32751083X,Mr.,Kareem959,Weimann465,,,M,white,nonhispanic,M,Northbridge  Massachusetts  US,252 Krajcik Landing Apt 79,Franklin,Massachusetts,Norfolk County,,42.04837825992305,-71.4442977301529,1865193.47,28557.48
2d0c222d-3c9d-4ae4-9395-a6832d76f911,1961-12-12,,999-20-8818,S99920095,X519851X,Mr.,Arnold338,Veum823,,,M,white,nonhispanic,M,Toulouse  Occitanie  FR,519 Barton Annex Suite 32,Westwood,Massachusetts,Norfolk County,,42.18932638633384,-71.20549630496053,1425040.44,7839.28
008a1de3-146e-46a4-b996-ef9c1c935b0c,1975-04-07,,999-49-7556,S99921377,X76385133X,Mr.,Guillermo498,Quitzon246,,,M,white,nonhispanic,M,Attleboro  Massachusetts  US,733 Hartmann Gardens,Palmer,Massachusetts,Hampden County,,42.16983660834299,-72.29678409891483,1144224.26,4025.48
fa08c4ec-0829-4b3f-908e-9d5b7ec2be98,2015-09-18,,999-66-5429,,,,Germaine912,Labadie908,,,,white,nonhispanic,F,Brookline  Massachusetts  US,963 Schmitt Loaf Unit 21,Brockton,Massachusetts,Plymouth County,,42.05494619811101,-71.02061261406507,114444.86,1871.56
f6b0f026-6295-4ed7-a058-26a860a7395f,2001-09-30,,999-87-3894,S99925941,,Ms.,Florida645,Crona259,,,,white,nonhispanic,F,Revere  Massachusetts  US,414 Hahn Bypass Unit 50,Marshfield,Massachusetts,Plymouth County,,42.12555029417469,-70.70852591359024,430204.73,3050.6
ef24d495-48a1-48d9-8d9e-f2eaa541494f,2018-01-23,,999-95-6697,,,,Mickey576,Frami345,,,,white,nonhispanic,M,Worcester  Massachusetts  US,702 Kautzer Haven Apt 32,Milford,Massachusetts,Worcester County,1757.0,42.20424811626732,-71.54796126983341,57216.02,1339.9199999999998
2b431cde-7de9-4543-8fbc-314fdba490bc,1954-01-08,2013-01-25,999-64-7298,S99919128,X15591839X,Mr.,Raul814,Gaylord332,,,M,white,nonhispanic,M,Needham  Massachusetts  US,510 Schiller Gateway Unit 50,Haverhill,Massachusetts,Essex County,1835.0,42.83457059273994,-71.15989002579451,1501785.39,5261.2
725bf30a-b4ba-444d-86bf-287c634aa419,2016-05-08,,999-43-8853,,,,Tameika522,Quitzon246,,,,white,nonhispanic,F,Burlington  Massachusetts  US,969 Wisoky Parade,Worcester,Massachusetts,Worcester County,1545.0,42.25123907864821,-71.78644799423166,88580.37,1949.88
45f9013c-8110-4993-b2b8-802bd90671a1,1992-09-01,,999-37-6035,S99964645,X83256531X,Mr.,Reginald96,Bogisich202,,,M,white,nonhispanic,M,Stoughton  Massachusetts  US,829 Mitchell Run,Brockton,Massachusetts,Plymouth County,2301.0,42.157405830318375,-70.93967254679671,605962.6,6558.509999999999
efb2550b-bd62-4ecf-8d38-9dd2e9d1d67d,1958-10-10,,999-60-1549,S99977772,X51995902X,Mr.,Porter490,Morar593,,,S,asian,nonhispanic,M,Holbrook  Massachusetts  US,679 Abshire Ferry,New Bedford,Massachusetts,Bristol County,,41.588824189157805,-70.94953865452871,1343246.16,17209.21
aaf205cb-2061-43a3-9502-499156dc22c6,1989-05-01,,999-39-3516,S99925988,X69311016X,Mr.,Alphonse92,Rutherford999,,,M,white,nonhispanic,M,Boston  Massachusetts  US,964 Yundt Ville Unit 52,Rockland,Massachusetts,Plymouth County,,42.07998839461307,-70.95459114540702,639085.65,2692.2
d08237ef-8bff-4982-9c4d-a641d0762f17,1958-03-30,,999-36-6337,S99942887,X13593784X,Mrs.,Fredda152,Jast432,,Gottlieb798,M,white,nonhispanic,F,Worcester  Massachusetts  US,963 Zulauf Glen Suite 96,North Reading,Massachusetts,Middlesex County,,42.57697064588472,-71.13007906913272,1434440.84,10031.559999999998
1a0dcbe3-d0a6-4555-956f-e5810a183a64,1928-09-18,2014-01-21,999-53-4693,S99989601,X79529057X,Mrs.,Wenona350,Heidenreich818,,Braun514,M,white,nonhispanic,F,Lexington  Massachusetts  US,582 Blanda Underpass Apt 43,Cambridge,Massachusetts,Middlesex County,,42.33220958340899,-71.07636878855534,1296962.82,34295.869999999995
aa73e582-f667-4063-a0f4-3765eebcefa7,1953-10-29,2001-06-08,999-47-4638,S99975725,X31935849X,Ms.,Kathe603,Kassulke119,,,S,white,hispanic,F,Ashburnham  Massachusetts  US,673 Rempel Station,Springfield,Massachusetts,Hampden County,1108.0,42.10553937693266,-72.52123344514499,1116554.53,9355.32
e51e65fe-0329-4c76-8d87-3b3e1e3d508a,1986-11-23,,999-61-1717,S99957529,X16526328X,Mrs.,Terresa418,Koss676,,Powlowski563,M,white,nonhispanic,F,Melrose  Massachusetts  US,398 Mraz Rapid Suite 14,Waltham,Massachusetts,Middlesex County,,42.42427017843904,-71.23925721204077,740011.1,4758.679999999999
2e3109e2-f1d8-4a9d-bf1b-0dc2a67daa36,1960-05-04,,999-53-7297,S99956554,X48391004X,Mrs.,Camellia58,Schimmel440,JD,White193,M,black,nonhispanic,F,Rockport  Massachusetts  US,242 Bartoletti Esplanade Apt 77,Canton,Massachusetts,Norfolk County,,42.1898179493105,-71.12605087332165,1374525.33,13557.819999999998
89046b8f-dd1f-4ccb-b549-38a7d7bab9aa,2013-09-01,,999-32-5785,,,,Remedios388,Harber290,,,,white,nonhispanic,F,Brookline  Massachusetts  US,440 Gorczany Lock,Andover,Massachusetts,Essex County,,42.67850329572903,-71.17714498140822,138680.17,2232.36
0dce3d62-e6ea-4e40-8b25-5d2aac2fc52c,1990-08-06,,999-68-9577,S99954680,X29181440X,Mr.,Sterling124,Bergnaum523,,,M,white,nonhispanic,M,East Bridgewater  Massachusetts  US,158 Lynch Bridge,Winthrop,Massachusetts,Suffolk County,2152.0,42.40167520733971,-70.94532993532303,725061.59,4759.599999999999
bece27c7-492c-43eb-ae98-c2e4e098664f,2009-01-18,,999-41-8216,,,,Elma843,Bogisich202,,,,black,nonhispanic,F,Clinton  Massachusetts  US,996 Herman Port Suite 66,Mansfield,Massachusetts,Bristol County,,42.00108178389303,-71.1826058195998,288043.53,2929.0
2b3ba1a4-19f5-4180-af85-7035faae2574,2011-09-18,,999-11-1168,,,,Malissa448,Champlin946,,,,white,nonhispanic,F,North Reading  Massachusetts  US,665 Schiller Green,Franklin,Massachusetts,Norfolk County,,42.12485730078875,-71.45666826212113,199861.49,2491.52
2a14546b-26e0-48c8-9d37-d6d5e8bc3e63,1910-01-16,1974-08-11,999-51-4737,S99983083,X2218860X,Mr.,Scott935,Howell947,,,S,white,nonhispanic,M,Methuen  Massachusetts  US,924 Murphy Branch,Franklin,Massachusetts,Norfolk County,2038.0,42.13225062771017,-71.41158408537697,1481411.85,5501.879999999999
55df750f-baa2-4e8b-bbe4-404a63448e93,1945-04-07,,999-44-2075,S99964308,X71969969X,Mr.,Mauro926,Conn188,,,M,white,nonhispanic,M,Boston  Massachusetts  US,843 Tromp Estate,Plainville,Massachusetts,Norfolk County,,41.98093109285288,-71.29776036421602,1521798.21,7975.94
9fb6eab3-6668-4a48-bd5b-aa2f843f9ca1,1928-09-18,2006-09-19,999-25-9636,S99931590,X49291017X,Ms.,Zina602,Lang846,,,S,white,nonhispanic,F,Fall River  Massachusetts  US,1002 Dooley Port,Cambridge,Massachusetts,Middlesex County,2142.0,42.32222138904859,-71.09246623550952,932066.97,56359.47
0f64e8fb-7c49-465d-83ba-09367c3d228c,1972-09-18,,999-29-7954,S99921272,X77590291X,Mr.,Colby655,Lueilwitz711,,,M,white,nonhispanic,M,Medway  Massachusetts  US,623 Howell Harbor Apt 77,Worcester,Massachusetts,Worcester County,1583.0,42.20453436660534,-71.7600226295184,67649.04999999999,0.0
2e36fc4c-838f-44d0-9217-02937e80ad08,1954-12-25,,999-71-5646,S99918345,X78885106X,Mrs.,Chanel977,Wilkinson796,,MacGyver246,M,white,nonhispanic,F,Boston  Massachusetts  US,688 Bogan Plaza,Sandwich,Massachusetts,Barnstable County,2563.0,41.7465450155001,-70.51452524839748,1489494.32,9312.809999999998
5e1dba6a-bb0e-4db3-9a2c-40423cc503af,1999-09-02,,999-20-7651,S99913152,X59915308X,Mr.,Enrique929,Von197,,,,white,hispanic,M,Quincy  Massachusetts  US,474 Graham Burg Suite 17,Fall River,Massachusetts,Bristol County,2790.0,41.71393920941274,-71.10958854438324,450978.88,4264.02
ef4c7808-d68a-4041-a9b4-cc9494978424,1928-09-18,1971-02-23,999-61-9871,S99960996,X78810320X,Mrs.,Tennie915,Kunze215,,Ledner144,M,white,nonhispanic,F,Worcester  Massachusetts  US,787 Cummings Throughway,Cambridge,Massachusetts,Middlesex County,2139.0,42.38512699855691,-71.16711694811522,746534.25,9553.079999999998
349e72c8-2661-4a9b-b506-cd9d19c4a5af,1955-03-28,,999-31-2426,S99942282,X86253239X,Mrs.,Lucinda68,Stracke611,,Corwin846,M,white,nonhispanic,F,Ashland  Massachusetts  US,433 Lemke Highlands Unit 52,Templeton,Massachusetts,Worcester County,,42.55128445995306,-72.12187418498362,1433437.69,11430.52
a529abee-0ddd-49f2-bf21-c0ffae3754a6,1950-11-11,,999-45-9284,S99919470,X76829497X,Mrs.,Elsa29,Rivas297,,Trejo396,M,white,hispanic,F,Caracas  Capital District  VE,367 Rau Trailer,Agawam,Massachusetts,Hampden County,1030.0,42.10155834702982,-72.65482055725623,1519705.51,14384.399999999998
fdef551b-6dba-415b-b422-d6f5adda79b3,2015-07-26,,999-25-3481,,,,Ulysses632,Zieme486,,,,black,nonhispanic,M,Taunton  Massachusetts  US,333 Mueller Mall Unit 6,Greenfield,Massachusetts,Franklin County,,42.59351463505587,-72.63002477459224,99177.51,1728.24
99ffe603-d053-4547-b4f5-1d474c5ccfd3,1953-06-09,,999-84-1334,S99969260,X41321528X,Mr.,Antoine384,Reinger292,,,M,white,nonhispanic,M,Chicopee  Massachusetts  US,498 Schuster Arcade,Holyoke,Massachusetts,Hampden County,,42.21165754167464,-72.62396853655807,1572583.34,6463.599999999999
1c26601c-a348-4a26-8688-b9e2462ca509,1983-02-02,,999-62-2744,S99911572,X63822388X,Mrs.,France571,Tillman293,,Koch169,M,asian,nonhispanic,F,Beijing  Beijing Municipality  CN,1016 Barrows Throughway,Boston,Massachusetts,Suffolk County,2122.0,42.23831817654492,-71.16440944862879,194470.07,4489.559999999999
1b6e4b39-c282-417f-ba21-abdce5af0972,1982-10-28,,999-81-2935,S99932987,X11588570X,Mrs.,Treva754,Ziemann98,,Torp761,M,white,nonhispanic,F,Braintree  Massachusetts  US,1023 Wintheiser Flat,Boston,Massachusetts,Suffolk County,2118.0,42.32790942433604,-71.06612401583347,817767.14,14598.649999999998
ee82c490-c96d-4898-be29-2293a2d977a5,1963-01-26,,999-96-2730,S99917457,X84027019X,Mrs.,Kiesha539,Nicolas769,,Zemlak964,M,white,nonhispanic,F,Methuen  Massachusetts  US,827 Anderson Estate,Boston,Massachusetts,Suffolk County,2152.0,42.392752534481794,-70.96545826419447,1317268.53,19270.25
35e2eb90-dbd2-4568-b14b-40140a9366c1,1978-08-06,,999-16-4305,S99972216,X17853163X,Mrs.,Karleen110,Anderson154,,Mueller846,M,white,nonhispanic,F,Boston  Massachusetts  US,835 Carter Dale Apt 33,Cambridge,Massachusetts,Middlesex County,2142.0,42.38901506463527,-71.07553450172941,948226.77,16228.35
af350f60-f01a-4176-bebb-dd77c3835115,1968-05-03,,999-55-5444,S99935082,X55983938X,Mr.,Fabian647,Hodkiewicz467,,,M,asian,nonhispanic,M,Arlington  Massachusetts  US,545 Swift Branch Apt 42,Quincy,Massachusetts,Norfolk County,2169.0,42.26591282734352,-70.99281445375905,1264910.45,6235.28
5e9c5381-2f50-4b5e-a596-b9f5b51b90a4,1943-12-14,,999-85-6345,S99965150,X80295141X,Mr.,Fausto876,Tremblay80,,,M,white,nonhispanic,M,Ware  Massachusetts  US,868 Kihn Mall Apt 77,Somerville,Massachusetts,Middlesex County,2155.0,42.426207371834806,-71.07543612015678,1668190.9900000002,49922.10999999999
00c815b6-cd62-411e-9c91-0d8aef38bff7,1983-08-03,,999-27-2761,S99915207,X76495801X,Mrs.,Larisa542,Gaylord332,,McGlynn426,M,white,nonhispanic,F,Leominster  Massachusetts  US,952 Grant Trailer,Boston,Massachusetts,Suffolk County,2109.0,42.25829171610277,-71.11176911105994,73051.1,3369.389999999999
d4680728-d236-43cb-ac0b-69bf8ae06eca,1994-03-22,,999-28-4140,S99973459,X63524836X,Ms.,Giuseppina753,Hackett68,,,,white,nonhispanic,F,Wakefield  Massachusetts  US,459 Kautzer Haven Apt 47,Sterling,Massachusetts,Worcester County,,42.47661621437303,-71.74422053461859,598378.52,2849.76
1f750d0e-073c-4931-8c85-98bc03644a47,1963-06-15,,999-20-2683,S99940419,X72215059X,Mr.,Galen747,Runolfsdottir785,,,M,white,nonhispanic,M,Wilbraham  Massachusetts  US,924 Kuhlman Trace Unit 79,Shrewsbury,Massachusetts,Worcester County,,42.27847445614292,-71.67844045540453,1305582.38,4486.24
eb33d44b-b0c4-4d69-b971-9a921a1e24bf,1956-11-19,2014-11-09,999-63-2143,S99985156,X8125808X,Mrs.,Cathryn51,Herzog843,,Denesik803,M,white,nonhispanic,F,Boston  Massachusetts  US,831 Paucek Green,Stoughton,Massachusetts,Norfolk County,,42.094859816788485,-71.11277614933996,1431763.94,9263.32
93100d86-9253-4278-a0d4-b03c491645b3,1984-06-23,,999-82-4155,S99961488,X11101516X,Ms.,Inocencia535,Kihn564,,,S,white,nonhispanic,F,Haverhill  Massachusetts  US,402 Funk Key Suite 86,Malden,Massachusetts,Middlesex County,2155.0,42.45447493574674,-71.06572309413399,778640.08,17700.46
728eaac5-9c68-4c5d-a90b-a97cd1a173a8,2004-08-18,,999-40-1960,,,,Joel444,Thompson596,,,,white,nonhispanic,F,Dudley  Massachusetts  US,937 Labadie Quay,Framingham,Massachusetts,Middlesex County,1702.0,42.355505922661706,-71.39866420000612,421088.34,2714.84
43204a4f-57e5-4432-938d-54200f2d38a8,1950-12-05,,999-92-7497,S99984623,X81887308X,Mr.,Felix524,Cruickshank494,,,M,white,nonhispanic,M,Barnstable  Massachusetts  US,1059 Rice Grove Unit 95,Boston,Massachusetts,Suffolk County,2203.0,42.3204027043178,-71.06350300039708,1746714.58,6629.36
01a10467-d21d-4407-b22e-9c1d620871b6,1956-09-07,2020-03-15,999-30-5037,S99988965,X2479983X,Mrs.,Bula88,Schinner682,,Kihn564,M,white,nonhispanic,F,Boston  Massachusetts  US,896 Ryan Walk,North Reading,Massachusetts,Middlesex County,,42.57706632244425,-71.09663614745834,1357119.95,33423.3
dd40adb2-446d-4418-8313-86977ca44b35,1952-10-01,,999-10-1608,S99981024,X11822594X,Mr.,Curt84,Glover433,,,M,white,nonhispanic,M,Fall River  Massachusetts  US,351 Feeney Plaza,Acushnet,Massachusetts,Bristol County,,41.69554060804565,-70.88502486541148,1424598.0,24913.42
61b2d69c-7040-43b4-9998-88e63982f42b,2005-07-20,,999-96-7737,,,,Pricilla716,Bergstrom287,,,,white,nonhispanic,F,Westport  Massachusetts  US,1043 Hagenes Union,Fall River,Massachusetts,Bristol County,,41.62758683827794,-71.14888523420564,45568.94,3482.28
5ef128b9-99f1-40fa-a3c0-356bf376809a,1960-02-01,,999-82-1360,S99915104,X80632285X,Mrs.,Lahoma872,Kris249,,Brakus656,M,white,nonhispanic,F,Leominster  Massachusetts  US,127 Adams Mews Apt 16,Agawam,Massachusetts,Hampden County,1001.0,42.06277949000723,-72.57848713114362,1247451.07,12665.989999999998
14b3b394-7bdd-4d7c-9558-af24aadad6dd,1985-12-04,,999-73-6995,S99964058,X29112128X,Mr.,Chung121,Ryan260,,,S,white,nonhispanic,M,Braintree  Massachusetts  US,143 Becker Fork,Lowell,Massachusetts,Middlesex County,,42.660310335238464,-71.35141079270427,754046.26,6912.119999999998
04323e04-c4c4-4c52-b9ef-bd401a2938f3,1975-01-18,,999-30-1716,S99916306,X59957408X,Mr.,Rayford811,Wolff180,,,M,white,nonhispanic,M,Winthrop  Massachusetts  US,886 Tillman Crossroad Apt 2,Winchester,Massachusetts,Middlesex County,1890.0,42.46850124532937,-71.1230589831823,1097780.5,8089.2
6003b80d-0f77-4481-b2fb-4116b0b41351,2007-06-17,,999-58-9143,,,,Lara964,Mraz590,,,,white,nonhispanic,F,Brockton  Massachusetts  US,1023 Jaskolski Track Suite 41,Lawrence,Massachusetts,Essex County,1841.0,42.71056898518514,-71.17694694719651,316012.47,3674.76
9804049c-0973-4c95-9f9d-39499e88e824,1956-03-08,,999-80-8230,S99917851,X37674589X,Mr.,Tim88,Berge125,,,M,white,nonhispanic,M,Reading  Massachusetts  US,164 Price Path Unit 10,Worcester,Massachusetts,Worcester County,1610.0,42.21332976451589,-71.85659997252264,1552221.79,7326.0
a15d6c70-2296-42d4-8768-3bf2f1c07efc,1938-02-05,2000-12-09,999-65-5252,S99979971,X66920566X,Mr.,Leo278,Kozey370,,,M,white,nonhispanic,M,Lynn  Massachusetts  US,376 Ferry Avenue Apt 17,West Bridgewater,Massachusetts,Plymouth County,,42.03332015770715,-71.05593903967515,1532153.38,6993.44
103b6173-9cfa-4c8f-835b-be37fe2d9ede,1977-06-15,,999-19-4008,S99916415,X78057652X,Mrs.,Antonio44,Herzog843,,Dietrich576,M,black,nonhispanic,F,Boston  Massachusetts  US,720 Gutkowski Lane Unit 79,Boston,Massachusetts,Suffolk County,,42.31846568033839,-71.12196280076634,857549.65,12240.839999999998
558219d1-caf8-4d54-9ac6-d3e79398565e,1966-01-30,2020-03-13,999-78-1142,S99974632,X5794998X,Ms.,Melissa844,Kerluke267,,,S,white,nonhispanic,F,Arlington  Massachusetts  US,297 Doyle Gateway,Marshfield,Massachusetts,Plymouth County,2050.0,42.107388705973726,-70.68366468320511,1121407.9,7309.499999999999
110a6dde-796d-440a-a1b6-59e7bb94f934,1931-04-13,1993-11-05,999-71-8058,S99939481,X33834526X,Mr.,Adalberto916,Metz686,,,M,white,nonhispanic,M,Brockton  Massachusetts  US,859 Turcotte Gate Suite 40,Franklin,Massachusetts,Norfolk County,2038.0,42.05644613631157,-71.39570473052943,1435623.61,4910.28
205f1012-e5f1-4e5c-856b-a9a330ba1a48,1966-01-30,,999-45-2730,S99979133,X70621806X,Mrs.,Lamonica504,Barrows492,,Ruecker817,M,white,nonhispanic,F,New Bedford  Massachusetts  US,1048 Bergnaum Hollow,Marshfield,Massachusetts,Plymouth County,2050.0,42.124637026373655,-70.67291095930106,1131084.83,13218.069999999998
b74b1281-75a8-4ad7-9bde-b477bd230ceb,1994-06-16,,999-51-9248,S99997289,X77464075X,Ms.,Georgeanna785,Thompson596,,,,black,nonhispanic,F,Lowell  Massachusetts  US,365 Schuster Glen,Pelham,Massachusetts,Hampshire County,,42.35580860774592,-72.38402023143607,571810.58,8494.88
34c4d916-ef1e-4626-8d08-ea91adf27a46,1938-02-05,,999-65-9531,S99915478,X46530223X,Mr.,Bryan958,Block661,,,M,white,nonhispanic,M,Brockton  Massachusetts  US,696 Osinski Esplanade Unit 66,West Bridgewater,Massachusetts,Plymouth County,,42.00167361543034,-70.98012251920217,1543321.01,9184.96
df30e95f-de05-40eb-9431-87177120f77b,1977-02-13,,999-30-8836,S99911281,X15922984X,Mrs.,Lenita591,Murray856,,Abernathy524,M,white,nonhispanic,F,Springfield  Massachusetts  US,980 Daugherty Bay Apt 12,Chelmsford,Massachusetts,Middlesex County,,42.59798674909207,-71.35222638945059,1053503.68,6363.599999999999
f1ce200f-11af-4f80-a31e-fa99bb1dc6e6,1952-01-08,2007-01-26,999-69-3137,S99940384,X63288590X,Mrs.,Verda448,Schimmel440,,Ritchie586,M,asian,nonhispanic,F,East Longmeadow  Massachusetts  US,589 Schaefer Center,Dracut,Massachusetts,Middlesex County,,42.7144226006502,-71.2576360166226,1192040.42,8473.279999999999
800e7a30-69c5-421f-b0b7-afddd107f509,1984-10-30,,999-43-9993,S99976143,X4737X,Mrs.,Charlsie105,Rau926,,Satterfield305,M,white,nonhispanic,F,Mashpee  Massachusetts  US,128 Fritsch Skyway Suite 96,Marlborough,Massachusetts,Middlesex County,1752.0,42.3964533875963,-71.56516559093879,817675.2999999999,8598.81
c45176ec-fb35-4f53-bb57-efe632dbba4d,1991-12-23,,999-17-1049,S99983797,X1291333X,Mrs.,Milagro117,Lockman863,,Johns824,M,white,nonhispanic,F,Springfield  Massachusetts  US,926 McCullough Annex,Cambridge,Massachusetts,Middlesex County,2140.0,42.334627989864536,-71.06206991294977,25514.72,1719.8399999999997
47c91987-7e02-4a09-a7e9-f98c57bbaa79,1931-04-13,2019-04-08,999-64-7100,S99930527,X27372962X,Mr.,Gregory545,Wintheiser220,,,M,white,nonhispanic,M,Oakham  Massachusetts  US,608 Paucek Haven,Franklin,Massachusetts,Norfolk County,2038.0,42.0729627056692,-71.43853560861373,1422834.59,14444.9
1975d97c-7af8-4ef2-8976-6a784f684123,1930-07-12,2004-02-01,999-34-4528,S99944694,X52468221X,Ms.,Nicolasa738,Schaefer657,MD,,S,white,nonhispanic,F,Athol  Massachusetts  US,393 Parker Trail,Woburn,Massachusetts,Middlesex County,1801.0,42.45098287935553,-71.11747967093443,1457552.14,21222.79
526899cf-7e33-4d41-a555-ec5f8b4eace4,1966-12-04,,999-53-7705,S99948531,X3416995X,Mrs.,Leslie90,Lockman863,,Boehm581,M,white,nonhispanic,F,Boston  Massachusetts  US,106 Gerlach Lodge Suite 68,Worcester,Massachusetts,Worcester County,1545.0,42.19619518247374,-71.74186088299739,1029063.8,10172.38
4ff18c91-46f8-4d07-8260-1f7a007799b4,1945-10-17,,999-33-6315,S99931777,X73672966X,Mr.,Abe604,Cassin499,,,M,white,nonhispanic,M,Malden  Massachusetts  US,310 Boyle Trace Suite 92,Boston,Massachusetts,Suffolk County,2127.0,42.31312556494428,-71.07876664099227,121689.9,9156.23
f57b3d59-0058-4745-9ac6-b8524676cff9,1995-09-26,,999-84-7338,S99956468,X61586376X,Mr.,Gustavo235,Saldivar860,,,,white,hispanic,M,Caguas  Puerto Rico  PR,941 Ruecker Route Unit 33,Holyoke,Massachusetts,Hampden County,,42.24282537887044,-72.63699156001853,5717.47,0.0
733f035c-303a-4567-b75e-28580f3d363b,1978-06-01,,999-14-4461,S99973323,X75707663X,Mrs.,Dolores502,Valles311,,Munguía264,M,white,hispanic,F,Salisbury  Saint Joseph Parish  DM,700 Fadel Course,Lunenburg,Massachusetts,Worcester County,,42.60133532306154,-71.72406857693998,890130.5,7629.039999999998
d8adb631-6408-46e4-bff4-a300e581ca05,1966-10-02,,999-50-3887,S99930547,X24968573X,Mrs.,Shanda945,King743,,Ryan260,M,black,nonhispanic,F,Lee  Massachusetts  US,711 Bernhard Approach Unit 32,Hamilton,Massachusetts,Essex County,,42.61084987490212,-70.88677399624316,1092336.03,9962.03
5f33ee63-0662-4721-b817-61ea574ef83b,1952-12-25,,999-73-9049,S99920758,X40110758X,Mr.,Derrick232,Champlin946,,,M,black,nonhispanic,M,Easthampton  Massachusetts  US,732 Yundt Meadow,Boston,Massachusetts,Suffolk County,2126.0,42.3211327157173,-71.05012849513126,1343976.21,6673.82
b2c5313c-e8a6-474a-823a-90c0e5baf45b,1983-03-26,,999-46-7208,S99981728,X68418986X,Mr.,Quinton758,Hand679,,,M,white,nonhispanic,M,Leominster  Massachusetts  US,478 Spinka Ferry,North Reading,Massachusetts,Middlesex County,,42.53300830348336,-71.10903510250942,768107.41,4167.92
7d1546e8-4dae-42cd-8be0-35d65928eea1,1953-12-14,,999-82-6839,S99915269,X994774X,Mrs.,Morgan564,Hegmann834,,Waters156,M,white,nonhispanic,F,Worcester  Massachusetts  US,543 Keeling Loaf,Wellesley,Massachusetts,Norfolk County,2457.0,42.33919473694804,-71.28697848743371,1366556.84,24954.12
9a9d57d1-78bb-448f-b09f-fc0b2124fe97,1987-03-16,,999-19-1746,S99940452,X86905873X,Mrs.,Emma804,Dooley940,,McGlynn426,M,white,nonhispanic,F,Boston  Massachusetts  US,123 Vandervort Camp Suite 37,Peabody,Massachusetts,Essex County,,42.545492268234746,-71.07732190277206,721177.91,6382.429999999999
cfe523ee-7abd-4df2-a5b2-6847b298a7dd,1974-12-02,,999-50-2693,S99980098,X34303264X,Mr.,Dino214,Osinski784,,,M,black,nonhispanic,M,Lowell  Massachusetts  US,862 Funk Common Unit 24,Boston,Massachusetts,Suffolk County,2115.0,42.316694643931534,-71.10534550048187,1068778.66,11155.52
f630b9d6-c5f2-415b-8653-6267e11451a2,1953-04-20,,999-50-9001,S99943086,X6706924X,Mr.,Vince741,Gutmann970,,,M,black,nonhispanic,M,Fitchburg  Massachusetts  US,624 Willms Heights,Springfield,Massachusetts,Hampden County,,42.089628132672736,-72.48309117954666,1751547.91,7368.94
6127f4b9-345a-4f5a-8833-6dc04a2a71c7,1956-02-04,,999-78-6592,S99957087,X15237564X,Mr.,Morris740,Howell947,,,M,white,nonhispanic,M,Chelmsford  Massachusetts  US,1055 Ernser Drive,West Bridgewater,Massachusetts,Plymouth County,,41.98345348044218,-70.994493356174,1720429.36,6109.52
e77f6d1f-5f40-4e86-aa24-d6f0c4bc9c6b,1985-04-17,,999-35-2189,S99963771,X42316730X,Mr.,Fredrick998,Weimann465,,,M,white,nonhispanic,M,Andover  Massachusetts  US,754 Dooley Manor Unit 44,Billerica,Massachusetts,Middlesex County,,42.587959508316175,-71.29320033125855,765267.11,8316.68
7a450c1d-143c-4786-a04f-22aaff8196b6,1953-07-18,2020-03-15,999-24-1162,S99913958,X7139603X,Mr.,Dorsey40,Kuvalis369,,,M,black,nonhispanic,M,Billerica  Massachusetts  US,158 Oberbrunner Track,Lowell,Massachusetts,Middlesex County,1852.0,42.61895345893576,-71.32026355423717,1728891.14,5279.599999999999
a095a3c5-a45c-4d48-8a04-8c510d78e60e,1931-04-13,2020-02-19,999-74-7541,S99994300,X81027951X,Mr.,Marvin195,Little434,,,M,white,nonhispanic,M,North Andover  Massachusetts  US,1030 Stehr Gate Apt 49,Franklin,Massachusetts,Norfolk County,,42.12283546731261,-71.39281338476054,1484964.98,8904.16
c9b01708-d4b0-458f-9e7c-6cdac168db9e,1961-03-18,,999-34-2637,S99950117,X44526537X,Mr.,Santos184,Barton704,,,M,white,nonhispanic,M,Boston  Massachusetts  US,659 Hammes Street Apt 58,Lynn,Massachusetts,Essex County,,42.43732541900992,-71.04749637501885,53029.03,245.8
47437672-4c4b-49e9-8aa4-fb98b7fd30b3,1936-01-04,2020-03-30,999-40-6135,S99953550,X10793260X,Mr.,Elvin140,Kulas532,,,M,black,nonhispanic,M,Barnstable  Massachusetts  US,509 Moore Fort,Peabody,Massachusetts,Essex County,1940.0,42.57163982226981,-71.07129489428591,1398487.2,18528.25
f8f726aa-7e50-4b55-950b-a014285a1982,1938-11-02,,999-54-6799,S99959168,X13275620X,Ms.,Carola944,Stracke611,,,S,asian,hispanic,F,Springfield  Massachusetts  US,306 Gibson Wynd Unit 51,Watertown,Massachusetts,Middlesex County,2472.0,42.33615397160876,-71.2080508269894,1690904.07,9368.4
b9b67e37-b920-41cf-9d7f-a5f163381d40,1965-08-24,,999-27-3677,S99962985,X39141161X,Mrs.,Chiquita638,Kertzmann286,,Kassulke119,M,white,nonhispanic,F,Boston  Massachusetts  US,396 Rosenbaum Street,Mashpee,Massachusetts,Barnstable County,,41.64185147744678,-70.50467431349341,1265734.52,6706.799999999999
7e71d1fc-1cde-40ab-89e8-37c94af63aa9,1944-05-26,,999-69-4568,S99997323,X3909448X,Mrs.,Michell380,Grimes165,,Roob72,M,white,nonhispanic,F,Woburn  Massachusetts  US,530 Quitzon Corner Apt 50,Quincy,Massachusetts,Norfolk County,,42.25130071282182,-71.01461024032008,1386873.75,19263.88
17c82c90-eb8d-4070-9683-0da88ff95e0b,1959-06-21,2013-01-15,999-52-3821,S99996317,X19048568X,Mrs.,Delsie188,Stehr398,,Hand679,M,white,nonhispanic,F,Newton  Massachusetts  US,537 Abernathy Pathway Suite 51,Fitchburg,Massachusetts,Worcester County,,42.59337954619613,-71.76671354635629,41879.39,4346.829999999999
bfd12492-6925-42e1-8114-a57e0892df8f,1972-01-24,,999-38-1610,S99928309,X82691086X,Mrs.,Janet238,Wilkinson796,,Cummings51,M,asian,nonhispanic,F,Boston  Massachusetts  US,586 Von Run,Stoughton,Massachusetts,Norfolk County,,42.07390257651396,-71.09026465540529,1083136.44,6336.239999999999
5aea4fa8-cd45-4bc2-a36a-deb99799c78f,1963-05-25,,999-86-3362,S99916461,X71905040X,Mrs.,Pearle865,Wuckert783,,Larkin917,M,white,nonhispanic,F,Attleboro  Massachusetts  US,403 Monahan Way,Cambridge,Massachusetts,Middlesex County,2140.0,42.36166255645512,-71.12599249714037,1198899.82,12329.989999999998
55797f6c-b0a1-4515-bc80-5e2dff736232,1936-01-04,1974-06-22,999-59-6004,S99950642,X79712156X,Mr.,Trinidad33,Hane680,,,M,black,nonhispanic,M,Tewksbury  Massachusetts  US,252 Collins Crossing,Peabody,Massachusetts,Essex County,,42.5113200678681,-70.96687608552264,980887.15,5066.17
c5e38498-1bf9-472e-906d-3d176b40d07e,1997-10-03,,999-38-8785,S99995106,X26406323X,Ms.,Gayle448,Sanford861,,,,asian,nonhispanic,F,Somerville  Massachusetts  US,580 Hyatt Way,Worcester,Massachusetts,Worcester County,1608.0,42.24176364313679,-71.75929939568596,519739.35,3958.0
7cc056d4-c1f9-433b-ba5b-c01ecf03e283,2011-03-19,,999-28-3874,,,,Colby655,Daniel959,,,,white,nonhispanic,M,Braintree  Massachusetts  US,862 Kilback Overpass,Worcester,Massachusetts,Worcester County,,42.2571607474181,-71.87140374820125,28164.79,2739.84
d02f4d86-a2c7-4be6-9590-2e7724f9e0b9,1982-10-07,,999-90-3972,S99990994,X11568260X,Mr.,Brice635,Friesen796,,,M,white,nonhispanic,M,Melrose  Massachusetts  US,831 O'Kon Neck Apt 89,Brookline,Massachusetts,Norfolk County,,42.343024286267976,-71.19547480015618,907759.0,3597.16
63fb3918-e2ed-46e2-85f9-af0ce745fde6,1960-12-07,,999-66-5585,S99994341,X59437393X,Mr.,Franklyn361,Labadie908,,,M,white,nonhispanic,M,Millis  Massachusetts  US,281 Crona Road Unit 54,Gloucester,Massachusetts,Essex County,1930.0,42.636936322617366,-70.66852965933603,1576792.12,4293.84
1c1b35eb-8e2e-4127-8371-2d62b2b4611b,1978-03-11,1993-06-05,999-77-5913,,,,Kristofer887,Stokes453,,,,white,nonhispanic,M,Greenfield  Massachusetts  US,817 Cummings Bridge,Acton,Massachusetts,Middlesex County,,42.52678754323428,-71.42948884121449,371538.24,1860.64
7a145e45-08f1-4942-95a3-3574f2dcfb69,1987-05-27,,999-13-9202,S99933957,X49841263X,Mrs.,Anika194,Runolfsdottir785,,Kshlerin58,M,white,nonhispanic,F,Westwood  Massachusetts  US,654 Gislason Promenade,Newton,Massachusetts,Middlesex County,2466.0,42.39510768256381,-71.23292053114312,688605.41,7704.299999999998
67ec1d24-350f-492d-9f2c-69a746eadfca,1956-12-31,,999-41-2809,S99987375,X59635953X,Mrs.,Lonna614,Donnelly343,,Boyle917,M,white,nonhispanic,F,Boston  Massachusetts  US,950 Gorczany Boulevard Suite 50,Boston,Massachusetts,Suffolk County,2199.0,42.33374938610294,-71.11660270791276,43576.8,4495.399999999999
e61a31da-acb6-4d2d-837d-a6ecf9bfd269,1925-12-29,1996-11-05,999-56-8968,S99942119,X75344159X,Mr.,Kelvin159,MacGyver246,,,M,white,nonhispanic,M,Acton  Massachusetts  US,413 Gleichner Walk Suite 74,North Brookfield,Massachusetts,Worcester County,,42.22339874703325,-72.07295353596717,1749379.66,423698.3100000001
92cc06e0-95ca-4a61-ac1b-24f6d8d7b4b3,1975-01-09,,999-79-5199,S99910129,X11783935X,Mr.,Arlie183,Hamill307,,,M,asian,nonhispanic,M,Lawrence  Massachusetts  US,326 Hettinger Bypass Suite 68,Cambridge,Massachusetts,Middlesex County,2141.0,42.3903164081436,-71.05531760418941,142687.41,14101.58
e7bffc2a-2c5e-4a90-8fe2-271479a3abab,1936-01-30,2014-05-22,999-37-5982,S99926781,X85390110X,Mr.,Collin529,Altenwerth646,,,M,white,nonhispanic,M,Oakham  Massachusetts  US,566 McKenzie Mission Suite 82,Groveland,Massachusetts,Essex County,,42.76396123973133,-71.06266987086138,1779859.9400000002,16798.8
a656f525-8f0d-4b7e-a5e3-4d836f06aaac,1998-04-04,,999-77-2022,S99986799,X84543123X,Ms.,Sharla853,Will178,,,,white,nonhispanic,F,North Andover  Massachusetts  US,627 Keebler Track,Lowell,Massachusetts,Middlesex County,1854.0,42.6345538600045,-71.26707275418111,456903.97,2828.08
cc3e555c-0f3b-47b2-ad19-b11a58fd1d9c,1993-10-16,,999-10-9390,S99950078,X60347606X,Ms.,Fannie183,Olson653,,,,black,nonhispanic,F,Dartmouth  Massachusetts  US,916 Wisozk Dam,Boston,Massachusetts,Suffolk County,2467.0,42.331505260925766,-71.03844696546538,607900.83,4442.12
d57e241e-063a-4a8d-a264-a5dc4b960bc9,2000-06-24,,999-86-5815,S99994148,,Ms.,Maurice742,Goyette777,,,,white,nonhispanic,F,Weymouth  Massachusetts  US,154 Lubowitz Crossroad,Boston,Massachusetts,Suffolk County,2130.0,42.30782611897391,-71.05661428711558,528365.62,2846.48
7981d5c5-6998-4f07-9516-4f42875ac4d3,1990-10-13,,999-45-6893,S99973581,X86413013X,Mr.,Greg949,Macejkovic424,,,M,white,nonhispanic,M,Revere  Massachusetts  US,637 Pagac Highlands,Holliston,Massachusetts,Middlesex County,,42.18494374014636,-71.42122132660097,754192.1,8235.08
03bc1361-c6da-4b26-a6e4-235c853f5132,1936-01-30,2010-02-07,999-82-8337,S99973004,X46529052X,Mr.,Darryl392,Dickens475,,,M,white,nonhispanic,M,Warwick  Massachusetts  US,1072 Okuneva Underpass,Groveland,Massachusetts,Essex County,,42.75614551510783,-70.98273272116165,1777613.83,12132.98
13a5af22-3bde-42ae-9be5-4bac11f011f3,2018-02-13,,999-87-2469,,,,Ariel183,Rice937,,,,asian,nonhispanic,M,Easton  Massachusetts  US,409 Sauer Park,Southwick,Massachusetts,Hampden County,,42.02788926095596,-72.80537860993186,64330.08,1162.44
e1a4aaf2-8547-4c01-aba6-23f5260f83b7,1963-11-30,,999-59-1722,S99999483,X65459654X,Mrs.,Lennie123,Gleason633,,Leffler128,M,white,nonhispanic,F,Barnstable  Massachusetts  US,956 Dach Harbor,Bridgewater,Massachusetts,Plymouth County,2324.0,41.9442559935559,-70.95932603895004,1263857.72,8941.64
0f539879-c131-4811-b084-8dcac6bc87b6,1987-05-12,,999-72-2085,S99921541,X64673983X,Mrs.,Dorian295,Jenkins714,,Dicki44,M,white,nonhispanic,F,Lawrence  Massachusetts  US,446 Lind Vista,Lynn,Massachusetts,Essex County,1905.0,42.49185855549028,-71.01145716441278,761144.49,6717.679999999999
9e05eb60-8ec1-4172-b978-e18b5e8cae2b,2001-08-07,,999-87-9249,S99926828,,Ms.,Samira471,Stroman228,,,,white,nonhispanic,F,Chelsea  Massachusetts  US,571 Halvorson Pathway,Worcester,Massachusetts,Worcester County,1605.0,42.23166378525227,-71.8152203223645,479193.47,3606.4
a9eed4c6-5449-4a40-9cdb-cdbfc7599d48,1974-06-03,,999-11-4320,S99984442,X43148923X,Mrs.,Usha71,Hamill307,,Macejkovic424,M,black,nonhispanic,F,Wenham  Massachusetts  US,166 Muller Throughway,Salem,Massachusetts,Essex County,,42.50540926589198,-70.8390473492965,149087.81,16936.569999999996
2d17d381-69fb-4fce-aa4f-6ba98ea62a2e,1991-05-22,,999-92-9382,S99924569,X32274691X,Mr.,Hollis7,Murphy561,,,M,white,nonhispanic,M,Phillipston  Massachusetts  US,108 Paucek Vista,Newton,Massachusetts,Middlesex County,,42.33425144731618,-71.21587372628703,630729.3,2820.56
e8ee8bcf-aea8-43f0-b66a-6c4dbd557d40,2004-10-30,,999-51-6683,,,,Marge692,Zieme486,,,,white,nonhispanic,F,Waltham  Massachusetts  US,841 Koepp Esplanade,Springfield,Massachusetts,Hampden County,1199.0,42.066353038702815,-72.58506700841724,337916.46,3191.44
cf73a172-f375-4305-bfc8-ea8b00f158af,2008-08-27,,999-10-1145,,,,Benita195,Monahan736,,,,black,nonhispanic,F,Acton  Massachusetts  US,996 Balistreri Parade Apt 65,Andover,Massachusetts,Essex County,1810.0,42.600333885968304,-71.15237751094587,249003.76,3468.08
fd872c4c-6978-4291-b67c-2fb63cad8a4e,1996-07-10,,999-58-4803,S99951514,X58194604X,Ms.,Shelly431,Crist667,,,,white,nonhispanic,F,Lowell  Massachusetts  US,934 Ortiz Union Suite 73,Lynn,Massachusetts,Essex County,1904.0,42.49028515949876,-70.95917826600544,581540.38,7259.319999999999
12f5cfe4-80b9-44ba-8cd0-58a5eb7b8612,1974-02-16,,999-58-5636,S99910681,X49086142X,Mrs.,Maddie576,Dietrich576,,Funk324,M,white,nonhispanic,F,Wellesley  Massachusetts  US,411 Bernier Flat,Quincy,Massachusetts,Norfolk County,2186.0,42.28112561008392,-70.97476261741272,1056956.68,8019.129999999999
61f6ab6d-eda3-47e6-af75-1bd13197b1c4,1963-09-13,,999-35-9939,S99929194,X47996842X,Mrs.,Sammie902,Hamill307,,Bergnaum523,M,white,nonhispanic,F,Orange  Massachusetts  US,481 Kulas Manor,Salisbury,Massachusetts,Essex County,,42.83049539388608,-70.88229851407213,1161274.03,8623.32
8f7db34c-159f-4c02-9cd5-ed808c609391,2011-04-25,,999-53-1271,,,,Maria750,Aufderhar910,,,,white,nonhispanic,M,Sandwich  Massachusetts  US,527 Senger Corner Suite 83,Brockton,Massachusetts,Plymouth County,,42.085743162298655,-71.0270249884761,243069.86,2324.88
f1699388-fe76-448a-9cf1-2a1608d8c1f2,1988-04-16,,999-15-1666,S99931146,X81620571X,Ms.,Jerrica452,Kiehn525,,,S,white,nonhispanic,F,Boston  Massachusetts  US,953 Rolfson Tunnel,Medford,Massachusetts,Middlesex County,2155.0,42.38523012682188,-71.13594292427457,705159.12,8108.829999999998
baba9b6b-76b8-4a22-b7a8-b36afd5bd428,1946-06-08,,999-47-4883,S99948705,X45508299X,Mr.,Dale454,Swaniawski813,,,M,white,nonhispanic,M,Becket  Massachusetts  US,596 Muller Knoll,Fitchburg,Massachusetts,Worcester County,,42.60679548551058,-71.82350884928458,1532878.63,10136.85
bee890ab-e8d5-4c74-a747-5b5ddeffc473,1990-05-24,2020-03-15,999-85-5930,S99911738,X48299321X,Mr.,Orval846,Nader710,,,M,black,nonhispanic,M,Hanson  Massachusetts  US,390 Mayer Vale,Brimfield,Massachusetts,Hampden County,,42.09848754576549,-72.24967467050871,652125.45,7087.959999999999
8f23c812-15fc-4ee8-96d1-755cf499a254,1986-12-18,,999-75-7241,S99961076,X86881572X,Mrs.,Tereasa291,O'Reilly797,,Zieme486,M,white,nonhispanic,F,Boston  Massachusetts  US,1091 Mitchell Rest,Danvers,Massachusetts,Essex County,,42.56627677515161,-70.9902529977569,633779.88,7832.6799999999985
9ef12fa8-318a-42f7-8014-68410edee27d,1989-06-29,,999-31-4785,S99927553,X72189488X,Mrs.,Luana867,Stiedemann542,,Hills818,M,white,nonhispanic,F,Cambridge  Massachusetts  US,1059 Nader Glen,Boston,Massachusetts,Suffolk County,2116.0,42.29154209500966,-71.09519372069305,740087.27,4607.919999999999
73483149-6a3f-42f2-b82e-45f7da601e8a,1962-04-11,2003-09-03,999-29-5656,S99913518,X85356859X,Mrs.,Jenna662,Littel644,,Connelly992,M,white,nonhispanic,F,Brookfield  Massachusetts  US,225 Lynch Rapid Suite 29,Lexington,Massachusetts,Middlesex County,,42.48478001129333,-71.24956041174708,931824.81,7821.209999999998
4f195e1c-368b-428a-8bb2-66c720dd3717,1954-05-07,1989-04-07,999-13-2091,S99962236,X22472930X,Mrs.,Yun266,DuBuque211,,Will178,M,white,nonhispanic,F,Pittsfield  Massachusetts  US,927 Kohler Throughway,Springfield,Massachusetts,Hampden County,1109.0,42.07189637632387,-72.47110363204591,110335.16,6395.939999999999
afd6a9a8-3817-4493-9e93-5f7e2c603002,1968-04-08,,999-56-2971,S99997155,X83511076X,Mr.,Herb645,Stanton715,,,S,white,nonhispanic,M,Billerica  Massachusetts  US,965 Morar Alley Unit 14,Clinton,Massachusetts,Worcester County,1510.0,42.38758887881202,-71.704448824209,1359775.54,9485.0
09887fc3-c8e3-4f4a-b7c9-1af130c3e07e,2001-02-27,,999-84-7385,S99925540,,Ms.,Ivory697,Mosciski958,,,,asian,nonhispanic,F,Daegu  Daegu  KR,622 Larkin Underpass,Weymouth,Massachusetts,Norfolk County,2188.0,42.25417099834776,-70.91442798858041,466353.33,3489.73
16b38fdd-b038-4960-a222-9f02ab671069,1964-11-02,,999-10-3259,S99959524,X40618332X,Mr.,Freddie621,Brown30,,,S,white,nonhispanic,M,Dartmouth  Massachusetts  US,113 Shields Hollow,Salisbury,Massachusetts,Essex County,,42.84434657506443,-70.85849028283226,1149203.71,7633.239999999999
8fcee05d-bae4-437f-b307-34ce4dcec5c4,2016-04-26,,999-53-8853,,,,Lucile200,Okuneva707,,,,white,nonhispanic,F,Pittsfield  Massachusetts  US,472 Johnson Drive,Greenfield,Massachusetts,Franklin County,1301.0,42.64706080502346,-72.61829788392508,105454.26,2024.88
ac323783-0a54-4749-8b04-27aff74a8d13,2001-02-16,,999-99-1037,S99953849,,Mr.,Carmine137,Quigley282,,,,white,nonhispanic,M,Swansea  Massachusetts  US,1035 Auer Rapid,Shrewsbury,Massachusetts,Worcester County,,42.315566710941695,-71.73973822182103,520691.21,2901.48
49697ac6-bfc6-465b-b435-89611b5293e0,1997-08-06,,999-51-4023,S99973022,X30348821X,Ms.,Marica887,Kshlerin58,,,,white,nonhispanic,F,Lynn  Massachusetts  US,571 Marquardt Walk,East Longmeadow,Massachusetts,Hampden County,,42.03277066146477,-72.49803099522117,532058.51,5147.38
7b80c6af-1b59-443b-b019-5007c5ed4eac,1944-03-09,,999-40-6823,S99958693,X12995188X,Mr.,Dick869,Champlin946,,,M,white,nonhispanic,M,Winchester  Massachusetts  US,1075 Hermann Lock,Stow,Massachusetts,Middlesex County,,42.45421761713693,-71.51782286930039,1617038.79,11533.22
48c5a313-6e13-4f55-95a6-5b4761055f8d,1928-01-18,1994-02-07,999-94-7276,S99929498,X29169184X,Mr.,Don899,Lubowitz58,,,M,black,nonhispanic,M,Hudson  Massachusetts  US,762 Bernhard Arcade Unit 8,Springfield,Massachusetts,Hampden County,1103.0,42.14556507392787,-72.454733411229,1650050.44,5543.639999999999
c391947c-16c3-4247-b302-0404ba9cec88,1912-09-25,1969-04-04,999-44-2003,S99999230,X81029609X,Mr.,Dick869,Rohan584,,,S,white,nonhispanic,M,Dartmouth  Massachusetts  US,596 Funk Divide,Lynn,Massachusetts,Essex County,1904.0,42.492794329236034,-70.92653892015763,1363312.44,4747.839999999999
22054502-8347-4791-b869-5ea0e306172a,2014-12-13,,999-31-4890,,,,Eric487,McLaughlin530,,,,white,nonhispanic,M,Berkley  Massachusetts  US,312 Adams Skyway Unit 69,Lynn,Massachusetts,Essex County,1902.0,42.44599997348374,-70.868713248747,145620.97,1808.24
2068ab2e-d479-45e1-b586-9ebb41c219b3,1970-04-28,,999-65-1993,S99980470,X74996828X,Mrs.,Zelma45,Howe413,,Bauch723,M,asian,nonhispanic,F,North Attleborough  Massachusetts  US,146 Towne Forge,Boston,Massachusetts,Suffolk County,2199.0,42.36506198421812,-71.01582132743683,970677.11,13541.62
73bd242c-ab5d-480c-be0c-92252512e11b,1928-01-18,1984-09-12,999-44-1829,S99971150,X34914699X,Mr.,Weldon459,Rau926,,,M,black,nonhispanic,M,Weymouth  Massachusetts  US,696 Sauer Fort,Springfield,Massachusetts,Hampden County,1109.0,42.154759673481074,-72.51185116650745,1368152.61,4375.37
befa6195-714a-409e-92a6-6a2f72e78477,1942-04-02,,999-69-7296,S99966513,X82829931X,Mrs.,Guillermina633,Smitham825,,Crist667,M,white,nonhispanic,F,Leominster  Massachusetts  US,698 Batz Skyway Suite 25,Rockport,Massachusetts,Essex County,,42.63274533269337,-70.6616561846072,1593040.57,16899.91
41d69988-5a5c-412f-877b-d0ff0df5f7fc,1979-02-21,,999-93-7120,S99979240,X69882376X,Ms.,Alysa236,Baumbach677,,,S,white,nonhispanic,F,Scituate  Massachusetts  US,670 Gleichner Club Unit 20,West Springfield,Massachusetts,Hampden County,1089.0,42.07790986028096,-72.66907317691808,926753.73,7334.279999999999
d812de2e-0d06-487d-a8f3-971ed64af001,1992-10-31,,999-35-4030,S99978956,X30039657X,Mr.,Lewis216,Reichert620,,,M,white,nonhispanic,M,Revere  Massachusetts  US,702 Berge Forge Apt 5,Merrimac,Massachusetts,Essex County,,42.87939561805997,-70.99075072718983,633809.67,3340.5199999999995
d49e257d-7d09-48a2-8a65-6bedf214f4ff,1915-05-10,1998-10-24,999-18-3881,S99993192,X487314X,Mrs.,Carlos172,Smith67,,Kub800,M,white,nonhispanic,F,Lynn  Massachusetts  US,538 Gorczany Meadow Suite 88,Boston,Massachusetts,Suffolk County,2122.0,42.34773674596668,-71.00160455908171,328085.54,20999.89
be7a9d23-29b7-48e0-86bb-5419bb2a586b,1915-05-10,1925-01-26,999-64-5866,,,,Socorro465,Weimann465,,,,white,nonhispanic,F,Worcester  Massachusetts  US,590 Kutch Glen,Boston,Massachusetts,Suffolk County,2467.0,42.34186287189688,-71.1022207768631,32421.69,9217.73
f17c7e1e-9ca8-40fa-89ed-b9813ab3510b,1962-07-28,,999-39-7012,S99974935,X28334677X,Mrs.,Lela622,Mayer370,,Haley279,M,white,nonhispanic,F,Amesbury  Massachusetts  US,428 Huels Ferry Apt 48,Springfield,Massachusetts,Hampden County,1107.0,42.08644293588466,-72.53794785257298,78674.03,14934.829999999998
b3c4af76-5256-461c-affb-608ebe41ac4c,1988-02-17,,999-32-1910,S99982370,X19185832X,Mrs.,Diedra595,Hammes673,,White193,M,white,nonhispanic,F,Framingham  Massachusetts  US,626 Feil Skyway Unit 66,Boston,Massachusetts,Suffolk County,,42.33483437335072,-71.10594392998901,674387.99,7780.839999999998
785b5a70-b1ba-4b5f-8fbc-f5b43dd9679a,1961-10-05,,999-99-5883,S99928116,X56702182X,Mrs.,Olinda137,Spencer878,,Mayer370,M,white,nonhispanic,F,East Bridgewater  Massachusetts  US,564 Okuneva Skyway,Becket,Massachusetts,Berkshire County,,42.34215831762186,-73.08246123995815,28001.17,1867.3199999999997
12e10a50-b8b6-45d0-be35-c31b97f23a4c,1986-11-29,,999-74-6733,S99950532,X55634100X,Mrs.,Delorse592,Hegmann834,,Lemke654,M,white,nonhispanic,F,Walpole  Massachusetts  US,1040 Roob Byway Suite 17,Seekonk,Massachusetts,Bristol County,,41.79425758791815,-71.29329518525604,703605.25,23767.62
16beb9b0-683e-4745-8035-950176863afb,1974-05-08,,999-78-6293,S99922254,X45968508X,Mrs.,Janene3,Mitchell808,,Rutherford999,M,white,nonhispanic,F,Halifax  Massachusetts  US,271 Pfeffer Trafficway Apt 61,Sturbridge,Massachusetts,Worcester County,,42.10179036470175,-71.96998304728817,1045056.42,12192.929999999998
1c5b3f46-c3e1-481a-b89d-cdbaa6bb1458,1975-10-20,,999-61-7181,S99931530,X35689990X,Mrs.,Melani888,VonRueden376,,Balistreri607,M,white,nonhispanic,F,Stow  Massachusetts  US,824 Luettgen Heights Suite 30,Randolph,Massachusetts,Norfolk County,2368.0,42.16810869940729,-71.08718637790433,954258.76,20693.92
7d8dd1f5-2c86-4dfa-8a79-1151bb107e82,1958-02-01,,999-85-1920,S99928655,X59904458X,Mr.,Milford485,McKenzie376,,,M,white,nonhispanic,M,Frankfurt  Hesse  DE,682 Morissette Tunnel,Bridgewater,Massachusetts,Plymouth County,,41.9971979542009,-70.97148360256301,1429329.14,5601.969999999999
b4465e03-6ffc-4a99-956d-0262335d19ae,1915-05-10,2002-05-25,999-31-3573,S99915895,X61020857X,Mrs.,Vernon254,Corkery305,,Torphy630,M,white,nonhispanic,F,Yarmouth  Massachusetts  US,970 Gerhold Annex Unit 94,Boston,Massachusetts,Suffolk County,2129.0,42.3133283217097,-71.02267208398072,344688.17,15963.7
636e3db2-2299-4fd8-9fd2-e9a35af9d1bb,1910-07-06,1990-12-20,999-87-1881,S99931463,X8309105X,Mrs.,Krystal150,Hoeger474,,Terry864,M,white,nonhispanic,F,Scituate  Massachusetts  US,444 Zulauf Street,Lowell,Massachusetts,Middlesex County,1854.0,42.69335299777125,-71.37247768114004,866294.7,9393.77
03046d3e-5e7c-4733-906c-4b2bb344487e,1992-11-25,,999-35-8052,S99987126,X36486415X,Mrs.,Elizebeth108,Schimmel440,,Bailey598,M,white,nonhispanic,F,Yarmouth  Massachusetts  US,324 Bartell Rue Unit 23,Waltham,Massachusetts,Middlesex County,2451.0,42.36568974197623,-71.14357639285073,597974.96,3741.28
152895ef-2658-44b1-8dad-aefcb8281f9a,1920-06-29,1973-07-01,999-98-5695,S99917797,X15923309X,Mr.,Wilford267,Farrell962,PhD,,S,white,nonhispanic,M,Holyoke  Massachusetts  US,1042 Bailey Route Unit 69,Dighton,Massachusetts,Bristol County,,41.78511228293201,-71.11571095068079,1403352.19,3114.72
b1c36672-ad2c-4cb7-a938-8a6af84a847b,1921-11-16,1997-05-23,999-70-8429,S99916689,X32797241X,Mrs.,Althea11,Smith67,,Schuppe920,M,white,nonhispanic,F,Billerica  Massachusetts  US,605 Waters Landing Suite 82,Gloucester,Massachusetts,Essex County,1930.0,42.57996059519736,-70.71742978202515,1384161.78,12619.559999999998
0d9571d9-26e1-40e8-92ad-4b99d4634b51,1983-03-13,,999-38-6667,S99965217,X89468149X,Mrs.,Dorotea472,Carmona375,,Villanueva621,M,white,hispanic,F,Santiago  Santiago Province  CL,1025 Marvin Tunnel,Lawrence,Massachusetts,Essex County,1841.0,42.7198504354411,-71.12755648339267,122538.14,16874.46
227b477a-9c8d-4820-bae9-83697ec945e7,1912-09-25,1977-09-21,999-33-1584,S99913468,X79617193X,Mr.,Freddy176,Harris789,,,M,white,nonhispanic,M,Medford  Massachusetts  US,355 Rosenbaum Alley Apt 20,Lynn,Massachusetts,Essex County,1905.0,42.470143102374514,-71.06391802807241,1417608.44,16868.29
a8f3e46b-8e35-43db-9016-664be5768959,1929-08-08,2009-08-26,999-14-9655,S99938135,X39663828X,Mrs.,Dawna21,Effertz744,,Bartell116,M,white,nonhispanic,F,Seekonk  Massachusetts  US,625 Barrows Orchard Unit 67,Ashland,Massachusetts,Middlesex County,,42.28463708358832,-71.43212008420365,1463209.3,19072.44
228fb80f-df18-49ec-975f-983482671746,2002-08-25,,999-21-4302,S99921394,,,Lanell756,Graham902,,,,white,nonhispanic,F,Carver  Massachusetts  US,986 Bauch Parade,Webster,Massachusetts,Worcester County,1570.0,42.05456382363991,-71.84155660075264,440123.08,4452.13
fde2f26b-886a-476b-82ca-6226adbe9440,1960-11-04,,999-25-3391,S99952411,X33747841X,Mrs.,Elissa919,Wisozk929,,Brekke496,M,white,nonhispanic,F,Methuen  Massachusetts  US,799 Reilly Walk Apt 40,Warren,Massachusetts,Worcester County,1083.0,42.17363756707198,-72.17182652520358,1341593.47,12163.499999999998
0a9bdd7a-1eaa-4356-8079-161b470a301c,1949-06-27,,999-88-3272,S99925934,X58934494X,Mr.,Abdul218,Willms744,,,M,white,nonhispanic,M,North Andover  Massachusetts  US,1028 Gutmann Manor,Lynnfield,Massachusetts,Essex County,,42.56386748198223,-71.04620171743372,1583147.43,6566.92
46fba924-7eaf-467f-aaef-728c4bd5beef,1966-06-03,,999-33-2650,S99931024,X19541000X,Mrs.,Annelle169,Kuhn96,,Schumm995,M,white,nonhispanic,F,Cambridge  Massachusetts  US,856 Romaguera Drive,Cambridge,Massachusetts,Middlesex County,2472.0,42.42650403277116,-71.12511110047546,1255242.81,13076.33
40fb8109-df3e-42e8-a58d-2c3f3d749ca7,1910-07-06,1991-07-23,999-22-5749,S99926810,X29101090X,Mrs.,Detra426,Lynch190,,Strosin214,M,white,nonhispanic,F,New Bedford  Massachusetts  US,626 Auer Estate Unit 9,Lowell,Massachusetts,Middlesex County,,42.59023080116278,-71.28712058070592,538131.93,17320.699999999997
5d3a5a61-0b37-4f96-926f-1df91457c6ae,2000-11-28,,999-83-1687,S99959619,,Mr.,Courtney281,Waters156,,,,white,nonhispanic,M,Cologne  North Rhine-Westphalia  DE,272 Carroll Harbor Unit 16,Lowell,Massachusetts,Middlesex County,1850.0,42.66676997251905,-71.31937762085855,432968.5,27804.6
b6fe664f-8ec2-416f-8855-b4dfd9d02d6a,1920-06-29,2004-06-16,999-61-5412,S99975227,X60332346X,Mr.,Lester513,Mosciski958,MD,,M,white,nonhispanic,M,Wakefield  Massachusetts  US,854 Grimes Fork Apt 16,Dighton,Massachusetts,Bristol County,,41.83612383700641,-71.10795305956617,1797225.4,18095.64
1f990135-7557-4a25-8d53-97ab96859c2d,1941-01-18,,999-77-2908,S99947535,X13555627X,Mr.,Andy346,Torphy630,,,S,white,nonhispanic,M,Ludlow  Massachusetts  US,597 Mohr Knoll Suite 41,Methuen,Massachusetts,Essex County,1841.0,42.74809267975544,-71.20788208422512,1458361.89,9978.97
39653263-e2fa-4f66-9f5f-b49b1b92a915,1949-04-08,2020-03-19,999-65-2470,S99945577,X35061375X,Mrs.,Tarsha65,Douglas31,,Tromp100,M,white,nonhispanic,F,Westminster  Massachusetts  US,273 West Mill,Ashburnham,Massachusetts,Worcester County,,42.68001424742052,-71.944293153914,1444553.35,14600.239999999998
e8c40a28-a04a-44a8-9168-55157e7bf679,1991-04-29,,999-10-8733,S99985419,X76103824X,Mrs.,Sharyn437,Waters156,,Johns824,M,black,nonhispanic,F,South Hadley  Massachusetts  US,911 Kozey Esplanade Apt 61,Framingham,Massachusetts,Middlesex County,,42.31119453924372,-71.44707415515994,672255.02,4330.44
5eaee7fe-8dbc-44c3-995c-ef98e8510ecc,2017-06-20,,999-40-2782,,,,Harry448,Murray856,,,,white,nonhispanic,M,Taunton  Massachusetts  US,164 Anderson Way,Worcester,Massachusetts,Worcester County,1603.0,42.27433852826867,-71.85197026676589,23185.05,645.8
9f9cd8f4-8546-4b11-b611-e2e88e399e55,1932-06-14,2003-09-09,999-67-6659,S99994976,X63390431X,Mr.,Porfirio146,Mohr916,,,M,white,nonhispanic,M,Winchendon  Massachusetts  US,588 Wilkinson Overpass,Lynn,Massachusetts,Essex County,1907.0,42.43702589933599,-70.91729638176463,1531512.6800000002,15921.529999999995
77f0e55a-c316-46b2-b814-ea2739db01e5,1946-01-17,,999-75-6409,S99934539,X59168041X,Mr.,Peter292,Reichel38,,,M,white,nonhispanic,M,Arlington  Massachusetts  US,1081 Leannon Vista,Woburn,Massachusetts,Middlesex County,1890.0,42.51780489810441,-71.14499599255244,1526948.23,7640.12
870927e9-e960-4e86-85fd-ae9d25456dfd,1977-11-04,,999-81-9896,S99915959,X8126688X,Mrs.,Nedra260,McKenzie376,,Hoppe518,M,black,nonhispanic,F,Revere  Massachusetts  US,210 Willms Dam Unit 96,Newton,Massachusetts,Middlesex County,2464.0,42.35535217622353,-71.1975746123566,1008108.51,9170.919999999998
e19a491f-a01b-46d2-8c72-534ecd811cd5,1966-10-16,,999-93-9797,S99982788,X403121X,Mr.,Salvatore257,Kassulke119,,,M,asian,nonhispanic,M,Plymouth  Massachusetts  US,840 Lang Common,Methuen,Massachusetts,Essex County,1844.0,42.71269206520829,-71.16683286437507,11213.84,0.0
76618ea0-33a1-4b20-b9b2-ecf0e0faede9,1992-12-14,,999-86-6525,S99969104,X6400145X,Mrs.,Kaylee703,Schaefer657,,Reichel38,M,native,hispanic,F,Middleton  Massachusetts  US,214 Mertz Route Unit 19,Springfield,Massachusetts,Hampden County,1107.0,42.07308402640266,-72.52145337360542,630333.63,5241.199999999999
d60b66b8-d6f6-4690-b9d9-44dbec4dd75c,1932-06-14,2006-09-22,999-35-9400,S99913820,X68244764X,Mr.,Cristobal567,Reichert620,,,S,white,nonhispanic,M,Boston  Massachusetts  US,255 Kuphal Course Apt 11,Lynn,Massachusetts,Essex County,1905.0,42.43431408158972,-70.9972634074618,1599553.91,178927.99000000008
57b3893c-d51a-4c07-9bc9-bc668246cbc5,1951-03-19,,999-50-7293,S99927454,X54652362X,Mrs.,Kindra525,Brakus656,,Wintheiser220,M,white,nonhispanic,F,Tewksbury  Massachusetts  US,189 Herman Gate,Northampton,Massachusetts,Hampshire County,1060.0,42.3625818923907,-72.60807670975204,1509669.34,9632.479999999998
71b47784-645d-4595-ab02-21831cd0cabc,1939-02-23,,999-56-1047,S99986121,X23211113X,Mrs.,Shandra823,Koch169,,Eichmann909,M,white,nonhispanic,F,Falmouth  Massachusetts  US,954 Kunze Knoll Apt 63,Lynn,Massachusetts,Essex County,,42.488313375790106,-70.95867998376394,1819759.85,24707.17
d52af8ef-f5c7-4817-9956-f774fb92ca50,1932-06-14,2013-09-03,999-81-8126,S99977169,X53457882X,Mr.,Tommie457,Sanford861,,,M,white,nonhispanic,M,Stoneham  Massachusetts  US,371 Breitenberg Terrace,Lynn,Massachusetts,Essex County,1907.0,42.48042273939608,-70.96834475542614,1639188.1700000002,28492.76
adda81eb-8330-45b9-99b0-f42d3ec8824f,2009-07-05,,999-50-1647,,,,Lon587,Bode78,,,,asian,nonhispanic,M,Marion  Massachusetts  US,873 Hoppe Road,Reading,Massachusetts,Middlesex County,,42.58184958268819,-71.11139520140468,289236.97,2454.04
29796054-3057-4012-869a-1d3c6950d4db,1932-06-14,2010-08-30,999-78-1370,S99929767,X84786501X,Mr.,Amos720,Volkman526,,,M,white,nonhispanic,M,Sharon  Massachusetts  US,1092 Champlin Trailer Suite 1,Lynn,Massachusetts,Essex County,,42.49745035055786,-71.01653025343263,1773496.52,5989.679999999999
87e00470-6809-4fc7-83ee-f2774b581a62,1992-08-28,,999-88-1172,S99939019,X85878489X,Ms.,Lynetta635,Bradtke547,,,S,white,nonhispanic,F,Wilbraham  Massachusetts  US,889 Toy Trafficway,Ludlow,Massachusetts,Hampden County,,42.2290961841577,-72.50043217968725,680431.52,3938.0
dc26b2c9-eeb1-4766-9709-b2790f053eb2,1984-01-10,,999-20-4874,S99913379,X27342213X,Mrs.,Kit446,Volkman526,,Heathcote539,M,white,nonhispanic,F,Adams  Massachusetts  US,1022 Douglas Parade Apt 18,Norton,Massachusetts,Bristol County,,41.978807431055735,-71.15208756002905,860466.0,8173.319999999999
4de4de41-d422-4873-9621-aaebf3872bcf,1963-12-20,,999-28-3634,S99995963,X84663838X,Mr.,Jarod376,Olson653,,,M,white,nonhispanic,M,Beverly  Massachusetts  US,808 Quigley Mall,Saugus,Massachusetts,Essex County,1906.0,42.48771957019849,-70.9715698611531,1496462.37,4016.36
84a58218-dab3-4888-80e1-b765bdd1de7c,2003-05-20,,999-30-9931,S99937679,,,Berniece493,Ward668,,,,white,nonhispanic,F,Boston  Massachusetts  US,758 Schuppe Run,Malden,Massachusetts,Middlesex County,2148.0,42.40340383362391,-71.01823372454545,455090.72,2679.0
b65e0744-4e04-419b-b231-8b1702692cd9,2008-09-30,,999-49-1243,,,,Karey608,Cormier289,,,,white,nonhispanic,F,Boston  Massachusetts  US,907 Osinski Port,Sandwich,Massachusetts,Barnstable County,2563.0,41.70512393657332,-70.48920507742719,269145.79,3233.96
5cdd8ee4-d8bb-430f-8abc-8a37a5871ed6,1923-06-02,2016-04-09,999-28-4985,S99999549,X7398435X,Mrs.,Romana140,Pfeffer420,,D'Amore443,M,asian,nonhispanic,F,Haverhill  Massachusetts  US,379 Daugherty Skyway,Springfield,Massachusetts,Hampden County,1151.0,42.07451780025278,-72.54373474068892,1382197.03,25558.13
5430e3df-1000-41be-b12d-5dc3260b481c,2007-01-06,,999-10-5740,,,,Ozell178,Lindgren255,,,,white,hispanic,F,Pembroke  Massachusetts  US,311 Lynch Camp Suite 21,Amherst,Massachusetts,Hampshire County,,42.39368082920204,-72.49679197783489,306365.26,3196.48
9095e9f5-b035-42bd-aceb-fcddd9d62603,1932-06-14,1996-12-31,999-90-5808,S99972324,X14404956X,Mr.,Milford485,Jast432,,,M,white,nonhispanic,M,Webster  Massachusetts  US,389 Glover Annex Apt 82,Lynn,Massachusetts,Essex County,1940.0,42.48668355447376,-70.92361873246418,1489945.52,6803.4
8eb052ef-b24f-4290-8d7a-4054824a3a00,1953-06-11,2020-02-29,999-73-7113,S99997764,X56416025X,Mrs.,Roxane435,Botsford977,,Ortiz186,M,black,nonhispanic,F,Worcester  Massachusetts  US,888 Altenwerth Loaf,Sudbury,Massachusetts,Middlesex County,,42.366189577457874,-71.43256670306847,1504516.74,19960.439999999995
c619b3f0-ed2b-4e74-b392-47605ad435d0,1992-03-20,,999-89-4689,S99988643,X37229535X,Mrs.,Aja848,Pagac496,,Corkery305,M,white,nonhispanic,F,Boston  Massachusetts  US,354 Sawayn Estate,Attleboro,Massachusetts,Bristol County,2861.0,41.91704050130518,-71.34097553261871,514428.23,5183.639999999999
90f3d5ed-6fce-45b2-9be3-1ff0757bbdc9,1923-06-02,2020-03-15,999-15-3349,S99929999,X78640718X,Ms.,Darcy899,Jacobs452,,,S,asian,nonhispanic,F,Uxbridge  Massachusetts  US,481 Leffler Stravenue Unit 66,Springfield,Massachusetts,Hampden County,1106.0,42.083751807776494,-72.60837874888873,1508187.38,24359.89
f5592c47-88d5-4dd4-ba33-edc2b9d9b894,1952-03-29,,999-48-7146,S99962574,X19329350X,Mr.,Lindsay928,Reichel38,,,M,white,nonhispanic,M,Whitman  Massachusetts  US,422 Fritsch Camp,Worcester,Massachusetts,Worcester County,1545.0,42.353023499041306,-71.81368229382561,1769543.77,13437.39
f8215ff7-5267-4f6b-add8-e0f28f8bac37,1947-01-31,2020-03-13,999-19-7918,S99910500,X8944451X,Ms.,Diann220,Hansen121,,,S,white,nonhispanic,F,Shrewsbury  Massachusetts  US,611 Daugherty Mission Suite 43,Winchester,Massachusetts,Middlesex County,,42.42672941840837,-71.13028758890685,1608026.84,15379.749999999998
132c0436-2ad0-42ac-9f06-e78ec151f2db,1981-02-05,,999-66-3451,S99920283,X1417011X,Mrs.,Tarsha65,Ebert178,,McLaughlin530,M,white,nonhispanic,F,Lawrence  Massachusetts  US,785 Feil Throughway Apt 3,Townsend,Massachusetts,Middlesex County,,42.70438465056954,-71.72579992251362,976004.96,11845.089999999998
6bd97b3f-03f9-4b17-9f7a-1f7f6879dbd3,1932-06-14,,999-32-9174,S99956935,X28623947X,Mr.,Mitchell808,Baumbach677,,,M,white,nonhispanic,M,Springfield  Massachusetts  US,349 Wehner Well Suite 34,Lynn,Massachusetts,Essex County,1940.0,42.48121509233189,-70.92174743632906,1569360.31,27906.95
9cf9e1c8-bdaf-4087-8e26-724beaa312f3,1948-11-14,,999-14-1658,S99962245,X11016826X,Mrs.,Pandora807,Koepp521,,Kuphal363,M,white,nonhispanic,F,Boston  Massachusetts  US,236 Jakubowski Club,Wilbraham,Massachusetts,Hampden County,1095.0,42.15104371668629,-72.47449532338703,260914.26,112352.69000000005
f898d2cd-42fd-4749-851c-370bbb13d032,2008-10-08,,999-44-6569,,,,Bennett146,Borer986,,,,white,nonhispanic,M,Weymouth  Massachusetts  US,308 Hudson Neck,Quincy,Massachusetts,Norfolk County,2171.0,42.277559778077965,-70.98709718510901,238641.93,2878.16
45ea0d5d-a46a-4853-aaf6-63e4becbc349,1947-01-31,,999-53-7178,S99914221,X53790639X,Mrs.,Kiersten731,Ruecker817,,Sanford861,M,white,nonhispanic,F,Boston  Massachusetts  US,139 Tremblay Center Apt 87,Winchester,Massachusetts,Middlesex County,1890.0,42.4356678542213,-71.1839472272129,1456315.24,15122.87
d5629caf-c1a7-4a5f-9c39-66848236441d,1978-12-14,,999-97-6659,S99919890,X1238787X,Mr.,Maxwell782,Cruickshank494,,,S,white,nonhispanic,M,Cambridge  Massachusetts  US,425 Hayes Burg Unit 66,Cambridge,Massachusetts,Middlesex County,2141.0,42.42841416207971,-71.12149974300178,129409.92,10365.46
67080493-89e0-4918-b853-bdf6b47e1c26,1969-01-15,,999-10-8154,S99946308,X83888522X,Mr.,Kim439,Howell947,,,S,white,nonhispanic,M,New Bedford  Massachusetts  US,524 Anderson Terrace,Worcester,Massachusetts,Worcester County,1603.0,42.29134022821996,-71.7360953116752,1245137.6,4562.08
354d2438-4bc4-4e20-8d8f-50d0a3679db6,1969-08-06,,999-50-3677,S99967492,X19721297X,Mr.,Ernest565,Robel940,,,M,white,nonhispanic,M,Danvers  Massachusetts  US,645 Bechtelar Knoll,Ludlow,Massachusetts,Hampden County,,42.148544710316855,-72.49793920558311,1224549.07,4433.76
1f15eced-78de-48db-8e84-1ffb9b08d536,1988-03-11,,999-65-9329,S99919669,X19517098X,Mr.,Bert917,Torphy630,,,M,white,nonhispanic,M,Foxborough  Massachusetts  US,753 Wolf Frontage road,Norwood,Massachusetts,Norfolk County,2062.0,42.22041128624437,-71.24238712835033,776637.95,3084.72
afdd1917-5fcc-4f1d-b5cf-6680c3c1ae4b,1966-11-06,,999-29-6905,S99947709,X19478567X,Mr.,Graig740,Greenfelder433,,,M,white,nonhispanic,M,Oxford  Massachusetts  US,827 Lehner Meadow,Marblehead,Massachusetts,Essex County,1945.0,42.49040224350137,-70.8534240673847,1099321.96,3718.76
04dc20b7-2544-4182-a182-133a1103e079,1965-04-11,,999-22-3376,S99963562,X66044485X,Mr.,Alex454,Hermann103,,,M,white,nonhispanic,M,Medford  Massachusetts  US,1015 Lebsack Port Unit 59,Mashpee,Massachusetts,Barnstable County,,41.59500463233346,-70.51922382845663,1146921.52,8444.839999999998
1e681668-40b3-4008-8064-0d47b3774781,2016-09-30,,999-66-9256,,,,Malena136,Goodwin327,,,,white,nonhispanic,F,North Adams  Massachusetts  US,370 Hamill Lane Unit 25,Boston,Massachusetts,Suffolk County,2108.0,42.20633234696503,-71.14792359382241,83880.0,1786.56
46ff8344-6d2a-464b-a926-6819beb093da,1998-06-27,,999-75-8046,S99992361,X3486308X,Ms.,Lavon272,Kertzmann286,,,,white,nonhispanic,F,Braintree  Massachusetts  US,120 Hansen Route,Winchester,Massachusetts,Middlesex County,,42.4100622768332,-71.14486301739078,476879.82,5143.82
fb377dd7-9b76-479f-905d-57fae5f97764,2001-08-15,,999-89-6640,S99925678,,Ms.,Chau65,Hackett68,,,,white,hispanic,F,Chicopee  Massachusetts  US,219 Romaguera Run Apt 78,Belmont,Massachusetts,Middlesex County,,42.4035458446674,-71.22001785222469,476772.98,3329.76
c98aea69-75db-4682-be1a-f555e81ad559,2009-05-14,,999-14-2350,,,,Teodoro374,Arteaga169,,,,white,hispanic,M,Roseau  Saint George  DM,175 Howe Vista,Boston,Massachusetts,Suffolk County,2467.0,42.39274596367132,-71.12979219116738,294240.48,2454.04
657d49ef-5eb2-498c-8569-f4e28936fa82,1965-07-16,,999-88-1662,S99921065,X18965971X,Mrs.,Débora815,Baca589,,Franco581,M,white,hispanic,F,La Paz  Baja California  MX,342 O'Kon Fork,Boston,Massachusetts,Suffolk County,2131.0,42.27405588285015,-71.08691920286597,1207791.1,6100.929999999999
95d60708-f6e7-4fc3-a356-6d59856ef6ee,1959-03-26,,999-73-9949,S99912497,X76883574X,Mr.,Leigh689,Lubowitz58,,,M,white,nonhispanic,M,Boston  Massachusetts  US,798 Gislason Green Suite 35,Wakefield,Massachusetts,Middlesex County,1880.0,42.53756165538852,-71.10288984120292,1259117.57,8186.519999999999
1f106db7-87c6-4dc9-a17c-c0f87a03c176,2015-07-30,,999-44-4902,,,,Essie785,Hagenes547,,,,white,nonhispanic,F,Boston  Massachusetts  US,356 Quitzon Heights,East Bridgewater,Massachusetts,Plymouth County,,42.05579503923743,-70.93346987383798,128671.57,1679.08
ada31f7f-d353-4a35-96d4-6c8b4c28d495,2013-07-02,,999-73-4928,,,,Mckinley734,Towne435,,,,white,nonhispanic,M,Springfield  Massachusetts  US,210 Breitenberg Road Apt 13,Marlborough,Massachusetts,Middlesex County,,42.37209597820963,-71.57142937708937,166589.2,2450.68
a1c37888-20e6-475e-8f49-74b6afd9588b,1973-04-03,,999-24-4156,S99930294,X2924767X,Mrs.,Ashanti808,Welch179,,Kuhlman484,M,white,nonhispanic,F,Yarmouth  Massachusetts  US,994 Kautzer Trailer,Southbridge,Massachusetts,Worcester County,1550.0,42.052346564735565,-72.01382218108832,1158985.05,8492.949999999999
43ae7596-78e3-4cc6-afbd-55e81779ac09,1963-09-17,,999-67-6664,S99987095,X32803036X,Mr.,Alejandro916,Rutherford999,,,S,white,nonhispanic,M,Pittsfield  Massachusetts  US,630 Watsica Landing Unit 71,Brockton,Massachusetts,Plymouth County,2351.0,42.0302977222875,-71.03114898073521,1513701.9200000002,8240.119999999999
3714193c-bc52-4e9d-8886-afe8654d7b5a,2002-10-27,,999-90-8329,S99972101,,,Demetrius568,Aufderhar910,,,,white,nonhispanic,F,Dedham  Massachusetts  US,990 Powlowski Row,Lynn,Massachusetts,Essex County,1940.0,42.43737287095448,-71.04397886173616,54359.36,3597.24
8501ae73-7de8-446c-8506-0d4f25f10ad1,1953-04-09,,999-78-2631,S99960289,X67156245X,Mr.,Margarito178,Rowe323,,,M,white,nonhispanic,M,Westfield  Massachusetts  US,640 Champlin Ranch,North Attleborough,Massachusetts,Bristol County,,41.96025191159588,-71.3306102992386,1420647.35,11210.89
3608bcd1-5ca8-4820-9bae-36b2d57dbfb3,1958-01-10,,999-32-6313,S99912516,X50805393X,Mr.,Merlin721,Bergstrom287,,,M,white,nonhispanic,M,Springfield  Massachusetts  US,512 Bosco Road,Lanesborough,Massachusetts,Berkshire County,,42.569742248498166,-73.21338570774691,1433796.96,9617.36
ea4cbc68-a2da-4f97-a245-81533db686ec,1974-01-03,1986-05-13,999-64-9788,,,,Michel472,Bergnaum523,,,,white,nonhispanic,F,Malden  Massachusetts  US,431 Brakus Quay,Taunton,Massachusetts,Bristol County,2767.0,41.81727761194048,-70.98741064226061,299701.62,1539.84
97c6b03a-63e6-4d6f-8b0e-70190d91bf45,2013-11-27,,999-56-9069,,,,Ligia986,Waelchi213,,,,white,nonhispanic,F,Malden  Massachusetts  US,169 Gutmann Skyway Suite 63,Billerica,Massachusetts,Middlesex County,,42.52268140905266,-71.28304782649334,164065.94,2214.04
2d81c1e8-9c4c-4039-833f-00c98077c087,1971-09-23,,999-20-3747,S99978811,X50325643X,Mrs.,Suzi977,Feil794,,Lowe577,M,asian,nonhispanic,F,Beijing  Beijing Municipality  CN,784 Thompson Port,Everett,Massachusetts,Middlesex County,,42.3984581340183,-71.09174774819401,1034134.61,8515.689999999999
a98b82b6-4424-46b6-a66c-2c75535b94be,1961-04-26,1971-12-01,999-17-8915,,,,Sydney660,Schroeder447,,,,white,nonhispanic,M,Boston  Massachusetts  US,397 Kunze Highlands,Medway,Massachusetts,Norfolk County,,42.19680227281565,-71.43680767081743,3658.78,0.0
29bd1982-4029-4641-b968-01a8f91252f1,1969-02-24,,999-66-9373,S99951795,X67507427X,Ms.,April374,Jast432,,,S,white,nonhispanic,F,Southampton  Massachusetts  US,618 Vandervort Lock,Brookline,Massachusetts,Norfolk County,2467.0,42.33187583954609,-71.1847656489513,1138918.19,18930.61
e841ad26-f1fa-44b5-81fa-8238b359332f,1946-07-12,,999-85-9966,S99915960,X68591987X,Mrs.,Anna632,Murphy561,,Dickinson688,M,white,nonhispanic,F,New Bedford  Massachusetts  US,758 Kassulke Bridge Suite 65,Medway,Massachusetts,Norfolk County,,42.18952308648592,-71.470623653555,56038.94,3941.36
94240bfe-0fb9-4817-885f-27ff3f69a005,1962-04-18,,999-59-1919,S99921616,X50427725X,Mrs.,Diane211,Hansen121,,Wisozk929,M,white,nonhispanic,F,Worcester  Massachusetts  US,787 Tromp Parade Unit 64,Palmer,Massachusetts,Hampden County,,42.156496200734914,-72.40177747765954,1276128.91,25873.46
9bf56150-1d96-4871-9f9b-1be6dd77f7d6,1970-10-19,1972-03-27,999-96-9236,,,,Gaylord332,Grady603,,,,white,nonhispanic,M,Attleboro  Massachusetts  US,265 Daniel Gateway,Norton,Massachusetts,Bristol County,,41.92123759079214,-71.23161391170991,33075.0,677.9999999999999
fe8291da-2867-4aeb-98c0-f1e8c9405a3f,1918-02-18,,999-96-7109,S99920360,X21463400X,Mrs.,Lavada531,Legros616,,White193,M,white,nonhispanic,F,Fitchburg  Massachusetts  US,237 Tremblay Drive,Gloucester,Massachusetts,Essex County,1930.0,42.57759436402452,-70.6843138501256,1441895.19,16351.799999999996
bd8b5ecf-5aa2-4b12-9233-eb9ef41f68f0,1970-10-19,,999-97-1608,S99935571,X13262107X,Mr.,Benjamin360,Funk324,,,M,white,nonhispanic,M,Canton  Massachusetts  US,189 Pacocha Rest Apt 98,Norton,Massachusetts,Bristol County,,41.9156379832681,-71.16158331577549,1020249.68,3527.92
545c6b72-3b5f-45ff-bfc9-e32a3cd2cfd8,1957-08-08,2014-07-27,999-42-7848,S99927314,X21413023X,Ms.,Theresia791,Parker433,,,S,white,nonhispanic,F,Barnstable  Massachusetts  US,538 Lueilwitz Path,Yarmouth,Massachusetts,Barnstable County,,41.706600709556696,-70.2552646556014,1266172.93,8835.799999999997
69c0f706-02f8-499f-96de-e3bf29985eb1,2001-12-17,,999-74-6187,S99997440,,Mr.,Gonzalo160,Nicolas769,,,,white,hispanic,M,Natick  Massachusetts  US,846 Bayer Flat,Leominster,Massachusetts,Worcester County,,42.49038428481501,-71.79664055380177,402936.86,4436.0
45e937e6-75d9-4dc3-a968-a3bce3b98009,1976-06-10,,999-22-4247,S99915368,X26784375X,Mrs.,Shaunta614,Hammes673,,Ferry570,M,asian,nonhispanic,F,Hingham  Massachusetts  US,723 Buckridge Bridge,Foxborough,Massachusetts,Norfolk County,,42.0518594197257,-71.24864315489222,877238.1900000001,7501.259999999999
30793228-295c-4e3b-86aa-d71a395094a0,2010-11-07,,999-76-1873,,,,Allie437,Batz141,,,,white,nonhispanic,F,Boston  Massachusetts  US,205 Welch Knoll,Middleton,Massachusetts,Essex County,,42.62197598228461,-71.01737925882388,219020.29,2739.0
68760134-cbb0-48cd-b206-3b6f096bfdfa,1957-08-08,,999-54-3947,S99931290,X5750166X,Mrs.,Janetta325,Ruecker817,,Nicolas769,M,white,nonhispanic,F,New Bedford  Massachusetts  US,170 Kihn Boulevard Apt 66,Yarmouth,Massachusetts,Barnstable County,,41.63333730895193,-70.19867882219815,1478907.22,11423.96
9f2a0230-859f-4e7d-acc4-0bbaf15b0169,1998-09-04,,999-27-7280,S99967118,X29816793X,Mr.,Jere230,Olson653,,,,black,nonhispanic,M,Marlborough  Massachusetts  US,971 Ernser Vale,Boston,Massachusetts,Suffolk County,2210.0,42.3635850090089,-71.10801715184218,499382.4,3287.24
1cad1191-8ea6-4a00-a5c4-8128125a9d29,1942-12-22,1955-11-20,999-62-9618,,,,Eugene421,Pacocha935,,,,white,nonhispanic,M,Boston  Massachusetts  US,945 Yost Dale Unit 61,Boston,Massachusetts,Suffolk County,2136.0,42.33754365800422,-71.03430521976365,40661.27,1867.32
19a80b90-995c-42f2-81c6-a0d12e68223f,1976-11-13,,999-53-6889,S99971296,X79574816X,Mr.,Wilbur107,Balistreri607,,,M,white,nonhispanic,M,Salem  Massachusetts  US,540 Collins Boulevard,Foxborough,Massachusetts,Norfolk County,,42.08976508228797,-71.2352690375173,997337.95,3248.84
990b0959-b2f8-4e2a-bc38-9d5ba0a8d983,1941-03-03,2001-10-15,999-20-7939,S99936393,X61586614X,Mr.,Darrell400,Spencer878,,,S,white,nonhispanic,M,Lowell  Massachusetts  US,997 Kunde Vista Unit 67,Lincoln,Massachusetts,Middlesex County,,42.44670241848668,-71.32380817285816,1534043.02,5394.48
fcc24f5f-1ce3-4550-a7c4-8cf854bc6df3,1988-06-21,,999-88-2174,S99925398,X78476199X,Mrs.,Cristine925,D'Amore443,,Zieme486,M,asian,nonhispanic,F,Medford  Massachusetts  US,597 Huel Wall,Waltham,Massachusetts,Middlesex County,2452.0,42.35332721746021,-71.2194823940619,762505.17,5546.159999999999
4f654dc4-aeb1-4ef3-8154-a0d0122f861c,1976-01-17,,999-80-8850,S99960415,X74922904X,Mrs.,Izola651,MacGyver246,,Halvorson124,M,white,nonhispanic,F,Lexington  Massachusetts  US,937 Kuphal Walk,Westport,Massachusetts,Bristol County,,41.59935529414266,-71.08171625585574,1049425.65,10535.179999999998
1fb9c55a-d884-4383-9c91-35b177746e02,1922-04-30,2019-11-14,999-72-5528,S99916538,X19808934X,Mrs.,Kori635,Blick895,,Marvin195,M,black,nonhispanic,F,Ayer  Massachusetts  US,393 Heathcote Row,Chatham,Massachusetts,Barnstable County,2633.0,41.64375826590583,-69.96286972452529,1548661.68,172419.56999999998
73bfdcbe-0c27-4bbe-bef2-93ebb8824f13,1998-09-03,,999-78-7205,S99955031,X61901430X,Ms.,Charlott617,Ryan260,,,,white,nonhispanic,F,Marion  Massachusetts  US,249 Daniel Landing Suite 63,Methuen,Massachusetts,Essex County,,42.785276771723176,-71.21520556932894,579952.8,2736.48
7198eb9a-12db-499b-b8f2-61a9c9ff76e0,1947-08-10,,999-62-5108,S99970527,X53952083X,Ms.,Geraldine667,Stiedemann542,,,S,white,nonhispanic,F,Revere  Massachusetts  US,1007 Auer Lock Suite 48,Lowell,Massachusetts,Middlesex County,,42.60429025855795,-71.31980837003525,262481.29,126134.64000000012
b71ebe30-d0b7-4003-b199-b4c1fcde0686,1974-07-11,,999-79-7244,S99990332,X40794460X,Mrs.,Omega729,Zulauf375,,Nader710,M,white,nonhispanic,F,Boston  Massachusetts  US,160 Quitzon Ferry,Quincy,Massachusetts,Norfolk County,,42.22643700912195,-71.06158181178306,125532.92,6837.08
e29ffbf0-0932-469b-a83a-50c163875cec,1981-02-27,,999-90-5556,S99998460,X56241787X,Mr.,Devin82,Howe413,,,M,white,nonhispanic,M,Walpole  Massachusetts  US,629 O'Keefe Path Apt 16,Brockton,Massachusetts,Plymouth County,2302.0,42.12901985101821,-71.022262875233,898847.13,3012.2
9d1cb933-36da-4364-a629-402ab44646d4,1994-12-22,,999-96-7181,S99928653,X84939911X,Ms.,Regine404,Balistreri607,,,,white,nonhispanic,F,Shrewsbury  Massachusetts  US,443 Kovacek Loaf,Braintree,Massachusetts,Norfolk County,,42.17871358891531,-71.04758397331028,527871.53,3461.36
5044a2fe-56dc-4c42-811c-5d7ff4570df8,1919-08-11,1985-07-28,999-93-2436,S99952480,X89052226X,Mr.,Dennis979,Bruen238,,,M,white,nonhispanic,M,Boston  Massachusetts  US,509 Stiedemann Vale,Hingham,Massachusetts,Plymouth County,,42.17822057749419,-70.84183967434569,1338161.7,4513.56
7401da36-6dc7-4abc-8c7a-748362199456,1973-06-09,,999-57-5578,S99916028,X17790117X,Mr.,Chang901,Ritchie586,,,M,white,hispanic,M,Arlington  Massachusetts  US,959 Larson Parade Unit 0,Rehoboth,Massachusetts,Bristol County,,41.84652813389668,-71.26886851862986,1141366.57,5529.52
6e1a34ea-2d68-4295-b4ab-d63af2e56534,1975-03-31,,999-56-1796,S99974577,X81433399X,Mr.,Buck819,Borer986,,,M,native,nonhispanic,M,Wareham  Massachusetts  US,816 Breitenberg Wall Apt 74,North Attleborough,Massachusetts,Bristol County,,41.94356839354749,-71.35098334800806,140936.1,11313.75
8ec38358-ae15-4c16-b9dd-4060f9291e96,1929-05-05,2010-02-07,999-30-2933,S99961726,X46152203X,Mr.,Nathanial472,Schiller186,,,M,white,nonhispanic,M,Scituate  Massachusetts  US,852 Mertz Bypass,Bellingham,Massachusetts,Norfolk County,2019.0,42.08776556746344,-71.50595150666624,1621712.03,13718.85
d4a76e18-0096-439f-a45a-8400d4bcfefb,1982-08-03,,999-45-7036,S99981289,X29679981X,Mr.,Archie818,Wiegand701,,,S,white,nonhispanic,M,Lowell  Massachusetts  US,1091 Schmidt Green,Boston,Massachusetts,Suffolk County,2199.0,42.31259635996197,-71.03689751037008,962324.34,4920.44
ea9c6830-bd3e-4f2c-8d30-f9561f9ee0fc,2002-03-15,,999-38-1876,S99914045,,Mr.,Daniel959,Hudson301,,,,asian,nonhispanic,M,Beijing  Beijing Municipality  CN,859 Kuvalis Burg,Sudbury,Massachusetts,Middlesex County,,42.40844326803742,-71.44230231675377,374100.48,2822.28
67bdd238-cf3e-41ca-b55b-1206733d3b89,1919-08-11,,999-53-6789,S99968613,X15469039X,Mr.,Fausto876,Volkman526,,,M,white,nonhispanic,M,Carver  Massachusetts  US,537 Powlowski Loaf,Hingham,Massachusetts,Plymouth County,,42.19338902400455,-70.87176008225008,1528590.26,35321.19
ec5ae087-8f13-46b2-be25-6e690f0050d2,1999-02-24,,999-31-4197,S99976305,X66988948X,Mr.,Dorian295,Crona259,,,,black,nonhispanic,M,Bourne  Massachusetts  US,325 Herzog Glen,Holyoke,Massachusetts,Hampden County,1040.0,42.20793014600567,-72.68470528650306,466445.62,6932.599999999999
13a855b8-f6d2-4d27-94d0-2eaccd0f6c65,1951-06-23,1977-09-17,999-74-1137,S99945254,X62750832X,Mr.,Gayle448,Parker433,,,,black,nonhispanic,M,Winthrop  Massachusetts  US,712 McClure Vista Apt 90,Quincy,Massachusetts,Norfolk County,2186.0,42.258227032605234,-71.00492877484261,570370.44,2328.88
6a56ba69-a56a-48fc-ae7d-61d5a2be4c5e,1948-01-25,2002-02-17,999-25-9932,S99964776,X30796884X,Ms.,Arlene209,Gaylord332,,,S,white,nonhispanic,F,Dalton  Massachusetts  US,810 Fahey Plaza Apt 37,East Longmeadow,Massachusetts,Hampden County,,42.05182193749031,-72.53222629025983,173668.43,21890.92
be087acb-defc-4de5-88bc-fa695b6324ed,2001-04-03,2007-01-07,999-73-5033,,,,Matthew562,Ullrich385,,,,white,nonhispanic,M,Newton  Massachusetts  US,647 Mueller Parade,Brockton,Massachusetts,Plymouth County,2351.0,42.09608717467864,-70.98393629553502,2082.02,0.0
f781da7e-5de9-4452-9258-ce386c6fcfde,1989-06-08,,999-50-6628,S99967146,X11400521X,Mr.,Gordon377,Lind531,,,M,white,nonhispanic,M,Dartmouth  Massachusetts  US,501 Batz Trail Apt 14,Needham,Massachusetts,Norfolk County,2494.0,42.30721813058641,-71.28196472806611,859549.19,3662.24
6464c0a6-8242-4fe0-ab16-fd76c5f2dd0a,1996-04-26,,999-48-5022,S99956146,X18897413X,Ms.,Adelaide981,O'Conner199,,,,asian,nonhispanic,F,Winchester  Massachusetts  US,214 Doyle Frontage road,New Bedford,Massachusetts,Bristol County,2745.0,41.667769713181535,-70.97257208996514,534971.41,4668.759999999999
88bd5e37-df0e-4622-b530-b52665b0298b,1968-06-22,,999-98-5449,S99983937,X37026470X,Mr.,Oliver401,Hand679,,,M,white,nonhispanic,M,Chelsea  Massachusetts  US,629 Gibson Course,Northbridge,Massachusetts,Worcester County,,42.10919569104377,-71.62186268099045,1200320.51,6245.24
1d023a03-fcd0-42b8-8f95-d1fc53f978bc,1968-06-17,2020-03-07,999-79-4566,S99979897,X13489824X,Mrs.,Cecily421,Maggio310,,Orn563,M,white,hispanic,F,Westborough  Massachusetts  US,635 Runolfsson Union,Middleton,Massachusetts,Essex County,,42.576446658884265,-71.03252909037813,1213078.86,18572.96
497dc3cc-e915-45c0-8ed1-a46fff717dc9,1948-01-25,,999-35-1593,S99965465,X56074123X,Mrs.,Mercy752,O'Hara248,,Schaden604,M,white,nonhispanic,F,Boston  Massachusetts  US,419 Purdy Burg,East Longmeadow,Massachusetts,Hampden County,,42.03893113557614,-72.4684254932818,254009.46,33563.28
94d33ed1-4219-4ddb-a164-8cfc6b2a4ba3,1980-11-15,,999-12-7499,S99911035,X52216416X,Mr.,Gaylord332,Hayes766,,,M,asian,hispanic,M,Lawrence  Massachusetts  US,709 Braun Key,Somerville,Massachusetts,Middlesex County,,42.40597063105181,-71.08432594749806,908299.6,4394.56
6f73041a-a278-4653-b97e-da6788806eb4,1934-05-07,,999-63-4505,S99933618,X50023347X,Mr.,Edmundo94,Wolff180,,,S,white,nonhispanic,M,Brookline  Massachusetts  US,125 Stark Grove,Bellingham,Massachusetts,Norfolk County,,42.05454873515278,-71.47299042733192,1477485.61,9537.87
73538bf9-abfd-4b6b-9077-10af7f8ff053,1998-01-05,,999-48-8140,S99982966,X75706777X,Ms.,Darnell564,Kulas532,,,,white,nonhispanic,F,Peabody  Massachusetts  US,575 Jaskolski Ville Unit 94,Newton,Massachusetts,Middlesex County,2458.0,42.32581518650437,-71.26656406517463,517490.83,3593.88
b292b7dd-3b0f-4890-a6f5-4a719832d888,2001-09-30,,999-56-9959,S99996097,,Ms.,Debby656,Lynch190,,,,asian,nonhispanic,F,Hanoi  Hà Đông  VN,870 Hettinger Fork,Quincy,Massachusetts,Norfolk County,2186.0,42.28017122991655,-70.9917941599746,454267.78,7325.999999999999
ab42307f-a56e-4409-8899-df18afdd8796,1993-10-20,,999-42-7222,S99976891,X52595836X,Mr.,Don899,Fisher429,,,,white,nonhispanic,M,Malden  Massachusetts  US,454 Connelly Esplanade,Weymouth,Massachusetts,Norfolk County,2191.0,42.21005130064387,-70.99481357201293,650715.98,8480.88
4bfc7cd6-62dd-431b-83d8-4b89a84e3912,1968-09-03,,999-64-5674,S99956100,X50640253X,Mr.,Toney527,Kohler843,,,M,white,nonhispanic,M,Falmouth  Massachusetts  US,681 Carter Trailer Apt 96,Andover,Massachusetts,Essex County,1810.0,42.59913063631589,-71.1875749362361,1372796.54,3425.56
ad62e69d-84d4-46ee-8144-3b1b36206423,1987-01-25,,999-86-1661,S99939587,X82983168X,Mr.,Horace32,Hickle134,,,M,asian,nonhispanic,M,Groton  Massachusetts  US,285 Stanton Port,Somerville,Massachusetts,Middlesex County,2155.0,42.44235413306406,-71.12979653277792,106713.54,8516.68
52390ace-f4ee-427c-b0af-fc7c65622837,2006-02-15,,999-32-9334,,,,Mohammed454,Wuckert783,,,,white,nonhispanic,M,Foxborough  Massachusetts  US,446 Spinka Ville Apt 45,Mattapoisett,Massachusetts,Plymouth County,,41.69165946169253,-70.85166828223082,293488.27,3363.96
9f602d8a-6f97-41de-a053-2f6000cc6b37,1935-06-22,2020-03-16,999-41-5988,S99945262,X50131739X,Mrs.,Janine159,Bernhard322,,Windler79,M,asian,nonhispanic,F,Shanghai  Shanghai Municipality  CN,351 Gorczany Bypass Unit 71,Somerville,Massachusetts,Middlesex County,2145.0,42.353331275811584,-71.1232831299283,1538706.38,12372.159999999998
8beb22e0-9994-4c7a-a7d3-25bfa39bd06c,1966-07-13,,999-98-7897,S99918816,X48020319X,Ms.,Tambra47,Waters156,,,S,asian,nonhispanic,F,Hanoi  Hà Đông  VN,405 Upton Trailer Apt 35,Ashland,Massachusetts,Middlesex County,,42.26406705624449,-71.46401740778391,1265477.73,7603.659999999999
60be16cb-ceef-44b2-a60e-211392c2292a,1982-11-01,,999-16-2246,S99958178,X37174647X,Mr.,Adalberto916,Murazik203,,,M,white,nonhispanic,M,Dartmouth  Massachusetts  US,166 Witting Annex Suite 41,Chelsea,Massachusetts,Suffolk County,2150.0,42.46320646879767,-70.99027117359307,822237.6900000001,6993.3
96f03ce2-7ac0-43d1-8863-653325f3bb36,1944-09-07,,999-63-8417,S99972834,X35682586X,Mr.,Cristobal567,Zepeda235,,,M,white,hispanic,M,Santiago de los Caballeros  Santiago  DO,536 Schuster Ranch,Holyoke,Massachusetts,Hampden County,1040.0,42.18910528492624,-72.63551245595313,323454.48,172102.71
e3d571d2-3ab9-4335-8d8b-5d2b5e3462c3,1999-04-14,,999-33-5760,S99966274,X53887270X,Ms.,Whitney250,Marvin195,,,,white,nonhispanic,F,Boston  Massachusetts  US,762 Walsh Drive,Hudson,Massachusetts,Middlesex County,,42.3568178721153,-71.50286436074114,465655.19,3869.68
f9c16692-8f02-45d0-b49b-28f48d23c1c6,1968-08-08,,999-91-4639,S99977738,X75813313X,Mrs.,Karl184,Boyer713,,Hilll811,M,white,nonhispanic,F,Natick  Massachusetts  US,1046 Lowe Knoll Unit 24,Rowley,Massachusetts,Essex County,,42.76803646389634,-70.86599986727052,1042194.45,10082.79
fdb082a0-d8e8-4b8e-b683-0baf3aa6b7c8,1913-01-31,1996-09-09,999-64-2862,S99987527,X8516299X,Mr.,Pete38,Torp761,,,M,white,nonhispanic,M,Medford  Massachusetts  US,864 Monahan View,Dartmouth,Massachusetts,Bristol County,,41.56389030342812,-70.933877808792,1793649.15,275498.7400000001
f629111a-020f-4859-86d0-2eeb4cd356ae,1953-12-05,,999-87-9606,S99916176,X44235058X,Mr.,Spencer878,Gerlach374,,,M,black,nonhispanic,M,Nice  Provence-Alpes-Cote d'Azur  FR,782 Schulist Street,Cambridge,Massachusetts,Middlesex County,2140.0,42.33233558960213,-71.09854321499502,1590110.37,7416.9
1a0a1236-7214-46bd-91c4-8cb8a3042b0c,1935-06-22,,999-90-5101,S99950016,X71029604X,Mrs.,Vernell410,Ward668,,Kutch271,M,asian,nonhispanic,F,Hong Kong  Hong Kong Special Administrative Region  CN,1038 Maggio Extension,Somerville,Massachusetts,Middlesex County,2144.0,42.38138593189667,-71.07610313986375,1528250.11,20378.62
a9bdd972-3d15-4ae5-a8e2-b2055de9d1ea,2000-11-29,,999-37-9335,S99946023,,Mr.,Marco Antonio298,Barela183,,,,black,hispanic,M,La Paz  Baja California  MX,625 Kirlin Path Unit 64,Revere,Massachusetts,Suffolk County,,42.46239143119456,-71.03892470108924,470021.53,3733.04
be1f11f8-4d9b-4a86-bb9c-025016aca504,2003-09-06,,999-14-3618,S99955868,,,Arla414,Bechtelar572,,,,white,nonhispanic,F,New Bedford  Massachusetts  US,120 Weber Ville Apt 81,Boston,Massachusetts,Suffolk County,2467.0,42.30435519884587,-71.15246212461692,403377.26,3221.44
c46cea16-588e-4c33-bc51-76209466dae3,2015-10-03,,999-18-7136,,,,Anh979,Schimmel440,,,,white,nonhispanic,F,Newburyport  Massachusetts  US,590 Russel Ranch Apt 62,Westfield,Massachusetts,Hampden County,1086.0,42.08836453211161,-72.83567300494491,107290.64,2093.2
e27ffaad-5c16-4f91-a937-5706d371850a,2010-01-08,,999-37-9532,,,,Alethia102,Skiles927,,,,white,nonhispanic,F,Malden  Massachusetts  US,712 Jerde Fort Apt 49,Hardwick,Massachusetts,Worcester County,,42.34101747939852,-72.2519696787538,23590.29,645.8
529eddbb-8aa0-4f8d-8ec2-5872b9962490,2001-12-10,,999-87-8078,S99937526,,Mr.,Jamel269,Carter549,,,,white,nonhispanic,M,Mansfield  Massachusetts  US,787 O'Reilly Passage Unit 98,Athol,Massachusetts,Worcester County,1331.0,42.575216411017074,-72.16331713552296,403230.47,3322.58
d20bb286-de98-4d22-bb7b-ffe8936eb3d4,1967-02-27,,999-55-8993,S99981035,X18420666X,Mrs.,Rocio28,Price929,,Macejkovic424,M,white,nonhispanic,F,Quincy  Massachusetts  US,497 Hegmann Throughway Unit 80,Newton,Massachusetts,Middlesex County,2464.0,42.31344195186606,-71.26404761442579,78964.19,6865.759999999999
5de3f711-7ad7-40fa-88d9-cdef4b781431,1913-01-31,1987-08-11,999-76-2186,S99994042,X73878990X,Mr.,Rayford811,Gleichner915,,,M,white,nonhispanic,M,Granby  Massachusetts  US,1033 Medhurst Drive Apt 14,Dartmouth,Massachusetts,Bristol County,,41.587288451264655,-71.00291038001,1539124.88,265914.4800000001
3ff6ada9-9f73-4bd2-b418-525f275ffc65,1913-01-31,1987-08-16,999-42-1159,S99989454,X25418569X,Mr.,Maria750,Jast432,,,M,white,nonhispanic,M,New Bedford  Massachusetts  US,492 Robel View,Dartmouth,Massachusetts,Bristol County,,41.516988544120125,-70.99319095847252,1445611.6,18994.4
547e1b3f-8500-4372-9b4f-3c32cd690c97,1945-11-16,2009-12-14,999-64-5915,S99980176,X82650920X,Mr.,Jaime666,Howe413,,,M,white,nonhispanic,M,Hull  Massachusetts  US,781 Rippin Mission Apt 97,Bourne,Massachusetts,Barnstable County,2532.0,41.73724268878488,-70.56911214813995,1699478.5100000002,11165.52
dc1acb30-1a3c-4c93-b9d0-7f890ab46a65,1949-11-12,,999-80-7543,S99935207,X84372158X,Mr.,Maxwell782,Rutherford999,,,M,black,nonhispanic,M,Winchester  Massachusetts  US,715 Pacocha Pathway,Boston,Massachusetts,Suffolk County,2111.0,42.250896279912126,-71.13502097722836,1588344.57,10754.54
9860f155-e8ef-40a3-a658-2a96eb546d8d,1933-10-27,,999-69-7865,S99942775,X29620277X,Mrs.,Thi53,Dach178,,Kunde533,M,white,nonhispanic,F,Amherst  Massachusetts  US,949 Romaguera Course,Harwich,Massachusetts,Barnstable County,,41.73353439221935,-70.02386972674815,1468038.74,13697.079999999998
470a8ebe-1368-4358-af5d-e647f4c4adf3,1987-05-27,,999-91-6868,S99996134,X5538434X,Mrs.,Danae973,Weissnat378,,Brown30,M,white,nonhispanic,F,Haverhill  Massachusetts  US,1045 Prosacco Knoll,Ipswich,Massachusetts,Essex County,1938.0,42.72610874924154,-70.82048061472062,790202.19,5666.159999999999
570f6572-8178-4383-843c-2a2210437d42,1970-12-30,,999-88-2234,S99919742,X78330133X,Mrs.,Marcell728,Cummerata161,,Lemke654,M,white,nonhispanic,F,Boston  Massachusetts  US,172 Kassulke Divide,Arlington,Massachusetts,Middlesex County,,42.37090028365324,-71.18297307286562,1042555.36,16670.96
a4ec91ce-0b40-449a-86ae-74dc76a10694,1996-12-03,,999-83-4939,S99970748,X25375816X,Mr.,Leigh689,Gibson10,,,,white,nonhispanic,M,Lenox  Massachusetts  US,1058 Heathcote Annex,Springfield,Massachusetts,Hampden County,1199.0,42.06910839490568,-72.53485105615296,76244.37,7714.320000000001
04f7ef02-ba6e-4b7a-ae71-6ef80d31dfc2,1962-04-13,,999-69-8554,S99998253,X68518961X,Mr.,Trenton748,Mayert710,,,M,white,nonhispanic,M,Beverly  Massachusetts  US,421 Cruickshank Stravenue,Tewksbury,Massachusetts,Middlesex County,,42.6282751307195,-71.23852066939688,177869.92,6578.2
a4486628-525b-4503-84bc-71fde25e562c,1913-01-31,2010-02-02,999-60-5567,S99974993,X73996065X,Mr.,Bruce167,Koepp521,,,M,white,nonhispanic,M,Abington  Massachusetts  US,193 Pfannerstill Fork,Dartmouth,Massachusetts,Bristol County,,41.54040403287684,-70.98269682754982,1434288.91,17160.48
905929ea-75e8-4367-ae88-800dd7154c1c,1982-07-18,,999-93-6349,S99926318,X37172191X,Mrs.,Tracey100,Lang846,,Batz141,M,white,nonhispanic,F,Newburyport  Massachusetts  US,432 Nienow View Unit 4,Leominster,Massachusetts,Worcester County,,42.51210964821701,-71.73581212062949,836802.5800000001,7700.129999999999
1b982bad-94c9-4cdf-a0c4-9a35bba866e2,1937-04-07,2020-03-11,999-12-1235,S99961326,X44000905X,Mrs.,Zulma701,Veum823,,Nader710,M,white,nonhispanic,F,Rutland  Massachusetts  US,733 Quitzon Mission,North Attleborough,Massachusetts,Bristol County,,41.973296524685,-71.37414979321647,747496.97,31874.73
dc704c6c-0281-4652-a89f-d7e5fced925b,2005-02-11,,999-55-9366,,,,Luigi346,Collier206,,,,white,nonhispanic,M,Cambridge  Massachusetts  US,997 Rosenbaum Passage,Boston,Massachusetts,Suffolk County,2203.0,42.39195223372606,-71.10410233626207,314174.31,2994.8
259ee101-c41c-4d26-89f5-bd8852f313cc,1923-04-01,,999-49-9808,S99987081,X67056099X,Mrs.,Marylee823,Pouros728,,Franecki195,M,white,nonhispanic,F,Whitman  Massachusetts  US,320 Mills View,Stoughton,Massachusetts,Norfolk County,,42.07551859364032,-71.08359400915927,1514405.29,30360.78
399f1835-d0b3-46e6-91b1-6d383d8076d9,1994-05-18,,999-56-4472,S99953594,X61714435X,Ms.,Adelaide981,Rau926,,,,white,nonhispanic,F,Worcester  Massachusetts  US,982 Lockman Heights,Tisbury,Massachusetts,Dukes County,,41.50750416948259,-70.63579242956699,5928.81,0.0
51dd6398-cc1a-48da-afd7-8ef8579b0b89,1998-03-27,,999-35-4465,S99918149,X38127696X,Mr.,Kendall673,Kub800,,,,white,nonhispanic,M,Westfield  Massachusetts  US,326 Yundt Dale Suite 14,Chicopee,Massachusetts,Hampden County,1022.0,42.20058608155487,-72.51474746996612,507612.15,3028.92
229bf4d8-174e-40b3-8874-c62dd88d39fe,1999-10-12,,999-44-1365,S99931138,X29243641X,Mr.,Tom274,Kreiger457,,,,asian,nonhispanic,M,Foxborough  Massachusetts  US,218 Kozey Vista,Hudson,Massachusetts,Middlesex County,1749.0,42.38161972768677,-71.49823303372457,550630.2,2920.64
4f6c5396-c75c-4b1e-828b-944cb544a577,1913-01-31,1982-04-12,999-95-5668,S99965745,X67329606X,Mr.,Leland44,Bergstrom287,,,M,white,nonhispanic,M,Boston  Massachusetts  US,244 Ratke Road Unit 25,Dartmouth,Massachusetts,Bristol County,,41.6005093873884,-70.92554531083003,1668229.42,413756.3900000017
c829c16e-628f-49c9-a338-c8f61a2c229c,1987-12-30,,999-64-2880,S99992735,X40652643X,Mr.,Arlen68,Auer97,,,M,white,nonhispanic,M,Boston  Massachusetts  US,489 Shanahan Bridge Unit 76,Wakefield,Massachusetts,Middlesex County,1880.0,42.54420187789061,-71.07103619722317,665879.91,2987.16
a34a68f4-eaa8-4a89-900d-8e679c9e661e,1929-01-22,1959-09-08,999-71-2455,S99994286,X82960933X,Mrs.,Katerine813,Veum823,,Morar593,M,white,nonhispanic,F,Leicester  Massachusetts  US,415 Douglas Street Suite 87,Shrewsbury,Massachusetts,Worcester County,,42.30997159436585,-71.70405519984492,632789.47,2900.44
624064cb-c86a-4ca0-9a86-33cb10334faa,1945-05-01,,999-78-2855,S99983363,X15119761X,Ms.,Celia938,Beahan375,,,S,black,nonhispanic,F,New Bedford  Massachusetts  US,658 Stroman Camp,Peabody,Massachusetts,Essex County,1960.0,42.49250701716919,-71.02985605580072,1543594.68,26858.68
d254db2e-f9fa-49ab-854f-6135fc758875,1967-10-08,,999-32-2278,S99931026,X12687643X,Mr.,Walter473,Lebsack687,,,M,black,nonhispanic,M,Needham  Massachusetts  US,1097 Greenholt Road Suite 75,Somerville,Massachusetts,Middlesex County,2155.0,42.358125586999385,-71.13371005638783,1272814.37,8732.48
48ebf2e0-021a-476e-b588-78cc01ea80e8,2012-12-07,,999-72-5914,,,,Willette878,Strosin214,,,,white,nonhispanic,F,Boston  Massachusetts  US,485 Huels Approach Suite 69,Seekonk,Massachusetts,Bristol County,,41.873717465505806,-71.31327332696324,199594.18,2066.56
a5d4d93a-d5eb-49ef-8784-032673478596,1951-06-08,,999-61-8138,S99939776,X55591292X,Mr.,Brenton674,Glover433,,,M,black,nonhispanic,M,Dracut  Massachusetts  US,332 O'Conner Arcade Apt 7,Haverhill,Massachusetts,Essex County,,42.76505966787828,-71.0655307528276,1359827.37,6955.63
b1eb3463-eba1-49ec-889d-4f6e251efd5e,1984-01-02,,999-24-7377,S99912583,X21384587X,Mrs.,Racquel201,Zboncak558,,Carroll471,M,white,nonhispanic,F,Lexington  Massachusetts  US,690 Bode Esplanade,Hampden,Massachusetts,Hampden County,,42.024916600306696,-72.4117381083435,677204.37,7140.189999999999
d9fa51b3-d318-44d9-bd6b-aea01b5b69d8,1913-01-31,1975-06-28,999-86-1485,S99992317,X51352110X,Mr.,Major265,Kirlin939,,,S,white,nonhispanic,M,Pepperell  Massachusetts  US,807 Leffler Vale,Dartmouth,Massachusetts,Bristol County,,41.61535905684507,-70.94968741746702,1429218.78,4910.28
5926ba54-8d43-4f9d-8313-836fabc964e2,1969-02-05,,999-76-3287,S99964668,X83145386X,Mrs.,Melida518,Heaney114,,Marquardt819,M,white,nonhispanic,F,Cambridge  Massachusetts  US,363 Kemmer Boulevard Suite 5,Mansfield,Massachusetts,Bristol County,,42.01522533168923,-71.22350694845848,1194282.05,13154.82
d851551c-5a94-4191-9ce9-3b1597e5a103,1963-02-26,,999-31-1826,S99916237,X23273427X,Mr.,Carmine137,Bernier607,,,S,white,hispanic,M,Athol  Massachusetts  US,145 Bednar Way Suite 17,Salem,Massachusetts,Essex County,,42.55883454129183,-70.87889034326135,1451782.82,5985.32
94636340-7f14-4390-b2a8-e5fee50e6242,1986-12-20,,999-73-5210,S99970146,X59036472X,Ms.,Laverna97,Grant908,,,S,white,nonhispanic,F,Belmont  Massachusetts  US,526 Emard Fork,Amherst,Massachusetts,Hampshire County,,42.3816107939202,-72.50989395578227,643033.38,6649.279999999999
3bdabdff-ffab-4d41-89e8-1e1054748f90,1984-09-30,,999-84-5079,S99969304,X23524238X,Mr.,Germán350,Jaramillo133,,,M,white,hispanic,M,San Jose  San Jose  CR,380 White Walk,Worcester,Massachusetts,Worcester County,1608.0,42.25647431543038,-71.81280261090642,864751.4600000001,4567.12
70f58827-4180-4311-8110-3125e97871c5,1947-12-17,,999-62-8283,S99929065,X76131099X,Mr.,Elwood28,Tromp100,,,M,white,nonhispanic,M,Boston  Massachusetts  US,849 Kozey Vista Suite 42,Auburn,Massachusetts,Worcester County,,42.20646703347871,-71.83959469951509,1608573.31,17673.21
1861fa5e-5168-4131-93c2-b19c54adc61f,1980-06-10,,999-17-7170,S99963035,X23093555X,Mrs.,Haydee844,Feil794,,Terry864,M,white,nonhispanic,F,Natick  Massachusetts  US,823 Gibson Annex Unit 50,Wareham,Massachusetts,Plymouth County,,41.72466336983869,-70.68777088355823,867476.18,7186.799999999998
7c5b96a5-f603-4084-8e6b-a063fb94de47,1947-04-29,,999-96-3471,S99997168,X44870801X,Mr.,Patricio639,Lozano749,,,M,black,nonhispanic,M,Santo Domingo  National District  DO,146 Schaden Skyway Suite 90,Beverly,Massachusetts,Essex County,1915.0,42.5418661861027,-70.9132713283768,1364371.87,9350.4
86b7dc2c-7c3a-406b-8ead-4fa4778010c8,1954-03-17,,999-76-4766,S99928834,X82850566X,Mr.,Luis923,Rolfson709,,,M,white,nonhispanic,M,Rehoboth  Massachusetts  US,1088 Beatty Ramp,Somerville,Massachusetts,Middlesex County,2144.0,42.361831647217095,-71.08301279835469,1352579.77,5941.04
1180349d-1cea-44b7-8390-af728a9bbee9,1970-03-17,,999-33-9694,S99947311,X72759815X,Mr.,Elwood28,Greenfelder433,,,S,white,nonhispanic,M,Randolph  Massachusetts  US,840 Little Street,Salem,Massachusetts,Essex County,1970.0,42.50945413366549,-70.94626053044487,1247110.9200000002,7518.48
fb6878e8-414b-4890-92c1-2faba02add71,1937-09-06,2000-11-20,999-62-8351,S99916281,X11040180X,Mr.,Williams176,Fadel536,,,M,white,nonhispanic,M,Boston  Massachusetts  US,951 Kautzer Spur Apt 34,Cambridge,Massachusetts,Middlesex County,2472.0,42.38820636613325,-71.09275093425484,1374051.33,5749.95
5457f934-93ee-4edd-bd63-d4110803516d,2019-04-15,,999-13-6357,,,,Geraldo282,Pollich983,,,,white,nonhispanic,M,Springfield  Massachusetts  US,996 Price Overpass,Worcester,Massachusetts,Worcester County,1603.0,42.28502633247484,-71.79411995065227,3876.51,913.28
5fa1a7c8-8612-446e-9fc3-41d0800fb4ea,1962-11-01,,999-37-3438,S99912539,X62319263X,Mr.,William805,Bailey598,,,S,white,nonhispanic,M,Wareham  Massachusetts  US,765 Murray Parade,Fall River,Massachusetts,Bristol County,2721.0,41.66393946996499,-71.11482018854178,1390545.95,6232.759999999999
b7e0245a-3641-442d-a2a6-6a6f51b04a9c,1989-09-29,,999-32-9364,S99960357,X2036870X,Mr.,Rick943,Blanda868,,,M,white,nonhispanic,M,Fall River  Massachusetts  US,280 Wolff Avenue Suite 21,Agawam,Massachusetts,Hampden County,,42.07964056692063,-72.64215940971096,794120.76,5197.08
6bcfa517-0866-4f6f-bef8-a6ddd42bd24e,1995-02-16,,999-74-7634,S99992648,X53217975X,Mr.,Darrin898,Abbott774,,,,asian,nonhispanic,M,Busan  Busan  KR,616 Wilkinson Haven Apt 80,Newton,Massachusetts,Middlesex County,2464.0,42.34018999942953,-71.18838862134128,552173.45,6586.599999999999
907f7fe3-c5d0-4544-b4cc-625b6c2b2ca8,1971-02-09,,999-35-5932,S99990201,X81341773X,Mr.,Cameron381,Lubowitz58,,,M,white,nonhispanic,M,Whitman  Massachusetts  US,965 Kozey Crossing Suite 40,Lunenburg,Massachusetts,Worcester County,,42.58031799172163,-71.75502303394471,1306867.02,3222.24
d5aaf745-430d-4c9c-85c0-d18798efc656,1952-08-23,,999-13-9867,S99980594,X48657630X,Mrs.,Laurena366,Huels583,,Yundt842,M,white,nonhispanic,F,Foxborough  Massachusetts  US,1022 Ledner Landing,Swampscott,Massachusetts,Essex County,,42.46319164508224,-70.87901478189399,1558569.62,14371.589999999998
b7e1c087-e068-4ae8-ba7a-378aef1bc432,2016-02-27,,999-67-6558,,,,Oren284,Heller342,,,,white,nonhispanic,M,Springfield  Massachusetts  US,342 Wisozk Wall,North Attleborough,Massachusetts,Bristol County,,41.93146025881746,-71.34712579966184,112734.23,1679.08
fb3b9736-ebc7-4366-aae2-b459aacb1172,1946-10-01,,999-30-3165,S99915537,X24713201X,Mrs.,Mackenzie361,Ebert178,,Ernser583,M,asian,nonhispanic,F,Busan  Busan  KR,262 Kuphal Estate Suite 37,Ashland,Massachusetts,Middlesex County,,42.25339103769228,-71.48702179804604,1496288.9,14419.079999999998
775d272a-b69f-4dfe-81c4-5fb83752c7cb,1967-01-19,,999-55-1484,S99969264,X88078402X,Mr.,Chang901,Jerde200,,,S,black,nonhispanic,M,Lynn  Massachusetts  US,349 Donnelly Ranch Suite 31,Brockton,Massachusetts,Plymouth County,,42.07868540974634,-70.94629479375894,164520.31,5947.06
5e59fb98-0350-4d86-85f0-c2e409e720b7,1964-10-05,,999-52-1608,S99917334,X41423952X,Ms.,Marshall526,Hirthe744,,,S,white,nonhispanic,F,Webster  Massachusetts  US,709 Robel Boulevard Apt 68,Northborough,Massachusetts,Worcester County,,42.34500761282938,-71.64595882024082,176926.91,13823.179999999998
c5d534d3-3199-42aa-8d99-d39d1503e8a6,1941-04-10,,999-82-3809,S99989386,X79723682X,Ms.,Annmarie79,Osinski784,,,S,white,nonhispanic,F,Danvers  Massachusetts  US,815 Gutmann Lane,Weymouth,Massachusetts,Norfolk County,2191.0,42.13855875566998,-70.91804302476007,1430392.63,15175.009999999998
ed26a06c-5b1b-4ea7-8d76-f6bc249b3b91,1961-06-26,2014-07-02,999-17-5248,S99960154,X73415660X,Mrs.,Ashlyn643,Lubowitz58,,Abbott774,M,white,nonhispanic,F,New Bedford  Massachusetts  US,261 Weber Glen,Dalton,Massachusetts,Berkshire County,,42.43433350650716,-73.11088615349135,1171163.8,8684.159999999998
44c3e22d-a39d-4ca1-9b25-74d54236d5db,2001-06-14,,999-86-3115,S99965352,,Mr.,Alfonso758,Larson43,,,,white,nonhispanic,M,Needham  Massachusetts  US,469 Ortiz Bypass Unit 97,Bolton,Massachusetts,Worcester County,,42.48607669395754,-71.61012955794085,32188.47,484.1199999999999
0fc46273-5056-4371-b6a7-9a6fb7ca344b,1983-05-19,,999-78-9187,S99967062,X64040017X,Mr.,Rupert654,Gottlieb798,,,M,white,nonhispanic,M,Norwood  Massachusetts  US,940 Simonis Camp,Westborough,Massachusetts,Worcester County,1581.0,42.22460007371207,-71.64240931850047,898807.05,4952.08
865d7114-62db-4c7f-9e3b-e356cfaf5571,2007-07-22,,999-64-5939,,,,Hong136,McGlynn426,,,,white,nonhispanic,M,Wareham  Massachusetts  US,1069 Goldner Ferry,Canton,Massachusetts,Norfolk County,,42.16866886046117,-71.17205303297523,32395.79,645.8
dc03b070-cf12-4677-9e82-9efb5e0ae165,1960-12-25,,999-52-3169,S99995235,X80917561X,Mr.,Tim88,Bechtelar572,,,M,white,nonhispanic,M,Boston  Massachusetts  US,129 Medhurst Mission Suite 16,Worcester,Massachusetts,Worcester County,1607.0,42.21221586712496,-71.79488050123457,1573651.14,4293.84
ed341a15-df44-45b2-a2ab-126e7a46cd69,1956-12-13,,999-56-3933,S99925762,X40338593X,Mrs.,Naomi520,Bednar518,,Senger904,M,white,hispanic,F,Natick  Massachusetts  US,1065 Herzog Overpass Suite 99,Springfield,Massachusetts,Hampden County,1199.0,42.10915906731096,-72.63506505465728,1316867.41,14381.629999999996
6cd493e6-259c-4d93-b27c-dc75c08acb59,1961-06-26,,999-79-1182,S99924257,X60502982X,Mrs.,Kyra237,Kuhlman484,,Bogisich202,M,white,nonhispanic,F,Lancaster  Massachusetts  US,1015 Ruecker Path,Dalton,Massachusetts,Berkshire County,,42.4628666557039,-73.18970643461292,1261063.57,10499.669999999998
03b6d38a-e09c-4bbd-a72b-2980f6c30b5f,1944-08-25,,999-66-7247,S99959795,X50473255X,Mr.,Horacio317,Miranda712,,,M,white,hispanic,M,Puebla  Puebla  MX,855 Wolf Ramp,Andover,Massachusetts,Essex County,,42.66060813766428,-71.1876771476269,1367643.37,9955.78
240f0c93-6a31-44f9-8954-2904f54bb516,2010-05-25,,999-15-3040,,,,Clotilde434,Pagac496,,,,white,nonhispanic,F,Worcester  Massachusetts  US,836 Wolff Mission Suite 63,Haverhill,Massachusetts,Essex County,1832.0,42.74941808364377,-71.1362293996024,272290.72,2324.88
96dc157a-c741-4376-97d7-45e18fa6cbc6,1984-01-01,,999-14-4902,S99972193,X14777094X,Mr.,Hyman89,Emmerich580,,,M,white,nonhispanic,M,Springfield  Massachusetts  US,109 Bauch Trafficway Unit 77,Newton,Massachusetts,Middlesex County,2459.0,42.35667122898632,-71.25007505914847,922470.67,3204.72
3e6d45db-8465-4edb-8c06-91772a4fe8df,1996-04-23,,999-28-5915,S99923809,X956408X,Ms.,Bernarda685,Hodkiewicz467,,,,white,nonhispanic,F,Wellesley  Massachusetts  US,529 Connelly Grove,Fall River,Massachusetts,Bristol County,,41.729241037018696,-71.0446864668038,540385.74,7767.559999999999
efe13e5b-0cbc-4053-bfa0-587e1875f9bc,2012-12-24,,999-18-8298,,,,Brittni468,Bode78,,,,white,nonhispanic,F,Randolph  Massachusetts  US,366 McClure Avenue Apt 30,Belchertown,Massachusetts,Hampshire County,1007.0,42.31212227689889,-72.37583284903181,162426.67,2337.36
9c7dc0a5-3ad9-4456-9b75-c38a186e13a7,1972-05-11,,999-51-3871,S99966295,X9149829X,Mr.,Tyson541,Corwin846,,,M,white,nonhispanic,M,Boston  Massachusetts  US,1020 Beier Bridge Apt 74,Northbridge,Massachusetts,Worcester County,,42.12721285624976,-71.67467812869415,984727.19,3036.32
eaef8453-1736-47ff-8f58-95c64b97d68b,2014-08-05,,999-37-2198,,,,Lia388,Block661,,,,asian,nonhispanic,F,Shanghai  Shanghai Municipality  CN,370 Walter Dam Unit 12,Wakefield,Massachusetts,Middlesex County,1940.0,42.486147102842246,-71.06525045514118,2623.45,0.0
c3bd9bb1-9916-46e4-805d-6fcbe0c82a65,2000-11-06,,999-28-7944,S99973860,,Ms.,Shelba765,Ledner144,,,,black,nonhispanic,F,Upton  Massachusetts  US,1000 Powlowski Drive Apt 87,Boston,Massachusetts,Suffolk County,2125.0,42.29979792899845,-71.1202930267334,452216.67,4292.959999999999
0f03dc3b-ab42-4e09-b5e9-f9e1157b3301,1984-01-16,,999-37-7031,S99950123,X43605760X,Mrs.,Angella518,Satterfield305,,Kuhlman484,M,white,nonhispanic,F,Burlington  Massachusetts  US,406 Goldner Parade Apt 18,Manchester-by-the-Sea,Massachusetts,Essex County,,42.5800946652426,-70.71065375874062,795366.14,8966.25
b69dd131-c823-4d68-9ac5-80b1595cc367,1929-12-22,2020-03-24,999-31-2294,S99999125,X79946052X,Mr.,Hilario934,Dare640,,,M,black,nonhispanic,M,Grafton  Massachusetts  US,1047 Rosenbaum Row Unit 84,Newton,Massachusetts,Middlesex County,2468.0,42.32626735450537,-71.27808334829055,1495065.66,24494.82
88370fb8-f7dd-4d03-b383-4665cece4d1f,2003-01-02,,999-65-9808,S99964957,,,Lynna524,Kunze215,,,,asian,nonhispanic,F,Lawrence  Massachusetts  US,851 Shields Gate Suite 18,Winchester,Massachusetts,Middlesex County,,42.46328823592134,-71.17351733960108,399441.16,3534.72
0071513f-d0e9-407c-b91a-7aecbc5dc442,1960-12-18,,999-62-9719,S99984490,X39908412X,Mr.,Junior695,Stiedemann542,,,M,asian,nonhispanic,M,Hong Kong  Hong Kong Special Administrative Region  CN,109 Borer Rue,Boston,Massachusetts,Suffolk County,2128.0,42.38744009351648,-71.15978030347982,1503929.97,5976.16
cbd716f9-6847-4220-8daa-9f09f92e6da4,2010-04-11,,999-50-8702,,,,Tracey100,Dickens475,,,,white,hispanic,F,Boston  Massachusetts  US,1076 Cormier Hollow,Cambridge,Massachusetts,Middlesex County,2142.0,42.39221636989987,-71.16278580683607,272363.37,2454.04
42cd3695-6085-42b9-a85a-e01a501bb9dc,1929-12-22,2007-12-25,999-80-2030,S99912849,X86681406X,Mr.,Josh874,Jacobs452,,,M,black,nonhispanic,M,South Hadley  Massachusetts  US,341 Casper Pathway,Newton,Massachusetts,Middlesex County,,42.3335178418491,-71.25219296271315,1461342.06,411300.6000000001
e6ed7c3d-e35b-477b-ba32-f791e1c0ce29,1958-05-31,,999-85-6808,S99928949,X75111532X,Mr.,Vicente970,Johnson679,,,M,asian,nonhispanic,M,Watertown  Massachusetts  US,1015 Medhurst View,Newton,Massachusetts,Middlesex County,,42.35809949419919,-71.24673072357182,1277527.73,5937.679999999999
bfdc44a8-9531-40af-9cfc-c32f1d32d522,1940-04-15,2003-11-01,999-99-2187,S99939780,X50048816X,Mr.,Andres25,Prosacco716,,,S,asian,nonhispanic,M,Framingham  Massachusetts  US,112 Hoeger Center,Quincy,Massachusetts,Norfolk County,2171.0,42.288607004123854,-70.9791609953566,1459703.49,5146.92
1fe9d978-fe4b-4183-96ee-d3ed9babd126,1917-07-04,1997-01-18,999-72-7600,S99941343,X27311049X,Mr.,Freddie621,Ullrich385,,,M,asian,nonhispanic,M,Beijing  Beijing Municipality  CN,366 Beatty Green Apt 37,East Brookfield,Massachusetts,Worcester County,,42.24434580570557,-72.0694293509486,1612805.84,8652.52
e7c5a06b-a380-4fef-8c24-9d2969daaaf9,1958-04-13,,999-55-1509,S99910622,X12476183X,Mr.,Demetrius568,Ferry570,,,S,white,nonhispanic,M,Winthrop  Massachusetts  US,104 Hessel Mall Suite 70,Whitman,Massachusetts,Plymouth County,,42.042700203803065,-70.93872740048865,1574960.73,7419.36
df07143a-3d09-4ecc-a7ee-09ba66ff59b3,1921-07-02,,999-54-4646,S99980125,X75970450X,Mr.,Bryce11,Witting912,,,M,white,nonhispanic,M,Reading  Massachusetts  US,620 Predovic Trace,Shrewsbury,Massachusetts,Worcester County,,42.25069127873388,-71.69510012503623,1913202.87,193634.06999999995
03ae6bca-0fc8-45dc-bc9a-8c18cd9e84ca,1973-10-15,1977-11-07,999-93-3003,,,,Johnie961,Keebler762,,,,white,nonhispanic,M,Walpole  Massachusetts  US,201 Herman Neck,Taunton,Massachusetts,Bristol County,,41.986464099388726,-71.04415014525392,13698.86,5607.49
49e7a291-ed89-4956-8ac8-cf2fca4420bf,1967-11-23,2015-08-13,999-71-8910,S99963425,X10740148X,Mrs.,Kymberly381,Schaden604,,Ziemann98,M,white,nonhispanic,F,Worcester  Massachusetts  US,604 Kilback Estate,Somerville,Massachusetts,Middlesex County,,42.451658645532966,-71.10963840938834,151063.28,17914.649999999998
1632bf8e-5d5b-4a05-8034-4ac182cd05bb,1917-07-04,2007-07-13,999-22-9434,S99929613,X79141466X,Mr.,Curtis94,Bins636,,,M,asian,nonhispanic,M,Shanghai  Shanghai Municipality  CN,916 Beatty Landing,East Brookfield,Massachusetts,Worcester County,1515.0,42.17365192945649,-72.00246357267281,1727425.53,20815.07
66cc4b67-18c5-44dc-be35-475e4402f0ae,1986-01-01,,999-37-2305,S99998679,X59504403X,Mr.,Blaine377,Kirlin939,,,M,white,nonhispanic,M,Norton  Massachusetts  US,378 Pouros Station Apt 97,Rutland,Massachusetts,Worcester County,1543.0,42.43550702416394,-71.968677978885,705862.73,2563.04
92646592-4def-482e-934a-98ea17249c97,1967-11-23,,999-98-9130,S99967097,X28786471X,Mrs.,Missy373,VonRueden376,,Kuhn96,M,white,nonhispanic,F,Lowell  Massachusetts  US,656 Roberts Dale Suite 72,Somerville,Massachusetts,Middlesex County,2140.0,42.37912078551772,-71.17115985127586,170830.17,20619.82
5774f413-f261-481f-b035-0da330c637ad,1941-07-21,,999-53-8076,S99928338,X17758997X,Mrs.,Maya972,Monahan736,,Hyatt152,M,white,nonhispanic,F,Lunenburg  Massachusetts  US,839 Doyle Alley,Chelmsford,Massachusetts,Middlesex County,,42.63603216153805,-71.35771768314684,1630649.06,9128.36
6d66a222-6716-459a-93f8-0fa391b1c68c,1917-07-04,1997-05-22,999-95-8080,S99980757,X6150887X,Mr.,Tyrone215,Schaefer657,,,M,asian,nonhispanic,M,Shanghai  Shanghai Municipality  CN,764 Torp Annex Suite 62,East Brookfield,Massachusetts,Worcester County,,42.21622936999417,-72.04471682588728,1689631.27,8484.24
3f8dee12-21b1-49b9-80fa-f7ea8db05fc2,1962-10-21,,999-98-9720,S99946977,X27780663X,Mr.,Genaro214,Rutherford999,,,M,white,nonhispanic,M,Lowell  Massachusetts  US,545 Schimmel Skyway Apt 80,Boston,Massachusetts,Suffolk County,2109.0,42.33224009030627,-71.17237659550479,1181612.77,4272.04
2b7ad665-31fd-48ad-815d-0ab3137e2925,1929-12-22,,999-62-5188,S99986206,X29695297X,Mr.,Les282,Metz686,,,M,black,nonhispanic,M,West Newbury  Massachusetts  US,1006 Reilly Center Unit 28,Newton,Massachusetts,Middlesex County,2458.0,42.366070668205495,-71.23260788154124,1569147.95,10320.73
0266f6d3-aff8-4fc3-a727-237017af66b7,1960-02-23,,999-15-4809,S99929101,X61075723X,Mrs.,Lucia634,Feil794,,Heller342,M,white,nonhispanic,F,Marshfield  Massachusetts  US,513 Ledner Plaza Apt 77,Cambridge,Massachusetts,Middlesex County,2472.0,42.39370645024785,-71.15137568744015,1310974.1700000002,13465.29
ba016aa2-44b4-45cf-9764-92ed60f1b95c,1992-04-11,,999-77-9073,S99978475,X22221561X,Mrs.,Jona712,Collier206,,Gusikowski974,M,white,nonhispanic,F,Winchester  Massachusetts  US,447 Walter Extension,Kingston,Massachusetts,Plymouth County,,41.98111437117591,-70.7021563243017,571451.6,4902.469999999999
33470329-a3c2-45ae-bff3-76422e30ce87,1999-08-31,,999-44-9241,S99974772,X4986126X,Mr.,Corey514,Cole117,,,,white,nonhispanic,M,Peabody  Massachusetts  US,460 Weber Common Suite 69,Dracut,Massachusetts,Middlesex County,,42.65141461364245,-71.32108288819386,502700.25,3219.76
b88eba58-4a6f-4edc-a137-eb710467d165,1951-06-03,,999-70-4040,S99991374,X73815276X,Mrs.,Marlin805,Gerhold939,,Johnson679,M,white,nonhispanic,F,Malden  Massachusetts  US,771 Crooks Pathway,Agawam,Massachusetts,Hampden County,1030.0,42.02775847549542,-72.58959177669641,1451673.42,28483.36
13a7e9a1-e3cd-4ed0-b1e4-8c661dd0438d,1957-05-07,,999-84-5884,S99949627,X25742890X,Mrs.,Denisha680,Funk324,,Carter549,M,black,nonhispanic,F,Cambridge  Massachusetts  US,138 Bergstrom Terrace Suite 74,Phillipston,Massachusetts,Worcester County,,42.55152229041629,-72.13454723448127,80996.81,4013.27
3a650fc1-9fc1-4a1b-b050-eb5c3c28040b,2001-10-22,,999-48-2173,S99974019,,Ms.,Ozell178,Von197,,,,asian,nonhispanic,F,Marion  Massachusetts  US,239 Harber Trail,Bellingham,Massachusetts,Norfolk County,2019.0,42.043032906507456,-71.4925474122102,375643.86,6852.559999999999
9eb06226-675b-4693-909d-473b20e99149,1957-09-25,1958-07-30,999-52-6496,,,,Dalton260,Collier206,,,,white,nonhispanic,M,Attleboro  Massachusetts  US,495 Harber Path Apt 30,Boston,Massachusetts,Suffolk County,2136.0,42.3960826671555,-71.02730697801661,21360.0,414.9599999999999
e28f4122-ccb8-46e0-afd4-7239c9057fe6,1942-11-12,2020-03-26,999-13-5097,S99925247,X16789444X,Mr.,Leif534,Berge125,,,M,white,nonhispanic,M,Bourne  Massachusetts  US,1027 Gottlieb Run,Weymouth,Massachusetts,Norfolk County,2188.0,42.19543224045472,-70.95591504145101,54478.68,3737.04
c81ce24b-638d-4124-ba0c-559524ebbf9b,1961-10-05,,999-93-2532,S99910144,X26936535X,Mrs.,Jina946,Bruen238,,MacGyver246,M,white,nonhispanic,F,Shrewsbury  Massachusetts  US,1005 Glover Mall Suite 70,Southbridge,Massachusetts,Worcester County,1550.0,42.09532407789457,-72.02265665598135,1435597.39,11883.079999999998
04b5afd1-3c9e-4e32-be2c-72e1da29800c,1981-06-05,,999-51-9247,S99935650,X25086070X,Mr.,Minh326,Yost751,,,S,white,nonhispanic,M,Hanover  Massachusetts  US,899 Luettgen Well,Tyngsborough,Massachusetts,Middlesex County,,42.7054408428096,-71.44789611568304,1034584.22,2796.44
e31b4732-18b2-452c-b420-6fe68febda2f,1998-12-28,,999-23-4045,S99960951,X25950654X,Mr.,Shaun461,Moore224,,,,white,nonhispanic,M,Clinton  Massachusetts  US,500 Mueller Heights Unit 17,Douglas,Massachusetts,Worcester County,,42.02590557890812,-71.80170634106182,526630.62,10532.320000000002
6b7f898c-008c-4b35-84fa-b6c6c87f8377,1946-05-17,,999-18-4493,S99953436,X51861295X,Mr.,Herman763,Mann644,,,M,white,nonhispanic,M,Weymouth  Massachusetts  US,553 Davis Gate,Revere,Massachusetts,Suffolk County,2151.0,42.37131733879853,-71.02465677441693,1439966.93,7625.08
1be80309-fb27-41ce-90b6-ced5eda0d845,1917-07-04,2013-07-17,999-95-9054,S99985951,X52146923X,Mr.,Pedro316,Prosacco716,,,M,asian,nonhispanic,M,Hong Kong  Hong Kong Special Administrative Region  CN,640 Altenwerth Parade Unit 70,East Brookfield,Massachusetts,Worcester County,1515.0,42.2252014679378,-72.005250623403,1525616.33,264614.66
5e949bbf-1d4c-48c9-9579-fa8cdd066298,1988-10-31,,999-51-6136,S99983870,X88295507X,Mr.,Reinaldo138,Jacobi462,,,M,black,nonhispanic,M,Franklin  Massachusetts  US,479 Corwin Mews,North Reading,Massachusetts,Middlesex County,,42.57293349452724,-71.06025364889818,801077.38,3541.36
c2615455-24c1-4920-b050-b4f5220c0a83,1971-04-03,,999-57-9159,S99944106,X25651279X,Mrs.,Tonita173,Wisozk929,,Corkery305,M,white,nonhispanic,F,New Bedford  Massachusetts  US,213 Gislason Ferry,Norwood,Massachusetts,Norfolk County,,42.21062220028877,-71.16059066348039,1032824.96,17321.21
eb888f2d-c927-44b2-8f66-d14025912b68,2006-05-16,,999-59-3755,,,,Avery919,Gulgowski816,,,,white,nonhispanic,M,Dedham  Massachusetts  US,662 Jast Manor Unit 76,Plymouth,Massachusetts,Plymouth County,,41.861181810283306,-70.63212876359825,382296.18,2841.52
e80677ad-b284-4c80-aa16-89f713ff80b8,1996-10-21,2001-06-11,999-29-9930,,,,Hilde556,MacGyver246,,,,white,nonhispanic,F,Boston  Massachusetts  US,922 Price Neck,Revere,Massachusetts,Suffolk County,2151.0,42.4080940814419,-71.02642823058663,115713.55,962.4
3afae7d0-ab77-4a10-a409-74357fc35717,1938-02-24,2007-08-24,999-89-4583,S99940258,X85034911X,Mr.,Lenny728,Gerhold939,,,M,white,nonhispanic,M,Haverhill  Massachusetts  US,147 Beatty Trailer,Yarmouth,Massachusetts,Barnstable County,,41.67213004859688,-70.2072211788355,1449516.6200000006,191922.9800000004
cfa144a9-1dd9-4214-b7af-c5bf216ea697,1943-02-22,2000-11-27,999-58-8402,S99993486,X44383271X,Mr.,Ryan260,Swaniawski813,,,S,white,nonhispanic,M,Salvador  Bahia  BR,731 Hagenes Neck Suite 90,Bellingham,Massachusetts,Norfolk County,2019.0,42.087605400966986,-71.47985276242014,1474520.75,6016.92
2b8c1ba8-cbd9-44f7-9e1f-5945a5ea4698,1917-07-04,1992-11-06,999-20-5597,S99956654,X17208579X,Mr.,Otto672,Armstrong51,,,S,asian,nonhispanic,M,Shanghai  Shanghai Municipality  CN,908 Leannon Tunnel Apt 78,East Brookfield,Massachusetts,Worcester County,,42.16443768221519,-72.08536319512798,1614371.26,10328.09
6d7a1efd-6205-49d6-95d1-ca0db8afbc8d,2019-04-09,,999-11-9773,,,,Tom274,Brakus656,,,,white,nonhispanic,M,Chicopee  Massachusetts  US,125 Rosenbaum Burg Unit 88,Belmont,Massachusetts,Middlesex County,,42.328597952453954,-71.17076808771957,29556.41,774.9599999999999
36f3c18f-e9ca-4463-a0af-8d2f7a3f8bc8,1945-08-06,,999-94-2276,S99991753,X34559950X,Ms.,Reagan466,Trantow673,,,S,white,nonhispanic,F,Boston  Massachusetts  US,630 Grant Rest,Chicopee,Massachusetts,Hampden County,1020.0,42.19099880059623,-72.58234259077082,1354254.28,8970.759999999998
2ece19da-0c1b-4b40-98c6-eaea07291495,1988-10-19,,999-32-3234,S99920776,X63503122X,Mr.,Roger751,Cole117,,,M,white,nonhispanic,M,Northbridge  Massachusetts  US,303 Sauer Rapid Suite 47,Springfield,Massachusetts,Hampden County,1119.0,42.15058308906439,-72.56772202527597,101393.02,8105.919999999999
6c3c9f1e-07d0-400a-881f-b53801c05b82,1917-07-04,1974-01-28,999-10-6538,S99931514,X88352013X,Mr.,Noah480,Carroll471,,,M,asian,nonhispanic,M,Macau  Macao Special Administrative Region of the People's Republic of China  CN,716 Zieme Gateway Apt 16,East Brookfield,Massachusetts,Worcester County,1515.0,42.237747813906,-72.00460794134933,1370973.27,5517.759999999999
99358c62-09bb-4966-aeba-0bc51267d194,1943-02-22,2015-09-14,999-56-4903,S99931450,X74381045X,Mr.,Erick204,Lebsack687,,,M,white,nonhispanic,M,Funchal  Madeira  PT,1088 Fisher Underpass Suite 5,Bellingham,Massachusetts,Norfolk County,2019.0,42.12325905855232,-71.47970009537147,1701281.58,23923.36
9693e0db-8ceb-461d-a5be-69d5b10e0ddc,1938-02-24,,999-75-8920,S99956259,X24751992X,Mr.,Tod265,Hickle134,,,M,white,nonhispanic,M,Quincy  Massachusetts  US,171 Luettgen Extension,Yarmouth,Massachusetts,Barnstable County,,41.70977451302446,-70.27169228683627,1623667.57,12413.0
1d0addac-9e13-40e9-9012-a836c3332a0c,1993-04-21,,999-39-5593,S99972851,X20610364X,Mrs.,Lilliana632,Dickinson688,,Koss676,M,asian,nonhispanic,F,Dartmouth  Massachusetts  US,413 Heller Boulevard,Lowell,Massachusetts,Middlesex County,1854.0,42.666949987559455,-71.28470661816954,689898.42,5612.04
32aaf884-0556-48a7-a31f-7718d43f026a,1923-10-21,1989-03-28,999-60-9687,S99946956,X69223531X,Mr.,Cristobal567,Ornelas92,,,M,white,hispanic,M,Marigot  Saint Andrew Parish  DM,551 Heathcote Arcade Apt 36,Agawam,Massachusetts,Hampden County,,42.062691452002944,-72.6883265977158,1647335.42,5967.759999999999
e3ed91f5-35d0-436b-aa19-ce6275cba923,1991-02-27,,999-38-9334,S99988656,X78313997X,Mr.,Loren192,Gusikowski974,,,M,white,nonhispanic,M,Westport  Massachusetts  US,792 Goodwin Grove,Salem,Massachusetts,Essex County,1907.0,42.443238442009694,-70.88285553791103,635588.68,6126.2
cfec56ac-b523-4bda-8f60-145bfbbdf98f,1933-02-19,2019-10-21,999-67-5251,S99965771,X83078704X,Mr.,Errol226,Murray856,,,M,asian,nonhispanic,M,Macau  Macao Special Administrative Region of the People's Republic of China  CN,253 MacGyver Corner,East Brookfield,Massachusetts,Worcester County,1515.0,42.190876050312696,-72.02890010329602,1737125.24,25396.79
0611b83b-cb13-48bf-9e82-374d64d436c2,2003-09-23,,999-66-4886,S99931196,,,Nydia801,Smitham825,,,,black,nonhispanic,F,Tyngsborough  Massachusetts  US,122 Emmerich Highlands Apt 82,Boston,Massachusetts,Suffolk County,,42.300893164872406,-71.06046723456346,52070.11,3795.56
00c95063-1cc5-4291-b728-5713817db4b5,1923-10-21,1995-05-08,999-51-6829,S99914937,X11723293X,Mr.,Homero668,Collado928,,,M,white,hispanic,M,Bayamon  Puerto Rico  PR,999 Hagenes Bay,Agawam,Massachusetts,Hampden County,1001.0,42.04120484763621,-72.69290590783399,1533397.63,9608.45
38d5a685-c95f-4b4f-983a-a7cf572b21b5,1951-09-02,,999-75-6359,S99962192,X56864394X,Mrs.,Herlinda751,Keeling57,,Hilpert278,M,white,nonhispanic,F,Boston  Massachusetts  US,514 Dietrich Annex Unit 72,Medford,Massachusetts,Middlesex County,,42.453657340853546,-71.10746587242429,1615438.25,11154.04
8c10ce8d-c60e-4b93-b986-89ab3833a9cb,1933-02-19,2020-03-12,999-68-5422,S99964375,X80452833X,Mr.,Michael441,Kassulke119,,,M,asian,nonhispanic,M,Macau  Macao Special Administrative Region of the People's Republic of China  CN,803 Erdman Parade Unit 22,East Brookfield,Massachusetts,Worcester County,,42.16583148729664,-72.07582079251752,1737128.87,26879.33
5ac7f226-fc46-43b5-92f9-c214c5e5d490,1971-09-23,,999-29-9486,S99994377,X32918705X,Mrs.,Shanel903,Haag279,,Conroy74,M,white,nonhispanic,F,Lexington  Massachusetts  US,111 Dooley Gardens,Fitchburg,Massachusetts,Worcester County,,42.61422186724703,-71.86526400810294,39932.98,3910.939999999999
02d9b602-c5d7-455e-ba53-b74196594c74,1923-10-21,1997-11-03,999-50-5657,S99924458,X44892212X,Mr.,Homero668,León820,,,M,white,hispanic,M,Lima  Lima Province  PE,630 Corwin Ferry,Agawam,Massachusetts,Hampden County,,42.0830322170089,-72.66495485647418,1384983.77,11522.16
ae89c5ad-5e1f-4322-bcb4-24afd32e17b2,1956-12-10,,999-75-2225,S99984108,X32372887X,Mrs.,Zora492,Renner328,,Baumbach677,M,white,nonhispanic,F,Taunton  Massachusetts  US,561 Mohr Knoll,Shrewsbury,Massachusetts,Worcester County,,42.32203344278053,-71.72940297783059,1313634.64,5637.759999999999
9d4cf933-1c52-4372-9b0b-99aa5cb674fd,2018-08-14,,999-36-3803,,,,Ira784,Gislason620,,,,white,nonhispanic,F,Worcester  Massachusetts  US,1090 Jakubowski Frontage road Suite 89,Milton,Massachusetts,Norfolk County,2186.0,42.23721683615564,-71.05313465722212,48600.0,1379.08
c6f530e7-bb1b-4c31-817b-60f62ccf63b5,1928-04-09,2012-01-03,999-61-5079,S99993480,X52592691X,Mr.,Clay913,Lind531,,,M,white,nonhispanic,M,Fall River  Massachusetts  US,321 Dickens Parade Suite 96,Falmouth,Massachusetts,Barnstable County,,41.587061590924286,-70.65356235775974,1391542.88,7610.179999999999
1ec5ac63-4d7e-4ed1-aaa9-c716ffee734f,1970-06-23,,999-41-8375,S99919691,X67457222X,Mr.,Giovanni385,Rohan584,,,S,white,nonhispanic,M,Rehoboth  Massachusetts  US,871 Lesch Course Unit 16,Lowell,Massachusetts,Middlesex County,1850.0,42.64376829118867,-71.29361402782064,1086967.36,5569.2
48dbb1f2-7596-4425-8201-f770af2a9e00,1986-10-15,,999-74-9843,S99963510,X70429029X,Mrs.,Angelena945,Upton904,,Feest103,M,white,nonhispanic,F,Boston  Massachusetts  US,682 Mosciski Quay,Boxborough,Massachusetts,Middlesex County,,42.480669143741046,-71.57073060782459,652330.38,13083.71
9925ae70-d7ef-4abe-b846-95c3a0309b96,1999-04-25,,999-76-1041,S99991944,X64559707X,Mr.,Johnson679,Kovacek682,,,,white,nonhispanic,M,Billerica  Massachusetts  US,165 Yost Green,Brookline,Massachusetts,Norfolk County,2446.0,42.35493271011618,-71.1155609667291,495861.28,4056.32
6ba1aba1-9129-4f6c-a7b1-cf32e09dd709,1928-04-09,1995-03-01,999-15-1806,S99989804,X35627558X,Mr.,Shane235,Morissette863,,,S,white,nonhispanic,M,Watertown  Massachusetts  US,1013 Konopelski Bridge,Falmouth,Massachusetts,Barnstable County,2540.0,41.58148476575769,-70.63701707946696,712109.5800000001,155035.60000000003
82ff1a05-be08-4fdb-8d90-801473f4cf77,1983-06-19,,999-82-1529,S99973337,X53269834X,Mrs.,Darnell564,Tromp100,,Murazik203,M,white,nonhispanic,F,Peabody  Massachusetts  US,332 Leuschke Ramp,Medway,Massachusetts,Norfolk County,,42.11654568072106,-71.45434978967707,830095.84,11288.339999999998
fec5d846-d6d5-4ebb-8530-de1884a21451,1975-03-19,2020-03-11,999-23-7261,S99997136,X70595543X,Mr.,Davis923,O'Reilly797,,,M,asian,nonhispanic,M,Haiphong  Kiến An  VN,947 Mills Rue,Boston,Massachusetts,Suffolk County,2122.0,42.31703383549935,-71.17892907960872,138487.69,4770.28
d7603da1-861e-4ac8-9b63-f78d7769708f,1950-07-13,,999-72-2566,S99938503,X62827129X,Ms.,Dori98,Bergnaum523,,,S,white,nonhispanic,F,Westport  Massachusetts  US,969 Waters Lock Suite 63,Wilmington,Massachusetts,Middlesex County,,42.5727124666432,-71.1259933276362,1429579.71,12844.519999999997
0fccaa9d-ab4e-4255-820e-f95fe2aec009,1954-03-14,,999-15-4738,S99938653,X89631865X,Mr.,Arlen68,Moen819,,,M,white,nonhispanic,M,Ware  Massachusetts  US,115 Aufderhar Throughway Suite 3,Westwood,Massachusetts,Norfolk County,,42.24853232373444,-71.18965303889941,1746181.68,5428.929999999999
ee224734-d891-4dbf-83ad-d5cbb463cae1,1961-10-27,,999-60-1566,S99983906,X9468888X,Mr.,Nicolas769,Rau926,,,S,white,nonhispanic,M,Andover  Massachusetts  US,1051 Corkery Lock,Worcester,Massachusetts,Worcester County,1608.0,42.267951719184126,-71.82932775971624,1345117.03,5088.679999999999
83217acf-3668-45b4-ba51-ef85f231e84b,1954-10-11,,999-16-9759,S99918120,X35970044X,Mr.,Daryl568,Fahey393,,,M,asian,nonhispanic,M,Daegu  Daegu  KR,698 Hermann Passage,Granby,Massachusetts,Hampshire County,,42.20565999404832,-72.48245350395614,1663037.7,10496.73
bb8c3a33-f6da-4155-8908-2b7675497341,1993-06-24,,999-75-9803,S99937721,X56152060X,Ms.,Joetta231,Beier427,,,,white,nonhispanic,F,Reading  Massachusetts  US,891 Dicki Union Suite 85,Newburyport,Massachusetts,Essex County,1951.0,42.77741732012088,-70.82473242977142,567122.02,7218.21
e550d972-1d21-4ee5-a938-8ee9bcbf3434,1992-09-23,,999-30-9001,S99988614,X17448424X,Mr.,Julio255,Prieto999,,,M,black,hispanic,M,Caracas  Capital District  VE,818 Reichert Trace Suite 97,Boston,Massachusetts,Suffolk County,2151.0,42.35869051899547,-71.10633377397806,735869.04,2664.8
0c80d1de-3b43-4adb-b158-77dd3b2b0536,1928-07-02,1979-12-30,999-96-1289,S99914887,X87324167X,Mrs.,Audrie782,Wyman904,,Gleason633,M,asian,nonhispanic,F,Chongqing  Chongqing Municipality  CN,1022 McGlynn Rest,Marlborough,Massachusetts,Middlesex County,,42.38261288871232,-71.55415389422085,1298416.96,10092.55
360d8667-c815-4aa7-b912-5b1dffb7447d,1945-01-08,,999-60-7516,S99964094,X78098971X,Mrs.,Glenda787,Roberts511,,Zboncak558,M,white,nonhispanic,F,Lawrence  Massachusetts  US,1090 Konopelski Fork,Lynn,Massachusetts,Essex County,1905.0,42.42227628337577,-70.9675704438127,1366581.68,23620.59
d400b110-44f8-4ff0-b56c-a12c0ed7910c,1923-10-21,1994-05-22,999-91-3016,S99951068,X39551426X,Mr.,José Eduardo181,Cazares77,,,M,white,hispanic,M,Port-au-Prince  Haiti  HT,413 Bogisich Park Unit 5,Agawam,Massachusetts,Hampden County,1030.0,42.107606372474336,-72.65401489869895,1532556.9300000002,11258.87
1261beff-e1c7-4e96-8be0-881cb3dbf8cb,1967-04-29,,999-17-8507,S99964016,X21227470X,Mrs.,María842,Aguirre875,,Salcedo309,M,white,hispanic,F,Santiago  Santiago Province  CL,1089 O'Keefe Passage,Boston,Massachusetts,Suffolk County,2119.0,42.343445907182335,-71.06892490828257,1175751.24,13763.429999999998
34d40293-c0f9-417c-9542-ee280770749e,1928-04-09,2009-11-26,999-24-6308,S99927972,X26892X,Mr.,Nigel915,Paucek755,,,S,white,nonhispanic,M,Quincy  Massachusetts  US,539 Ritchie Mews,Falmouth,Massachusetts,Barnstable County,2540.0,41.60400087665624,-70.59766643800732,118524.33,11288.35
3c1cbd7c-19d5-42a3-b5e4-72ad0cc1bc57,1992-11-27,,999-36-8060,S99985850,X24406361X,Mr.,Beau391,Kerluke267,,,M,white,nonhispanic,M,Rehoboth  Massachusetts  US,350 Koelpin Trace,Dedham,Massachusetts,Norfolk County,2026.0,42.184041010399405,-71.21328349319099,563703.35,2538.92
555ab639-7f63-4c74-aab9-79a8587ece69,1999-02-07,,999-94-5159,S99974286,X5246964X,Ms.,Melynda458,Terry864,,,,white,nonhispanic,F,Falmouth  Massachusetts  US,244 Corwin Spur,West Springfield,Massachusetts,Hampden County,,42.16488766308588,-72.61320782336648,15987.259999999998,0.0
ea91f107-5119-429e-b2ba-821cd1bbade3,1996-12-03,,999-59-2825,S99918124,X23440319X,Ms.,Ta701,Pagac496,,,,white,nonhispanic,F,Brookline  Massachusetts  US,736 Lebsack Course,Beverly,Massachusetts,Essex County,,42.60803374905733,-70.89925189141019,18543.42,405.8
76f68fde-a35b-467e-aa8f-15a2f61047aa,1957-09-24,2020-02-25,999-29-5994,S99975359,X57748556X,Mr.,Sterling124,Weissnat378,,,M,white,nonhispanic,M,Worcester  Massachusetts  US,388 Lubowitz Key,Malden,Massachusetts,Middlesex County,2155.0,42.38985735743216,-71.04267053410433,1419158.13,9722.999999999998
7416ccc7-fa44-45ef-b4e6-0c739182ce30,2019-02-10,,999-16-3197,,,,Eve68,Fisher429,,,,white,nonhispanic,F,Adams  Massachusetts  US,954 Crona Course Unit 56,New Bedford,Massachusetts,Bristol County,,41.62565681583952,-70.94047074244169,33879.869999999995,1042.4399999999998
f95379ca-f56b-4e03-ab5d-d121e46b7f70,1928-04-09,,999-31-4313,S99932324,X7289722X,Mr.,Rubin812,Rau926,,,M,white,nonhispanic,M,Lowell  Massachusetts  US,984 Weissnat Dam,Falmouth,Massachusetts,Barnstable County,,41.62045320154219,-70.63167441018109,1423814.81,13151.27
6725ed93-f69a-413d-8b22-d2c4cc60e100,1994-11-23,,999-54-7976,S99913437,X79049764X,Ms.,Loren192,Lueilwitz711,,,,white,nonhispanic,F,Mansfield  Massachusetts  US,958 Kilback Grove Unit 20,Winthrop,Massachusetts,Suffolk County,,42.33781499714562,-70.99665779198963,595697.69,4662.919999999999
6cfc02e8-e2ff-4dc0-af7e-dc5b3530c2d5,1995-07-04,,999-78-9834,S99939328,X21147022X,Ms.,Reva678,Cormier289,,,,white,nonhispanic,F,Weymouth  Massachusetts  US,162 Shields Mall Unit 51,West Boylston,Massachusetts,Worcester County,,42.39932009200363,-71.80604069542098,543662.86,6833.249999999999
bcaf795e-72b3-41b6-9f97-31680947d93a,1965-01-23,,999-96-7077,S99931860,X43369123X,Mr.,Ismael683,Hirthe744,,,M,white,nonhispanic,M,Raynham  Massachusetts  US,665 Adams Trailer Suite 27,Ludlow,Massachusetts,Hampden County,,42.22321983516882,-72.45497862736153,1400275.29,5372.04
d87bde28-e769-45c9-bf2c-c5eafe1dfcf7,1981-03-03,,999-52-1398,S99979453,X63508159X,Mr.,Gerry91,Yundt842,,,M,white,nonhispanic,M,Holden  Massachusetts  US,795 Hoeger Gardens Unit 35,Randolph,Massachusetts,Norfolk County,,42.14761781211301,-71.10162431083737,858111.54,6765.879999999998
114ca87a-18e6-4d68-9aab-fa87207db8bf,1963-03-08,1976-10-22,999-76-5671,,,,Quincy153,Stark857,,,,white,nonhispanic,M,New Bedford  Massachusetts  US,828 Wunsch Wynd Apt 36,Springfield,Massachusetts,Hampden County,1109.0,42.12965893942327,-72.63331183295621,346960.66,2074.8
127d218b-1ffe-4cd0-977c-f1bdde49b597,1936-07-06,2014-01-18,999-35-5539,S99922299,X80989025X,Mr.,Wilber603,Shanahan202,,,S,white,nonhispanic,M,North Andover  Massachusetts  US,751 Schimmel Rapid,Springfield,Massachusetts,Hampden County,1119.0,42.15149651459292,-72.52087880550387,48006.53,3316.28
227527ab-cdc0-489e-9bef-1c505d3fd15c,1962-10-21,,999-12-6128,S99931306,X66310516X,Mrs.,Andera917,Wilderman619,PhD,Boyle917,M,white,nonhispanic,F,Scituate  Massachusetts  US,786 Roob Estate,Southborough,Massachusetts,Worcester County,,42.25024661966158,-71.54202430599607,1367642.19,6927.679999999999
046d60a3-2c9b-4e53-9d25-edf27fab5ea2,1988-11-03,,999-50-3156,S99998887,X4458709X,Mr.,Salvador46,Schuster709,,,S,white,nonhispanic,M,Medway  Massachusetts  US,535 Mraz Way,Walpole,Massachusetts,Norfolk County,2081.0,42.1433965998783,-71.23401450787352,726804.59,4352.12
ac4144e5-73fe-432d-bc41-44d605147936,1963-03-08,,999-27-1803,S99919753,X48671113X,Mr.,Vern731,Marquardt819,,,S,white,nonhispanic,M,Wellesley  Massachusetts  US,290 Howell Overpass,Springfield,Massachusetts,Hampden County,1013.0,42.11449875468261,-72.52626797029583,1447060.07,5077.08
9fb8164f-dd3b-4064-9523-4450945c6cd5,1983-09-21,,999-36-6909,S99958605,X13309125X,Mr.,Ezequiel972,Rippin620,,,M,white,nonhispanic,M,Norwell  Massachusetts  US,377 Cole Center Unit 91,Shrewsbury,Massachusetts,Worcester County,,42.23660521557455,-71.66886024668074,842598.3,3770.44
cb9eae9d-6a33-4ac4-a9ce-228ba9b17069,2014-10-10,,999-49-1829,,,,Micaela928,Carbajal274,,,,white,hispanic,F,Panama City  Panama  PA,472 Kutch Throughway,Boston,Massachusetts,Suffolk County,2215.0,42.274008585700656,-71.11790075406141,149869.98,1808.24
87e9acbe-233a-412f-a06a-0af8973a99a4,1941-05-03,2019-01-31,999-70-2559,S99989029,X12932931X,Mr.,Dick869,Botsford977,,,M,white,nonhispanic,M,Bourne  Massachusetts  US,792 Lueilwitz Green,Spencer,Massachusetts,Worcester County,,42.23543045666821,-71.97969883125803,102259.38,21423.449999999983
d4c87cc6-8d55-404c-bffd-91dcd2b1ba69,1992-08-29,,999-69-3483,S99987212,X51490894X,Mrs.,Lola232,Morar593,,Dietrich576,M,white,nonhispanic,F,North Andover  Massachusetts  US,710 Hamill Fork,Brockton,Massachusetts,Plymouth County,2301.0,42.03713129300756,-71.01243700589077,54342.12,801.5999999999999
c7a9f281-6fdd-4bbd-9abb-2030fea3f4df,1941-05-03,1967-12-30,999-27-1670,S99953498,X86385482X,Mr.,Elliott563,Murphy561,,,,white,nonhispanic,M,Sterling  Massachusetts  US,873 Torphy Approach Unit 22,Spencer,Massachusetts,Worcester County,,42.231874988870565,-72.00463163837719,550281.73,2113.88
5de1efe5-5411-45c5-aa32-170b37909da0,1951-07-27,2018-08-16,999-92-8207,S99933636,X43360252X,Mrs.,Kristin64,Mann644,JD,Price929,M,white,nonhispanic,F,Worcester  Massachusetts  US,509 Mueller Terrace,Weymouth,Massachusetts,Norfolk County,2189.0,42.202594774891615,-70.98242937783179,1598069.11,11444.13
8cca214b-fa34-47df-8d70-69e74ec0e761,1941-05-03,,999-96-7156,S99919318,X36056809X,Mr.,Lester513,Wehner319,,,M,white,nonhispanic,M,Rockland  Massachusetts  US,1029 Swaniawski Gateway Apt 36,Spencer,Massachusetts,Worcester County,,42.27690753265152,-71.95353067658402,75978.56,3435.6
ad0811b0-35e5-483a-8397-b9950781622d,1960-09-08,,999-79-4248,S99977549,X25648761X,Mrs.,Lourdes258,Rodríguez701,,Soria950,M,white,hispanic,F,Ponce  Puerto Rico  PR,351 Rice Gateway,Walpole,Massachusetts,Norfolk County,2081.0,42.15619481778192,-71.2497872556493,1315236.47,9616.73
6d9bdc66-b84a-41d0-ba48-326c4cb5d22b,2003-02-15,,999-64-7885,S99923256,,,Joyce806,Hahn503,,,,white,nonhispanic,F,Malden  Massachusetts  US,416 Rohan Wall Apt 23,Arlington,Massachusetts,Middlesex County,2476.0,42.450274426167134,-71.15919216465235,469065.04,2808.16
2866eb61-4fbc-44f0-8d95-1a0982d6517e,1967-05-06,2015-04-18,999-83-1167,S99995666,X85980500X,Mr.,Adolph80,Schmeler639,,,M,white,nonhispanic,M,Worcester  Massachusetts  US,475 Deckow Rue,Leominster,Massachusetts,Worcester County,,42.541851599875145,-71.71544559109077,151826.77,20178.14
332c5bc7-2246-42c5-87a4-5ba1b5dd12cb,2004-01-09,,999-82-6980,S99991508,,,Angelena945,Corwin846,,,,white,nonhispanic,F,Boston  Massachusetts  US,861 Hilpert Key Apt 74,Brockton,Massachusetts,Plymouth County,2302.0,42.115048336589794,-70.93301408454819,30278.03,2987.3300000000004
622e70fb-e237-4ec6-b3df-67184c6e39a0,1985-11-14,,999-96-4508,S99930335,X84538472X,Mr.,Cornell131,Monahan736,,,M,asian,nonhispanic,M,Cantho  Cần Thơ  VN,509 Effertz Throughway Suite 43,Chelmsford,Massachusetts,Middlesex County,,42.580443247628736,-71.40570230117756,716921.92,4887.0
52b21382-2f2c-411b-9df8-6532f8ceac68,1936-07-06,2019-05-27,999-95-2726,S99954285,X62645039X,Mr.,Irwin931,West559,,,S,white,nonhispanic,M,Gardner  Massachusetts  US,614 Jacobi Track Apt 24,Springfield,Massachusetts,Hampden County,1013.0,42.11858720339835,-72.60562539051065,69836.08,14761.3
67f040ad-ab4a-4f86-966c-259787bc4642,1935-08-28,,999-47-5279,S99935327,X85564711X,Mrs.,Salome647,Reinger292,,Tromp100,M,white,nonhispanic,F,Woburn  Massachusetts  US,649 Hudson Dam,Oak Bluffs,Massachusetts,Dukes County,,41.44719571470885,-70.54294373070793,1478521.56,20951.38
6b4b2d1b-bee9-401f-a866-032a37cc5f58,1951-07-27,,999-87-5757,S99951059,X61092166X,Mrs.,Kacey193,McLaughlin530,PhD,Rohan584,M,white,nonhispanic,F,Cambridge  Massachusetts  US,286 Mante Wall,Weymouth,Massachusetts,Norfolk County,2189.0,42.26379910308427,-70.92796033834429,1308583.4200000002,15010.35
18e77f32-5777-4f98-b6b5-70de18dd8469,2005-12-04,,999-38-4902,,,,Myrle831,Predovic534,,,,white,nonhispanic,F,Holden  Massachusetts  US,956 Stamm Promenade Suite 46,Easton,Massachusetts,Bristol County,,42.088338333546304,-71.12155098239667,296351.93,3087.32
67191afd-ad19-4337-9a00-4e002e4a8604,1914-06-15,2001-06-21,999-15-9857,S99937008,X38312588X,Mrs.,Maria750,Hand679,,Homenick806,M,white,nonhispanic,F,Revere  Massachusetts  US,990 Pacocha Club Unit 31,Wilmington,Massachusetts,Middlesex County,1887.0,42.60987620299591,-71.17881237709169,1473348.74,26561.22
6eb02ada-1c38-4f41-8dd3-8c356d402d3e,1985-04-10,,999-38-4121,S99996447,X54239820X,Mrs.,Amelia635,Hoppe518,,Witting912,M,native,nonhispanic,F,Southborough  Massachusetts  US,762 Kiehn Center,Springfield,Massachusetts,Hampden County,1108.0,42.09806911427004,-72.6069266768182,51707.06,1157.3999999999996
5130e49e-4b44-4c9a-9fad-8cc26c3729ff,1949-05-06,,999-58-2046,S99953834,X13081440X,Mr.,Mohammed454,Zulauf375,,,M,asian,nonhispanic,M,Boston  Massachusetts  US,250 Moen Rapid,Boston,Massachusetts,Suffolk County,2199.0,42.37084265304958,-71.00934317299563,201814.29,9819.96
a7d836dd-f5f3-40f3-adc2-19212293a7e7,1966-04-30,,999-97-1483,S99981481,X36904145X,Mr.,Benito209,Toy286,,,S,white,nonhispanic,M,Deerfield  Massachusetts  US,658 Brakus Lane,Boston,Massachusetts,Suffolk County,2114.0,42.34477797521768,-71.0557141678421,1185328.05,38418.57
33aeb000-e5c7-4417-a3a3-3d45a4cbb0d7,1936-07-06,2019-01-31,999-62-6638,S99974760,X55728393X,Mr.,Stefan297,Cummerata161,,,M,white,nonhispanic,M,Waltham  Massachusetts  US,1045 Boehm Forge Suite 2,Springfield,Massachusetts,Hampden County,,42.18114619731863,-72.53109044289887,70544.03,5904.679999999999
b537c1b7-4670-49ea-b399-7be91f1bd68c,1994-05-07,,999-58-4134,S99931100,X71871011X,Mr.,Donny470,Pfannerstill264,,,,white,nonhispanic,M,Springfield  Massachusetts  US,172 Goodwin Course Unit 24,Chelsea,Massachusetts,Suffolk County,2150.0,42.3821733383192,-71.00765717485989,597244.79,2948.08
d24f1aab-21a4-43c1-8b81-1306e7abedae,1972-08-08,,999-21-2376,S99948536,X69884692X,Mr.,Winston220,Connelly992,,,M,black,nonhispanic,M,Haverhill  Massachusetts  US,879 Walsh Common,Somerville,Massachusetts,Middlesex County,2144.0,42.36108106459274,-71.13235847397257,1095122.2,4028.76
0dfbe048-72eb-45f2-84ae-9987539cf7f3,1967-12-23,,999-62-9257,S99926300,X48199477X,Ms.,Billi682,Walter473,,,S,white,nonhispanic,F,Westminster  Massachusetts  US,336 Zieme Branch Suite 45,Brookfield,Massachusetts,Worcester County,1506.0,42.14511304252581,-72.05823139665098,1298478.9600000002,60748.96999999999
246a3f74-368a-47f1-a16b-52dd8a80f190,1962-10-30,,999-27-8559,S99916196,X23790225X,Mr.,Vincent299,Halvorson124,,,M,white,nonhispanic,M,Chelsea  Massachusetts  US,742 King Meadow Unit 79,Worcester,Massachusetts,Worcester County,1583.0,42.26994987169749,-71.84959892247143,1470279.62,7756.0
84314183-72ed-4c22-9a04-5e5b2e0794e2,2009-02-15,,999-54-2372,,,,Noella563,Mann644,,,,white,nonhispanic,F,Stoneham  Massachusetts  US,986 McGlynn Loaf,Brockton,Massachusetts,Plymouth County,,42.12416528827767,-71.04459263817678,274236.12,2775.68
ee300f3c-910f-420a-92ea-25b2b95b5012,1978-03-17,,999-52-9241,S99955698,X44300290X,Mrs.,Cherish740,Hoppe518,,Hirthe744,M,white,nonhispanic,F,Dracut  Massachusetts  US,700 Corkery Skyway,Boston,Massachusetts,Suffolk County,2118.0,42.3352277904584,-71.0866727849606,964489.3,5665.279999999999
e112c34a-4129-4cfa-b6ec-ec7a7d9729fd,1914-06-15,1991-08-03,999-61-8558,S99943132,X3045868X,Mrs.,Vi771,Strosin214,,Rowe323,M,white,nonhispanic,F,West Tisbury  Massachusetts  US,713 Veum Neck Suite 30,Wilmington,Massachusetts,Middlesex County,,42.51703528371177,-71.19747869568698,1466334.4,19881.12
8becfcc3-3a4f-4bdb-93f3-07abf03992cc,1991-09-30,,999-66-2853,S99912280,X57902654X,Mr.,Javier97,Villaseñor332,,,M,white,hispanic,M,Puebla  Puebla  MX,135 White Grove Apt 8,Hubbardston,Massachusetts,Worcester County,,42.50000155562628,-72.05115368041498,762003.24,2738.96
55ac9681-69e4-4573-8d79-ed34b594b940,1991-08-11,,999-78-4944,S99977864,X37793708X,Mrs.,Robyn562,Beatty507,,Steuber698,M,white,nonhispanic,F,New Bedford  Massachusetts  US,184 Beatty Green Apt 38,Foxborough,Massachusetts,Norfolk County,2035.0,42.08484788300349,-71.25091296083458,93280.86,11533.3
0610f3b6-1f87-4ad4-b518-5e667f3bf4f7,1961-09-29,,999-36-6046,S99922678,X43053818X,Mr.,Lonny638,Hodkiewicz467,,,M,white,nonhispanic,M,Wayland  Massachusetts  US,723 Romaguera Ramp Apt 82,Stoughton,Massachusetts,Norfolk County,,42.10782232823528,-71.08777312304649,1412307.45,5142.04
9ce420ca-b49d-4837-b403-408676fa2480,1993-04-28,,999-20-3352,S99998437,X78556191X,Mr.,Winfred745,Collier206,,,M,white,hispanic,M,Chelmsford  Massachusetts  US,539 Rice Skyway Suite 74,Springfield,Massachusetts,Hampden County,1108.0,42.07772181438136,-72.52613477432972,84061.86,6060.25
f530cd0f-a748-4276-8597-88c59b91f0e7,1974-04-05,,999-11-4567,S99945484,X4239856X,Ms.,Jewel43,Krajcik437,,,S,white,nonhispanic,F,Beverly  Massachusetts  US,375 Fritsch Drive,Waltham,Massachusetts,Middlesex County,2453.0,42.358759516297,-71.26520607169189,952056.42,8030.899999999999
b6d43f7f-3c21-4726-a389-872f1ea860e5,1992-12-29,,999-99-7402,S99991318,X46928418X,Mrs.,Anabel269,Bahringer146,,Koch169,M,white,nonhispanic,F,Walpole  Massachusetts  US,734 King Grove Suite 88,Newburyport,Massachusetts,Essex County,,42.78104216562251,-70.80639459660334,650743.09,4297.12
34e9d1dd-b3dc-4f59-8709-f50d4e686f70,1967-12-16,,999-41-5169,S99954980,X80125359X,Mrs.,Johanna547,Carter549,,Heathcote539,M,white,nonhispanic,F,Brewster  Massachusetts  US,1020 Terry Wall Apt 74,Attleboro,Massachusetts,Bristol County,2861.0,41.97210657600887,-71.33191253733476,1151517.43,8166.889999999999
6424de0f-c4b9-47ee-a182-9398b131a62e,2016-09-21,,999-71-6991,,,,Marivel862,Mosciski958,,,,white,nonhispanic,F,Wayland  Massachusetts  US,462 Swift Estate,Needham,Massachusetts,Norfolk County,2494.0,42.25645379784621,-71.21059667541604,95157.66,1826.56
c63bf886-33bc-40b1-8a32-4078a6d1bdf6,2006-06-06,,999-12-1844,,,,Eva64,Armijo730,,,,white,hispanic,F,Bogota  Bogota  CO,1038 Roob Common Unit 8,Attleboro,Massachusetts,Bristol County,,41.97647977051068,-71.33385606703658,329109.35,7160.199999999999
95333861-e088-4256-ba07-5027c9819818,2005-05-12,,999-49-4481,,,,Suk497,Roob72,,,,white,nonhispanic,F,Bellingham  Massachusetts  US,123 Gulgowski Mission,Lawrence,Massachusetts,Essex County,1843.0,42.72989843664092,-71.19196994585687,308653.71,2945.64
16d78ea8-309b-4975-a90d-7dca3a70b970,1965-05-12,,999-18-8899,S99938568,X70618897X,Ms.,Vita624,Walsh511,,,S,white,nonhispanic,F,Maynard  Massachusetts  US,178 Nolan Terrace,Hingham,Massachusetts,Plymouth County,2043.0,42.22034091882703,-70.92880014664068,1286409.69,9635.67
3d6a0f20-b72c-446d-a7a1-641b8287b693,1996-11-03,,999-43-4678,S99995617,X63481216X,Ms.,Latia151,Koepp521,,,,white,nonhispanic,F,New Bedford  Massachusetts  US,917 Strosin Skyway Suite 49,Barnstable,Massachusetts,Barnstable County,,41.72144464185873,-70.32245095832049,629440.24,2755.64
0fdb35b3-3daa-45d5-8b55-82c1514413da,1962-04-29,,999-51-4585,S99988498,X19079511X,Mr.,Juan88,Jaskolski867,,,S,white,nonhispanic,M,Waltham  Massachusetts  US,874 Jenkins Burg,Fall River,Massachusetts,Bristol County,2723.0,41.72210221983491,-71.10646995674183,1190571.45,4272.04
25d16954-0961-415a-ab3b-b614878946a2,1947-06-04,,999-34-6166,S99982556,X79668431X,Mrs.,Lavinia262,Nicolas769,,Price929,M,black,nonhispanic,F,Northborough  Massachusetts  US,948 Ratke View Apt 39,Boston,Massachusetts,Suffolk County,2110.0,42.36384138255743,-71.12660044299297,1599622.57,11295.27
546260b0-731f-43ef-b7da-fcd0991cecf9,2003-06-21,,999-98-4436,S99972230,,,Cammie978,Beatty507,,,,white,nonhispanic,F,Boston  Massachusetts  US,722 Heidenreich Street,Westfield,Massachusetts,Hampden County,,42.12831596988372,-72.75698169657352,410166.18,3348.92
70fc6c25-22e7-4ecb-9653-df66a40320e5,1955-09-25,,999-60-3752,S99946259,X81918963X,Mrs.,Arie325,Fisher429,,Stokes453,M,white,nonhispanic,F,Wilmington  Massachusetts  US,187 Halvorson Light Unit 76,Randolph,Massachusetts,Norfolk County,,42.18784916126858,-71.00273367692122,1428910.36,17198.69
0e1ab61c-d068-43ed-ad59-632e149c855b,1959-09-14,,999-36-3141,S99911831,X47295025X,Mr.,Whitney250,Jaskolski867,,,M,white,nonhispanic,M,Watertown  Massachusetts  US,351 Medhurst Highlands,Haverhill,Massachusetts,Essex County,1832.0,42.71344225121144,-71.05487330132831,1318849.13,4962.0
f2e58276-f50e-47d0-8346-2aa051284755,1997-05-29,,999-35-7422,S99986877,X10643098X,Mr.,Hobert364,Smith67,,,,white,nonhispanic,M,Worcester  Massachusetts  US,303 Luettgen Parade Apt 1,Springfield,Massachusetts,Hampden County,1103.0,42.13250524723517,-72.56443850746106,558972.5,8158.4
9740a261-a8ac-4cee-a356-a96c78bc078a,1961-05-25,,999-23-1362,S99991543,X36871212X,Mrs.,Dora90,Gerlach374,,Dickinson688,M,white,nonhispanic,F,Framingham  Massachusetts  US,872 Halvorson Key Suite 66,Harwich,Massachusetts,Barnstable County,,41.7185971828024,-70.09892798057292,1241737.41,18744.64
1d3c6caf-b343-4168-961c-820d68e353d9,1967-12-28,,999-22-2248,S99982157,X25274003X,Ms.,Lester513,Farrell962,,,S,white,nonhispanic,F,Brookline  Massachusetts  US,342 Hermiston Heights Apt 78,Worcester,Massachusetts,Worcester County,1606.0,42.19901755708166,-71.85340290435698,1141811.38,20297.939999999995
bf0aa092-6b8b-43dd-b437-9c9bf4a74cfc,1989-11-27,,999-32-2320,S99944337,X46689312X,Mr.,Johnathon489,Parisian75,,,M,white,nonhispanic,M,Medford  Massachusetts  US,311 Bechtelar Rue,Quincy,Massachusetts,Norfolk County,2171.0,42.28071753751789,-70.99508149228065,6005.32,0.0
ac5dd264-a817-4ef5-85a9-846f179e0d63,1989-01-25,,999-41-9830,S99953032,X42892664X,Mrs.,Kathrin605,Pfeffer420,,Kub800,M,white,nonhispanic,F,Quincy  Massachusetts  US,696 Greenfelder Lodge,Oak Bluffs,Massachusetts,Dukes County,,41.479462646446834,-70.55469998639104,682717.61,5621.459999999999
ad008692-e141-4a76-8ad9-edff72565e58,1955-07-21,,999-85-9171,S99919894,X73781892X,Mr.,Jere230,Ebert178,,,M,white,hispanic,M,Pittsfield  Massachusetts  US,358 Kuhn Crossing Suite 85,Southwick,Massachusetts,Hampden County,,42.00807043814645,-72.76984179764136,1413833.03,18252.54
a809038f-86f0-4ad5-901d-e0edeffb3afd,1961-06-04,,999-22-9591,S99911270,X66675469X,Mrs.,Kenya524,Mitchell808,,Raynor401,M,black,nonhispanic,F,Boston  Massachusetts  US,559 Kerluke Club,Lawrence,Massachusetts,Essex County,,42.65885403806005,-71.16892363572457,1365747.34,7735.079999999999
dbdf823b-8ebc-4cce-ae88-bb782ed6fa4a,2000-12-03,,999-87-1556,S99961341,,Ms.,Jamee262,Bashirian201,,,,black,nonhispanic,F,Lexington  Massachusetts  US,1082 Waelchi Gateway Apt 97,Fall River,Massachusetts,Bristol County,2721.0,41.66458398933404,-71.14484956258184,29554.24,433.2799999999999
e9d45cd3-725e-4b3c-aaab-e59868ee87d3,1944-05-03,,999-60-7519,S99932142,X65167238X,Mrs.,Cherilyn114,Wilderman619,,Haag279,M,black,nonhispanic,F,Billerica  Massachusetts  US,446 Schultz Orchard,Braintree,Massachusetts,Norfolk County,,42.19719260327344,-70.98463390209902,89126.44,54955.76
33a631c1-ac61-4459-8213-015cf1101646,1942-05-23,,999-10-3281,S99918853,X75582704X,Mrs.,Taryn906,Hudson301,,Cremin516,M,white,nonhispanic,F,Marblehead  Massachusetts  US,228 Okuneva Trafficway Unit 66,Sandwich,Massachusetts,Barnstable County,,41.68677215960509,-70.50876512690806,1420950.95,31149.48
88a3f1ba-2617-4ad5-b28f-cdf20dc05149,2011-02-11,,999-25-2431,,,,Bernadine674,Hintz995,,,,white,hispanic,F,Revere  Massachusetts  US,248 Parker Throughway Suite 79,Newton,Massachusetts,Middlesex County,2462.0,42.37169202487018,-71.20358850671872,27303.3,645.8
8d12674f-47c2-46a0-8874-e803300a017f,2015-01-13,,999-47-8164,,,,Magali989,Mante251,,,,white,nonhispanic,F,New Bedford  Massachusetts  US,855 Schoen Loaf Apt 30,Franklin,Massachusetts,Norfolk County,2038.0,42.12538186348466,-71.4152509259824,130140.98,1808.24
96f8e366-5a9d-4767-b241-e000887970b5,1949-11-07,2008-02-28,999-25-6945,S99992399,X30803426X,Mr.,Hershel911,Mraz590,,,S,white,nonhispanic,M,Dighton  Massachusetts  US,425 Kutch Trail Apt 10,Hopkinton,Massachusetts,Middlesex County,1748.0,42.23802488630908,-71.57537350715455,1738397.8,3337.2
e3d3b33b-0327-4712-be3b-6d6bf63b5ad2,1974-09-07,,999-17-1779,S99962004,X22157720X,Ms.,Sherie778,Fadel536,,,S,white,nonhispanic,F,Methuen  Massachusetts  US,868 Graham Bypass Suite 56,Goshen,Massachusetts,Hampshire County,,42.38844514189799,-72.84278608035174,1061071.69,6521.039999999999
7fa9c9e7-5119-45c7-a80b-9eb094896a9c,1939-03-05,,999-43-1865,S99992313,X56079881X,Ms.,Lynna524,Rath779,,,S,white,nonhispanic,F,Buckland  Massachusetts  US,1029 Mante Bay Unit 94,Boston,Massachusetts,Suffolk County,2152.0,42.29540686463552,-71.0248581805538,1537654.08,10665.38
5b90cf41-13b2-4ac7-b52a-955452ebc528,1954-02-22,,999-31-9430,S99941332,X5341578X,Mr.,Irvin970,Pacocha935,,,M,white,nonhispanic,M,Barnstable  Massachusetts  US,411 Block Vista,Granby,Massachusetts,Hampshire County,,42.21852932980327,-72.53821818049936,1493670.64,6126.86
2001199a-8c7a-4ea4-b878-c3e946a717c7,1976-11-16,,999-87-5353,S99927823,X65408785X,Mr.,Lawrence741,Ernser583,,,M,white,nonhispanic,M,Dartmouth  Massachusetts  US,779 Roberts Gate Apt 70,Newton,Massachusetts,Middlesex County,2459.0,42.3034161341045,-71.22925910518937,950668.54,11069.75
5d69cd93-81ab-478f-92e4-2c15a4a8f2a2,2011-12-13,,999-16-2691,,,,Janessa317,Gutkowski940,,,,white,nonhispanic,F,Cambridge  Massachusetts  US,911 Roberts Annex,Springfield,Massachusetts,Hampden County,1106.0,42.07999190752322,-72.59661859629914,198507.34,2728.16
af72c3e9-8d74-4835-8547-d9b92c68b5c8,1982-09-18,,999-31-2354,S99910999,X25920518X,Mrs.,Cristy798,Emmerich580,,Bauch723,M,asian,nonhispanic,F,Marshfield  Massachusetts  US,803 Hilll Crossing,Wilbraham,Massachusetts,Hampden County,1095.0,42.12740422965571,-72.43018332859448,126593.15,20841.28
96816638-00d0-4d95-a8f5-61c8846baebc,1995-09-19,,999-22-5451,S99934154,X80863371X,Mr.,Alva958,Moen819,,,,white,nonhispanic,M,Wayland  Massachusetts  US,895 Schaefer Parade Apt 10,Northampton,Massachusetts,Hampshire County,1053.0,42.31363157378401,-72.66422854295824,542111.83,6251.77
7f80da7d-97a8-44e9-a2d3-149fc4544a88,1925-07-16,2006-12-12,999-10-9252,S99942134,X84546373X,Ms.,Lucia634,Schmeler639,,,S,white,nonhispanic,F,Acton  Massachusetts  US,277 Armstrong Path Apt 55,Adams,Massachusetts,Berkshire County,,42.645279115760665,-73.14570490412886,1601439.59,68193.78999999998
0b836d24-1998-443d-a1bc-19464fd4e797,1915-08-10,2002-05-28,999-60-6548,S99958208,X20220970X,Mrs.,Leandra549,Predovic534,,Ritchie586,M,white,nonhispanic,F,Fairhaven  Massachusetts  US,1088 Pouros Boulevard,Pepperell,Massachusetts,Middlesex County,1463.0,42.62810202517516,-71.62404086687864,1489057.62,89730.95000000001
db75f748-61bc-496c-b0cb-9bd14c69844f,1973-07-05,,999-83-4602,S99923755,X21073053X,Mrs.,Joye57,Hermiston71,,Leuschke194,M,white,nonhispanic,F,Hudson  Massachusetts  US,384 Koch Dale,Cambridge,Massachusetts,Middlesex County,2138.0,42.41298002725728,-71.1784843352347,1190909.31,6297.799999999999
ee6aad12-bfd5-4698-b599-1b4a322466a0,1948-10-12,2020-03-27,999-21-8521,S99939360,X82530083X,Mr.,Harry448,Kiehn525,,,M,white,nonhispanic,M,Norfolk  Massachusetts  US,709 Waters Parade,Wilmington,Massachusetts,Middlesex County,,42.580202333028346,-71.15703126893274,1521679.85,14725.02
e31e2fd9-a623-4f9b-9792-e6c0d96a22c1,1915-08-10,1977-03-04,999-55-4216,S99959020,X25054815X,Ms.,Gita759,Dickinson688,,,S,white,nonhispanic,F,Quincy  Massachusetts  US,725 Mraz Walk Apt 19,Pepperell,Massachusetts,Middlesex County,1463.0,42.63665201193064,-71.57905341209373,1533791.22,8333.24
04e9f1da-4a83-4dd0-9cc2-b57ebadecedf,1941-05-03,,999-42-3305,S99940847,X30078062X,Mrs.,Maybelle917,Rodriguez71,,Pfannerstill264,M,white,nonhispanic,F,Lincoln  Massachusetts  US,252 Altenwerth Well,Newton,Massachusetts,Middlesex County,2465.0,42.35807137574992,-71.1478242110227,1588153.62,11608.879999999996
721f2ead-aa64-4bcd-94a9-52f4160fe2f4,1922-10-04,1991-04-04,999-82-2232,S99996135,X30351912X,Mr.,Roscoe437,Kutch271,,,M,white,nonhispanic,M,Marshfield  Massachusetts  US,289 Wisoky Hollow,Needham,Massachusetts,Norfolk County,,42.235318340009705,-71.22837288941979,1657333.25,45151.21
a05103ee-e1af-4b2a-888a-ab74ee8a67ba,1925-07-16,1980-11-07,999-21-3478,S99964335,X80799219X,Mrs.,Lizzie15,Goldner995,,Ondricka197,M,white,nonhispanic,F,Boston  Massachusetts  US,711 Emmerich Trail Unit 63,Adams,Massachusetts,Berkshire County,,42.59035928839233,-73.16317565736533,1320061.85,8832.479999999998
c3ef3736-fb2d-40d5-84f9-fcec7c549742,2012-01-21,,999-39-4748,,,,Lonny638,Stehr398,,,,white,nonhispanic,M,Melrose  Massachusetts  US,1088 Sipes Knoll,Cambridge,Massachusetts,Middlesex County,,42.35518354753001,-71.0848604380486,212600.6,2610.68
90197d82-42d9-46aa-873f-0b3143ce7ee8,1978-12-27,2013-01-30,999-83-8572,S99910575,X28229932X,Mr.,Margarito178,Weber641,,,S,white,nonhispanic,M,Hudson  Massachusetts  US,995 Purdy Rapid Unit 97,Springfield,Massachusetts,Hampden County,1105.0,42.19238580098878,-72.63375827292288,915846.21,3499.72
7032ee1f-1d4d-4fca-8c1d-3faa334e67ec,2011-02-04,,999-88-5361,,,,Rutha66,Morar593,,,,white,nonhispanic,F,Boston  Massachusetts  US,534 Blick Haven,Barre,Massachusetts,Worcester County,1005.0,42.40636120405308,-72.15851203329396,196335.64,2619.84
3a9a97e2-4d3d-4949-9a0c-8b5dfc99e157,1988-06-23,,999-50-5413,S99963259,X41004165X,Mrs.,Belva820,Monahan736,,Schmitt836,M,white,nonhispanic,F,Ashland  Massachusetts  US,464 Heathcote Corner Suite 27,Lowell,Massachusetts,Middlesex County,1850.0,42.6013469823821,-71.31858812986641,655770.0,8122.779999999999
11d48cc3-4847-4cf3-8463-e9740bfb5be4,1978-12-25,,999-71-1590,S99957124,X83360021X,Ms.,Danuta945,McGlynn426,,,S,white,nonhispanic,F,Quincy  Massachusetts  US,609 Paucek Track Unit 60,Winthrop,Massachusetts,Suffolk County,2128.0,42.3940189173105,-71.04466524987461,822183.7,15261.869999999995
7926d92c-55e8-483a-973a-e904702bfe51,1992-02-28,,999-34-1700,S99917224,X61757373X,Mr.,Edwardo860,Schmeler639,,,M,asian,nonhispanic,M,Hong Kong  Hong Kong Special Administrative Region  CN,453 Kirlin Gate Suite 83,Waltham,Massachusetts,Middlesex County,2452.0,42.43578378385297,-71.24851836244784,751610.65,3439.76
6ad94c4a-8eb2-43aa-ae8d-11625aa2f136,1987-08-25,,999-16-3399,S99983979,X80097920X,Mrs.,Tonette11,Kuphal363,,Weissnat378,M,white,nonhispanic,F,Worcester  Massachusetts  US,825 Howe Gardens,Belmont,Massachusetts,Middlesex County,2138.0,42.363002706232784,-71.18379491745378,763008.9500000001,15601.109999999995
9e0202a4-55f4-4cc6-9f6b-9754f07edb57,1923-03-09,,999-77-5147,S99996789,X25579400X,Mr.,Jere230,Gleichner915,,,S,white,nonhispanic,M,Somerville  Massachusetts  US,465 Christiansen Quay Suite 74,Peru,Massachusetts,Berkshire County,,42.41732975504789,-73.05172149473482,1743574.88,10936.6
8df3d29d-c0ac-4b8d-b659-57f5703e21e0,1988-06-28,,999-66-2471,S99960981,X85907460X,Mrs.,Indira327,Reinger292,,Ritchie586,M,white,nonhispanic,F,Norton  Massachusetts  US,893 Schmitt Avenue Suite 35,Revere,Massachusetts,Suffolk County,2151.0,42.45949789838927,-70.99210304420762,687614.51,11044.679999999997
dcebc71a-1a1d-4241-9a04-155f7949d561,1985-01-31,,999-85-8264,S99945507,X34012864X,Mrs.,Angeles319,Emard19,,Turcotte120,M,white,nonhispanic,F,Acton  Massachusetts  US,517 Terry Gateway,Brockton,Massachusetts,Plymouth County,2351.0,42.07433189350795,-71.05192769403644,726471.03,4320.36
6462293d-d2ac-48d0-a2d9-9ce028cb4d96,2002-01-11,,999-50-5947,S99918150,,Mr.,Forest317,Schimmel440,,,,white,nonhispanic,M,Waltham  Massachusetts  US,617 Dibbert Crossing,New Bedford,Massachusetts,Bristol County,2746.0,41.69071463071296,-70.97703087983083,15994.489999999998,0.0
dfa2366c-b6c4-454f-9e19-be4c94fa9609,1925-07-16,1997-05-05,999-41-6596,S99980755,X62320304X,Ms.,Hallie315,Flatley871,,,S,white,nonhispanic,F,Sutton  Massachusetts  US,758 Bergstrom Park,Adams,Massachusetts,Berkshire County,1220.0,42.63918794661132,-73.10117341590791,1508934.91,41400.45
08f4204a-a7bb-43b5-86c1-2fe37efb4ca8,1990-04-19,,999-51-5662,S99914151,X48022513X,Ms.,Beryl690,Rath779,,,S,white,nonhispanic,F,Salisbury  Massachusetts  US,991 Blanda Drive,Haverhill,Massachusetts,Essex County,1835.0,42.73881233816527,-71.11045837704403,597697.01,7056.49
a8304a2c-a610-4c03-8593-113fc4be251c,1974-12-21,,999-77-8296,S99939352,X82557585X,Ms.,Genevie117,Bernier607,,,S,white,nonhispanic,F,Dover  Massachusetts  US,681 Howell Neck Apt 92,Boston,Massachusetts,Suffolk County,2122.0,42.39746301295272,-71.00142167867068,902714.71,9426.95
8028cab9-49b1-459c-9b3f-f416ffd6c16e,1922-10-04,1990-02-15,999-58-1996,S99977420,X71047939X,Mr.,Kendall673,Robel940,,,M,white,nonhispanic,M,Marlborough  Massachusetts  US,232 Schimmel Gateway,Needham,Massachusetts,Norfolk County,2492.0,42.31496171500008,-71.213760869288,1807960.06,197827.1000000001
a9f9618f-b483-4c80-bed2-ef8dfdb1409b,1996-12-31,,999-46-8772,S99942399,X3344556X,Mr.,Hosea56,Rempel203,,,,white,nonhispanic,M,Beverly  Massachusetts  US,348 Welch Promenade,West Brookfield,Massachusetts,Worcester County,1585.0,42.24085824859254,-72.15680894337619,480030.1,2729.76
12ffe4ba-eea5-49f6-98d1-81183467a667,1954-05-05,,999-34-2003,S99972577,X18982059X,Mrs.,Cinda869,Fay398,,Johnson679,M,black,nonhispanic,F,Easthampton  Massachusetts  US,229 Schuster Station Suite 19,Dedham,Massachusetts,Norfolk County,2026.0,42.20709126335315,-71.22826364897897,1428199.58,10807.319999999998
3d48f21c-e9b1-4a8e-b801-03ebb955e037,1965-07-20,,999-72-1613,S99913336,X85129667X,Mrs.,Rosalina69,Grady603,,Nienow652,M,white,hispanic,F,Brockton  Massachusetts  US,465 Tromp Ferry,Ware,Massachusetts,Hampshire County,1082.0,42.29025444677638,-72.25379030069075,143140.44,13441.41
16263848-c428-4df5-8a2a-ab7420342e2c,1925-07-16,2013-07-27,999-42-7101,S99982343,X9196477X,Mrs.,Madie300,Swaniawski813,,King743,M,white,nonhispanic,F,Methuen  Massachusetts  US,857 Legros Quay Apt 81,Adams,Massachusetts,Berkshire County,,42.60405015761854,-73.14512231446724,1444927.25,40164.34999999999
07a03a97-a4bc-4136-9195-1d5b91f3eaa8,1957-03-09,,999-79-2601,S99955130,X78637767X,Mr.,Lawrence741,Goyette777,,,M,white,nonhispanic,M,Hull  Massachusetts  US,157 Runolfsson Trailer,Tewksbury,Massachusetts,Middlesex County,,42.61523754129392,-71.27164350606442,1311962.52,6232.639999999999
e9eeab55-39de-4632-8dd8-f14fa492f5d0,1957-02-25,,999-19-9734,S99983533,X33390468X,Mrs.,Florentina22,Rippin620,,Mueller846,M,black,nonhispanic,F,North Adams  Massachusetts  US,961 Steuber Trailer,Boston,Massachusetts,Suffolk County,2110.0,42.457775896700205,-70.96873572612952,1255408.44,11902.289999999995
a5e0d6cb-71e0-43fc-b2ee-bbff886d8ec5,1979-01-15,,999-88-3496,S99917719,X56911498X,Mrs.,Nieves278,Stracke611,,Stehr398,M,white,nonhispanic,F,Attleboro  Massachusetts  US,229 Collier Estate,Boston,Massachusetts,Suffolk County,2132.0,42.43199832474556,-71.0249572836568,131675.7,11194.03
4b0e55ae-71c1-479b-b5a6-e06cedcde007,1972-09-29,,999-12-8221,S99953617,X4728013X,Mr.,Lindsey52,Price929,,,M,white,nonhispanic,M,Haverhill  Massachusetts  US,187 Grady Mill Apt 10,Springfield,Massachusetts,Hampden County,1199.0,42.13973795668475,-72.49973181296295,1162893.41,8610.039999999999
f18df2f2-892c-4590-8701-89fa9fb762ab,1996-03-30,,999-77-5912,S99961417,X81652097X,Ms.,Dalia295,Rosenbaum794,,,,white,nonhispanic,F,Dracut  Massachusetts  US,796 Heller Grove,Dartmouth,Massachusetts,Bristol County,,41.5228169075186,-70.99427851502715,643493.71,2755.64
d6c72884-b3ae-4685-8fa7-aa56f0c1de85,1996-12-22,,999-36-3016,S99965197,X64035089X,Mr.,Dominique369,Ernser583,,,,white,nonhispanic,M,Brockton  Massachusetts  US,1066 Becker Road Suite 61,Waltham,Massachusetts,Middlesex County,,42.3631124694815,-71.2318743974224,625309.04,2810.64
fc619efd-3c3f-404a-ab68-9c65efb3d933,1936-05-11,,999-64-1172,S99951589,X82073959X,Mr.,Jefferey580,Yundt842,,,M,white,nonhispanic,M,Worcester  Massachusetts  US,579 Franecki Union,Westfield,Massachusetts,Hampden County,,42.13099626406954,-72.7114310210107,1391920.5,6978.57
5f998e53-1378-487a-a8b4-61ac53748e00,1928-02-20,,999-91-7780,S99947861,X26610522X,Mrs.,Leota851,Hickle134,,Hackett68,M,white,nonhispanic,F,Douglas  Massachusetts  US,626 Towne Trail,West Tisbury,Massachusetts,Dukes County,,41.400001326928106,-70.6582554559575,1434106.65,81281.33999999998
af6679a4-670b-4437-b252-b75c9c4170c1,1971-08-24,,999-64-3709,S99945860,X19944991X,Ms.,Rosalia943,Greenfelder433,,,S,white,nonhispanic,F,Saugus  Massachusetts  US,1009 Rolfson Alley Apt 60,Norton,Massachusetts,Bristol County,,41.91941829048983,-71.1695927422107,1087940.14,8360.249999999998
c0a2ca22-468e-46d0-8fed-bfb0ddf9ed48,2007-11-15,,999-10-4418,,,,Ricardo560,Steuber698,,,,white,nonhispanic,M,Gloucester  Massachusetts  US,972 Kautzer Gate Unit 7,Boston,Massachusetts,Suffolk County,2110.0,42.32916990095085,-71.09644094840193,302616.06,2969.0
97757a50-25b8-406f-a6ef-9d369f4c9ac6,1998-12-09,,999-80-2116,S99928730,X59639637X,Ms.,Juana825,Chavarría957,,,,white,hispanic,F,Havana  Havana  CU,284 Ratke Ville Suite 76,Ludlow,Massachusetts,Hampden County,,42.18721021228242,-72.48241268517269,447991.33,6675.079999999998
57c04d74-2431-41ea-9a14-68970fdea6db,1948-08-20,,999-23-5484,S99913946,X72621229X,Mr.,Micheal721,Barton704,,,M,white,nonhispanic,M,Revere  Massachusetts  US,753 Runolfsson Vista,Medford,Massachusetts,Middlesex County,2155.0,42.43924121210316,-71.08289983535997,1767738.77,8372.08
c534cd86-146c-4759-a10e-304f6df07b30,1964-11-25,,999-32-8328,S99993186,X17480028X,Mr.,Ezekiel373,Luettgen772,,,M,white,nonhispanic,M,Fall River  Massachusetts  US,264 Barton Way,Newton,Massachusetts,Middlesex County,2465.0,42.3014383387151,-71.24896661153247,1340570.48,9504.079999999998
5578f772-2227-4a59-9610-9a69d20169aa,1950-02-28,,999-51-9647,S99987463,X24181773X,Mrs.,Evelia928,Cormier289,,Kessler503,M,black,nonhispanic,F,Gardner  Massachusetts  US,505 Grady Avenue,Duxbury,Massachusetts,Plymouth County,,42.02782966446012,-70.6774289158097,244127.36,28101.53
b00953d9-c455-40cd-9fa4-727b432d1951,1998-02-02,,999-48-9968,S99956158,X75148637X,Mr.,Fermin479,Batz141,,,,white,nonhispanic,M,Braintree  Massachusetts  US,1040 Hauck Light,Lynn,Massachusetts,Essex County,1940.0,42.42606050838341,-70.96668777450276,68901.85,4832.03
6d2cbe01-2d02-4c98-b47d-88b6b13465d2,1946-01-26,,999-19-3485,S99948526,X16576480X,Mr.,Vito638,Conn188,,,M,white,nonhispanic,M,Marblehead  Massachusetts  US,451 D'Amore Run,Newton,Massachusetts,Middlesex County,2467.0,42.28499412906278,-71.19702502968457,1361084.07,6337.679999999999
7ca6013c-2f88-47ee-9be0-4a2937a3558c,1951-07-30,,999-11-5524,S99933550,X58041085X,Mrs.,Cari853,Bosco882,,McDermott739,M,white,nonhispanic,F,Revere  Massachusetts  US,814 Zboncak Harbor,New Bedford,Massachusetts,Bristol County,2740.0,41.6636317405765,-71.04206657918351,1614067.22,10718.749999999998
704cab48-9459-45ed-ae1e-434f93caa879,2010-02-28,,999-83-9950,,,,Ken316,Hane680,,,,white,nonhispanic,M,Bellingham  Massachusetts  US,604 Metz Trace Suite 64,Hudson,Massachusetts,Middlesex County,1749.0,42.4263940604711,-71.49965735440858,210357.93,2945.64
71b686c2-28c1-4866-9dc9-699388300cca,2000-11-09,,999-12-1722,S99968311,,Mr.,Ervin886,Altenwerth646,,,,white,nonhispanic,M,Taunton  Massachusetts  US,521 Schaden Promenade,Spencer,Massachusetts,Worcester County,,42.25096216205887,-72.03213972474498,60740.71,4390.67
237b5e52-aa04-47e3-87df-9016fa37b18b,1990-02-25,,999-21-3930,S99985397,X3844216X,Ms.,Carmina141,O'Conner199,,,S,white,nonhispanic,F,Marshfield  Massachusetts  US,156 Bergnaum Ramp,Medford,Massachusetts,Middlesex County,2145.0,42.389303033345946,-71.14873873984544,615857.15,7015.659999999999
9bbd837b-9576-4a36-a201-ff51fedb8ce5,1964-07-29,,999-27-1736,S99970836,X57022229X,Mrs.,Lily490,Thiel172,,Streich926,M,black,nonhispanic,F,Saugus  Massachusetts  US,113 Schaefer Throughway Unit 52,Revere,Massachusetts,Suffolk County,,42.37506983315285,-70.97457817318917,176820.99,13759.149999999998
77a7cc30-8d6e-4db5-8937-44253a48a1d4,1958-09-24,,999-98-9721,S99937316,X83857157X,Mr.,Eric487,Frami345,,,S,white,nonhispanic,M,Upton  Massachusetts  US,505 Schowalter Rest,Milton,Massachusetts,Norfolk County,2186.0,42.19280266334531,-71.12575427904609,1414685.99,5535.32
82f55d43-391b-4304-b758-cddced34eda7,1978-03-03,,999-15-9007,S99915921,X51850806X,Mrs.,Lupe126,Reilly981,,Lynch190,M,white,nonhispanic,F,Duxbury  Massachusetts  US,631 Purdy Trailer,North Reading,Massachusetts,Middlesex County,,42.556393724857465,-71.1203177111484,899180.39,13948.589999999998
841fb2a4-474a-4dd7-8688-9e074ef270bf,1963-01-11,,999-76-6660,S99982153,X85554378X,Mr.,Walton167,Walter473,,,M,white,nonhispanic,M,Sutton  Massachusetts  US,905 Runte Street,Norwood,Massachusetts,Norfolk County,,42.17739518084576,-71.18802534342625,1314679.35,5029.52
46d2e12c-e7ad-4c1a-a45d-6e1dd6e2a4ff,1981-12-14,,999-62-2385,S99918842,X16916841X,Mrs.,Martin117,Hamill307,,Roberts511,M,black,nonhispanic,F,Lowell  Massachusetts  US,944 Kuhn Divide Suite 60,Carver,Massachusetts,Plymouth County,,41.83429732764236,-70.75553027395937,804335.59,11027.66
7631343f-05d3-4cb4-a0f8-78642e1cca7c,1996-11-23,,999-41-7041,S99929149,X41617256X,Ms.,Leonida214,Jast432,,,,white,nonhispanic,F,Shrewsbury  Massachusetts  US,1031 Howell Landing,Fitchburg,Massachusetts,Worcester County,,42.65141568871858,-71.78864717504658,635602.85,3143.12
33210f9c-7441-4654-ab22-5f69ecd57c31,1958-10-22,2020-03-14,999-88-9188,S99924951,X36554968X,Mr.,Marvin195,Bradtke547,,,S,white,nonhispanic,M,Malden  Massachusetts  US,256 Sanford Branch,Lowell,Massachusetts,Middlesex County,,42.69689054801733,-71.3110022491581,1567370.2000000002,7894.32
91b5ea44-66bf-4bfd-b3f6-2ca36b83b0f3,2001-10-17,,999-38-5533,S99988392,,Mr.,Ollie731,Gleichner915,,,,white,nonhispanic,M,Kraków  Lesser Poland  PL,436 Dickinson Row Apt 16,Saugus,Massachusetts,Essex County,1906.0,42.45593649457059,-70.97064954360714,494833.72,2772.32
6b5301c0-f771-40eb-b8b5-74b18896fe5c,1994-06-01,,999-87-4994,S99960051,X76275692X,Mr.,Kirk871,DuBuque211,,,,white,hispanic,M,Dartmouth  Massachusetts  US,1030 Cummings Well Apt 91,Pittsfield,Massachusetts,Berkshire County,1201.0,42.46914909111957,-73.27568388685701,534748.02,3184.72
b2c192b5-88b7-49b9-9598-f5e25b988493,2004-12-15,,999-79-9034,,,,Denny560,Davis923,,,,white,nonhispanic,F,Shrewsbury  Massachusetts  US,108 Carter Underpass,Boston,Massachusetts,Suffolk County,2120.0,42.27120836078392,-71.04802604404652,12230.45,982.44
f70f8235-83a0-4ee3-8167-50ee46c392dd,2013-07-13,,999-74-1370,,,,Jadwiga271,Walter473,,,,black,nonhispanic,F,Milford  Massachusetts  US,452 Kihn Frontage road Apt 29,Randolph,Massachusetts,Norfolk County,,42.21371965220849,-71.03075913730146,174820.3,2352.36
ef356e6f-4ff3-49a9-ba18-3b6d270d216d,1953-01-03,2013-07-22,999-55-1226,S99924567,X49124812X,Mrs.,Reginia455,Bode78,,Cruickshank494,M,white,nonhispanic,F,Sturbridge  Massachusetts  US,416 Murazik Center,Wenham,Massachusetts,Essex County,,42.61841866394457,-70.84818396230641,1244656.2,12812.169999999998
591db25f-8c45-425f-8c4c-c52daacd7ac2,2001-08-03,,999-50-4737,S99936091,,Ms.,Bette450,Walsh511,,,,white,hispanic,F,Salem  Massachusetts  US,111 Wolff Heights Apt 81,Westfield,Massachusetts,Hampden County,1085.0,42.13283438760377,-72.81546883139256,4752.16,0.0
863ba64b-4bc5-44cb-9f34-12d177cde6f2,1976-12-04,,999-90-6603,S99969299,X59343983X,Mrs.,Dorothy355,Beatty507,,Grant908,M,black,nonhispanic,F,Worcester  Massachusetts  US,873 Leuschke Park Apt 64,Hingham,Massachusetts,Plymouth County,,42.22903997960869,-70.87561767175693,1011691.76,7673.82
87fad9de-be25-4682-8613-b3a69bbead31,1953-01-03,,999-71-2742,S99955455,X52279465X,Ms.,Melodie819,Turner526,,,S,white,nonhispanic,F,Salisbury  Massachusetts  US,658 Adams Bridge Suite 28,Wenham,Massachusetts,Essex County,,42.615288922366105,-70.86817814465955,1451238.05,12930.959999999995
8c9cbfec-6ced-4c29-b6f6-37452a7adc7c,1935-10-10,2020-03-17,999-12-7320,S99915689,X32755290X,Mrs.,Kizzy275,Greenfelder433,,Huels583,M,white,nonhispanic,F,Hopkinton  Massachusetts  US,352 Howe Fort,Falmouth,Massachusetts,Barnstable County,,41.58444407949316,-70.59266688871716,1279060.21,77034.55000000002
08653edb-39d8-464e-9fc3-f08edb4c5043,1962-05-19,,999-57-7323,S99912604,X1953552X,Ms.,Elsa29,Leal292,,,S,black,hispanic,F,Wesley  Saint Andrew Parish  DM,225 Mertz Pathway,Arlington,Massachusetts,Middlesex County,,42.4132236954641,-71.13684239627358,1140029.77,16417.559999999998
f4135ae3-1791-4c76-b375-257f0526416d,1961-02-26,,999-74-3143,S99956050,X56840603X,Mr.,Doyle959,Morissette863,,,M,white,nonhispanic,M,Berkley  Massachusetts  US,1019 Zemlak Junction,Natick,Massachusetts,Middlesex County,,42.301163131786005,-71.3441613284158,1292379.81,18070.71
c257a847-2050-4597-93c1-64e948866dc6,1941-04-12,,999-11-9595,S99952357,X5087062X,Mrs.,Ossie995,Schuster709,,Hickle134,M,white,nonhispanic,F,Boston  Massachusetts  US,897 Bosco Fork Suite 72,Bourne,Massachusetts,Barnstable County,,41.675409801436594,-70.55123113320876,297089.61,28602.14
e34512f1-7fc1-48ca-884e-88065faad075,1954-02-19,,999-51-8017,S99940261,X53130482X,Mr.,Donte636,Koch169,,,M,white,nonhispanic,M,Lenox  Massachusetts  US,784 Kerluke Divide,Northampton,Massachusetts,Hampshire County,1063.0,42.28580252488952,-72.62560123624597,1647573.87,5899.52
f42734e3-05fb-4524-b1a2-829aefab9a28,2015-06-24,,999-80-1932,,,,Angeline97,Nikolaus26,,,,white,nonhispanic,F,Natick  Massachusetts  US,650 Schumm Approach,Newton,Massachusetts,Middlesex County,2464.0,42.29758398291641,-71.19791733732919,107536.44,2599.8
717015f9-8b1c-4ae0-be94-8c1290ed21fd,1946-09-20,,999-85-6562,S99925577,X23933155X,Mr.,Rodger755,Homenick806,,,M,white,nonhispanic,M,Longmeadow  Massachusetts  US,790 Conn Lodge Unit 80,Bridgewater,Massachusetts,Plymouth County,2324.0,41.98213942111192,-70.94245791267238,1595386.88,7666.809999999999
e449c033-f545-4555-9b45-5d5c3b695670,2019-06-23,,999-36-9492,,,,Normand813,Fahey393,,,,black,nonhispanic,M,Whitman  Massachusetts  US,557 Becker Corner,Plymouth,Massachusetts,Plymouth County,2360.0,41.88633023358174,-70.65233064838978,24260.0,902.4399999999998
98adf8df-67c6-4858-aa6b-087ee2370249,1989-04-30,,999-96-3165,S99939542,X10440338X,Mr.,Ross213,Ferry570,,,S,white,nonhispanic,M,Weymouth  Massachusetts  US,996 Effertz Ramp Suite 55,Norton,Massachusetts,Bristol County,,41.9321575121956,-71.17595649359548,716732.42,7171.729999999999
bd47041b-0419-43af-adcf-ce22082d18a9,1965-09-29,,999-47-8522,S99931549,X883541X,Mr.,Issac619,Trantow673,,,M,black,nonhispanic,M,Medford  Massachusetts  US,363 Torphy Rest Suite 69,Boston,Massachusetts,Suffolk County,2163.0,42.40660548277604,-71.03679946594015,1199808.03,15699.8
2c6fa163-4e17-4fca-b1dc-bbddc7b3bafd,1966-07-16,,999-39-8885,S99921533,X3215792X,Mrs.,Tu721,Hauck852,,Oberbrunner298,M,white,nonhispanic,F,Framingham  Massachusetts  US,396 Botsford Brook Suite 4,Fall River,Massachusetts,Bristol County,,41.71079454687826,-71.14362737734498,39884.25,2685.2699999999995
f6ba43a0-6fba-4015-bc35-dee00fb833c2,1951-08-07,2020-04-04,999-33-7693,S99943280,X8431616X,Mr.,Julian715,Kuphal363,,,M,white,nonhispanic,M,Attleboro  Massachusetts  US,1090 Pfannerstill Ramp Unit 13,Hingham,Massachusetts,Plymouth County,2043.0,42.186854044329245,-70.91742704018897,222719.35,11333.53
c4798677-2af1-463d-8494-9a3ed1d8ea26,1927-06-09,2019-11-18,999-25-6646,S99919311,X54393450X,Mr.,Rusty501,Dach178,,,S,white,nonhispanic,M,Sunderland  Massachusetts  US,248 VonRueden Lane,Holyoke,Massachusetts,Hampden County,,42.22512874719421,-72.66925318021931,118630.99,6193.95
f4b91f48-84e8-414b-9b44-9211a44ef915,1967-07-12,,999-52-9869,S99978082,X65992254X,Mr.,Mauricio81,Beier427,,,M,asian,nonhispanic,M,Bangalore  Karnataka  IN,514 Schumm Rest,Billerica,Massachusetts,Middlesex County,,42.55388474274415,-71.23028588243425,1150616.79,12243.44
3e698b9c-6499-479b-88e5-d4f051057fe2,2008-05-04,,999-67-4524,,,,Florentino8,Hudson301,,,,white,hispanic,M,Methuen  Massachusetts  US,189 White Vista,Northborough,Massachusetts,Worcester County,1532.0,42.33058744968964,-71.67096281642813,275868.85,3008.16
e2dce73c-ac2f-4b66-a3ce-fcc3493b8a87,1951-07-26,,999-30-7435,S99993731,X508272X,Ms.,Christina143,Volkman526,,,S,black,nonhispanic,F,Boston  Massachusetts  US,118 Kovacek Wall,Marshfield,Massachusetts,Plymouth County,,42.15349669389791,-70.7072829900474,1311254.34,16319.869999999995
518cd891-4f3e-439f-b31a-0708d800472e,1967-06-01,,999-90-8224,S99923447,X10287320X,Mr.,Barry322,Grimes165,,,M,white,nonhispanic,M,Lynn  Massachusetts  US,1046 Koepp Boulevard,West Boylston,Massachusetts,Worcester County,,42.375017253372015,-71.7357968997905,1087612.17,4621.96
6fa5706b-4afa-45f7-a847-f030dbe0c141,1929-05-26,2020-03-14,999-52-4288,S99951109,X2797263X,Mrs.,Brianna665,Mitchell808,,Hoppe518,M,white,nonhispanic,F,Boston  Massachusetts  US,141 Reinger Orchard,Lowell,Massachusetts,Middlesex County,,42.67203913222505,-71.30312868434595,1578194.55,39277.66
cc750307-117b-4b8f-a9cc-1616f6a5c90d,1957-11-28,,999-43-9334,S99928726,X64346968X,Mr.,Antonio44,Orn563,,,S,white,nonhispanic,M,Lawrence  Massachusetts  US,940 Balistreri Walk Unit 17,Upton,Massachusetts,Worcester County,1568.0,42.16703085219619,-71.5879026815375,1285444.05,5464.4
56a2fbf2-a467-4f80-bd07-9570a4233adf,1978-02-02,,999-52-1139,S99974844,X36711825X,Mrs.,Tammy740,D'Amore443,,Little434,M,white,nonhispanic,F,Auburn  Massachusetts  US,745 Waelchi Glen Unit 50,Milton,Massachusetts,Norfolk County,,42.26136381211716,-71.12949347481882,882805.32,9619.229999999998
84058463-fe27-4289-a5f4-264447b2f7ac,2017-03-22,,999-81-3947,,,,Juli424,Wunsch504,,,,white,nonhispanic,F,Abington  Massachusetts  US,896 Luettgen Fort Unit 27,Pepperell,Massachusetts,Middlesex County,1463.0,42.62141205930745,-71.57678994868796,78390.0,1805.72
098f0200-b009-4ed0-a171-d98da0baa94a,2013-05-03,,999-79-4726,,,,Marvin195,Kemmer137,,,,white,nonhispanic,M,Northborough  Massachusetts  US,526 Herman Track Unit 67,Barnstable,Massachusetts,Barnstable County,2673.0,41.6480252655325,-70.42521362831067,178864.71,2481.52
086b568d-843c-4af7-bca2-34c8febc16f1,1964-06-09,,999-52-7503,S99955656,X65157174X,Mr.,Ricky354,Barrows492,,,M,white,nonhispanic,M,Newton  Massachusetts  US,859 Schroeder Rapid,Holliston,Massachusetts,Middlesex County,,42.188300615364646,-71.46059198400403,1320155.89,12760.329999999998
9e55b674-9d4a-4574-b1eb-7b9e153f760d,1929-05-26,2020-03-09,999-69-3124,S99992273,X81029516X,Mrs.,Delia459,Prohaska837,,Rath779,M,white,nonhispanic,F,Easthampton  Massachusetts  US,446 Bode Vale,Lowell,Massachusetts,Middlesex County,1854.0,42.6221705245362,-71.30388172974168,1430727.47,40126.87
b3eefd92-4fc5-4f70-a654-e309b488c0c4,1969-01-25,,999-20-8759,S99939156,X4159377X,Mrs.,Dina200,Kling921,,Hickle134,M,white,nonhispanic,F,Worcester  Massachusetts  US,772 Russel Trace Suite 63,Bourne,Massachusetts,Barnstable County,,41.717777246850055,-70.56992200547853,1151001.24,10244.96
dbdfbcc3-4664-44f4-b455-6ee45b8c085e,1987-01-30,,999-21-7589,S99915735,X89086828X,Mr.,Kelvin159,Franecki195,,,M,white,nonhispanic,M,Everett  Massachusetts  US,991 Donnelly Key Suite 52,Andover,Massachusetts,Essex County,,42.65291274009594,-71.19740492895555,683915.32,2808.84
18adf82c-9bdc-4f63-a64b-d224f84676fe,1956-11-18,,999-59-1490,S99977487,X72031838X,Mr.,Lesley194,Gutkowski940,,,M,white,nonhispanic,M,Brimfield  Massachusetts  US,329 Pfannerstill Parade,Northfield,Massachusetts,Franklin County,,42.63234466958478,-72.46225352103184,1685557.28,4700.48
651bb71b-eacf-40c3-9bea-5c87381a9e8c,1929-11-25,2016-12-20,999-51-2544,S99996154,X6546807X,Mrs.,Shanti441,Russel238,,Larkin917,M,native,nonhispanic,F,Springfield  Massachusetts  US,727 Rowe Frontage road Apt 6,Stoneham,Massachusetts,Middlesex County,,42.46663653195089,-71.12574808203824,1341712.9,32453.61
e604148d-ab46-443d-8535-61b7ed4e1372,2015-02-26,,999-45-9671,,,,Katharine125,Okuneva707,,,,white,nonhispanic,F,Worcester  Massachusetts  US,1000 Swaniawski Rue Unit 47,Middleborough,Massachusetts,Plymouth County,,41.89196336674035,-70.87851193062002,113815.92,2079.04
f427d6d4-cb24-48d4-810c-eaec65d4fc30,1986-05-07,,999-97-6928,S99911684,X61852091X,Mrs.,Arica110,Kshlerin58,,Balistreri607,M,white,nonhispanic,F,Watertown  Massachusetts  US,823 Torphy Brook,Peabody,Massachusetts,Essex County,1960.0,42.54730686168255,-70.94927777475289,740035.09,6489.259999999999
d137f1ac-9232-43da-ba3f-2a383666bde1,1960-09-21,,999-15-2217,S99975784,X34268305X,Mr.,Luis923,Trantow673,,,M,white,nonhispanic,M,Dartmouth  Massachusetts  US,811 Paucek Manor,Shrewsbury,Massachusetts,Worcester County,,42.29253780828354,-71.76062443240117,12952.62,0.0
c009f92c-3c31-49be-a6a1-a2c19e6e89ae,1926-12-28,1990-01-13,999-18-7038,S99980210,X54700187X,Mrs.,Karolyn830,Sawayn19,,Gerhold939,M,white,nonhispanic,F,Leominster  Massachusetts  US,120 Schuster Stravenue Apt 79,Foxborough,Massachusetts,Norfolk County,,42.07962780162523,-71.27594244135886,1508418.02,7053.479999999999
ada9d5f0-1ecc-4c26-8973-e5c8673dce0b,1976-01-13,,999-91-6810,S99986526,X68929238X,Mrs.,Merideth332,Cruickshank494,,Lakin515,M,white,nonhispanic,F,Belmont  Massachusetts  US,144 Dietrich Flat Unit 42,Webster,Massachusetts,Worcester County,1570.0,42.07040638969651,-71.80487619294313,599897.75,6356.339999999999
c04a1441-c988-4c5a-8804-9876783cf14d,1913-07-22,1988-08-09,999-73-4589,S99942360,X63531919X,Ms.,Saturnina961,Murazik203,,,S,white,nonhispanic,F,Rehoboth  Massachusetts  US,409 Sporer Green Unit 98,Quincy,Massachusetts,Norfolk County,,42.25918409481811,-70.98629767801754,1571612.43,21146.33
519fd427-be42-48b4-8961-80f98ac07388,1985-02-14,2020-03-14,999-26-3273,S99940892,X64783819X,Mr.,Jarrett354,Weimann465,,,S,white,nonhispanic,M,Holbrook  Massachusetts  US,914 Sanford Orchard Unit 52,Carver,Massachusetts,Plymouth County,,41.91547272714434,-70.73667294917458,726332.86,3872.96
72e0595f-6721-43de-91fa-c1f8f94ff118,1999-04-27,,999-79-7595,S99986893,X36556628X,Ms.,Krysten276,Tillman293,,,,white,nonhispanic,F,Needham  Massachusetts  US,370 Bosco Glen,Quincy,Massachusetts,Norfolk County,2170.0,42.32567901650662,-71.04390953226145,559726.4,2791.48
7c9b410f-3ea4-41b3-bd93-fd9f7eb12abb,1968-09-24,,999-58-7050,S99987272,X30748686X,Mrs.,Eva64,Swift555,,Hoeger474,M,white,nonhispanic,F,Princeton  Massachusetts  US,626 Kassulke Glen,Chelmsford,Massachusetts,Middlesex County,,42.63437287369071,-71.3238931751186,1168395.19,19509.529999999995
2a3a5d40-65c9-4eac-9db8-217855c49f12,1984-04-02,,999-98-1286,S99960053,X29256619X,Mr.,Marc757,Kautzer186,,,M,white,nonhispanic,M,Boston  Massachusetts  US,133 Borer Trace,Arlington,Massachusetts,Middlesex County,,42.37851290335736,-71.20319334417444,966872.57,4033.04
cdfd54ec-15db-4ebc-b314-81b46eac18b9,1929-05-26,2014-11-23,999-29-1458,S99965029,X86967750X,Mrs.,Cherri385,Kertzmann286,,Schroeder447,M,white,nonhispanic,F,Bedford  Massachusetts  US,825 Roberts Bridge,Lowell,Massachusetts,Middlesex County,1851.0,42.62697663234791,-71.25868720479332,1495724.79,83412.57999999999
cc4db4c6-1727-4ad1-8e4e-3911b7e470ad,2004-06-14,,999-88-5027,,,,Wendy149,Witting912,,,,white,nonhispanic,F,Belmont  Massachusetts  US,1007 Ullrich Trafficway,Lexington,Massachusetts,Middlesex County,2421.0,42.44479507830785,-71.24812853105054,406855.36,3034.8
ee37eec9-8678-451e-9ebf-636011de6626,1926-12-28,1991-07-30,999-51-5192,S99946412,X78605561X,Mrs.,Thersa321,Schowalter414,,Maggio310,M,white,nonhispanic,F,Lynnfield  Massachusetts  US,157 Aufderhar Divide Suite 17,Foxborough,Massachusetts,Norfolk County,2035.0,42.075182590963045,-71.20113432908755,1390545.81,7381.6799999999985
6577211c-2c8f-454c-be69-dff19a133057,1969-01-25,1969-09-06,999-73-5763,,,,Florene115,Crist667,,,,white,nonhispanic,F,Everett  Massachusetts  US,815 Wiegand Heights Apt 2,Great Barrington,Massachusetts,Berkshire County,,42.17527256659655,-73.35685687260313,12380.0,294.96
18ec41d6-5cf6-44bf-86f0-0f74c7f33f21,1964-07-17,,999-56-4907,S99995326,X55581574X,Mr.,Chang901,Keeling57,,,M,white,nonhispanic,M,Norfolk  Massachusetts  US,612 Leuschke Crossroad Suite 49,Rockport,Massachusetts,Essex County,1966.0,42.63695491561227,-70.589827275193,1496870.03,5571.24
008e45d1-aacb-4b9f-832d-a46be21d8970,2000-03-13,,999-57-3709,S99954600,X41403985X,Mr.,Herbert830,Schimmel440,,,,white,nonhispanic,M,Attleboro  Massachusetts  US,910 Abernathy Trace,Salem,Massachusetts,Essex County,,42.46166989222321,-70.89958640970795,465904.2,3416.4
74f99a21-b3be-499e-a684-93f7218f1440,1926-12-28,,999-27-4927,S99958054,X58492149X,Ms.,Regina408,Ledner144,,,S,white,nonhispanic,F,Billerica  Massachusetts  US,189 McCullough Orchard,Foxborough,Massachusetts,Norfolk County,2035.0,42.03379715809212,-71.21466258876748,1496514.64,50167.91999999999
18aa8255-af22-44c8-8699-68cb1b554fff,1929-11-25,2012-05-28,999-77-6121,S99937055,X17292760X,Ms.,Brooke250,Corkery305,,,S,native,nonhispanic,F,Fall River  Massachusetts  US,817 Bartell Esplanade Apt 29,Stoneham,Massachusetts,Middlesex County,,42.51007270575619,-71.09217245421955,1375062.9,13037.159999999998
33d3f203-de0d-4e97-91df-623671ae2168,2019-11-25,,999-97-6184,,,,Quintin944,Torphy630,,,,asian,hispanic,M,Marlborough  Massachusetts  US,488 Medhurst Lodge Apt 45,Boston,Massachusetts,Suffolk County,2129.0,42.24659241292122,-71.09049468305066,12675.0,570.8
e5940e9b-f51c-4574-8b4d-0ec9d21a066e,1929-05-26,2005-05-30,999-65-5393,S99942041,X58366379X,Ms.,Tasha327,Koelpin146,,,S,white,nonhispanic,F,Randolph  Massachusetts  US,1080 Hilpert Drive,Lowell,Massachusetts,Middlesex County,1850.0,42.67105254469644,-71.30467800359772,1638934.06,9229.16
ba9da947-bbb2-4f19-91ef-f88c91544826,1963-06-01,,999-34-6709,S99918549,X47527889X,Mr.,Edgardo196,Hessel84,,,M,white,nonhispanic,M,Norfolk  Massachusetts  US,917 McDermott Grove,Watertown,Massachusetts,Middlesex County,,42.36717977895484,-71.13902144223603,1384270.96,7005.2
5d403d23-878b-43aa-bab5-99c47471db72,1915-11-23,1997-11-16,999-34-5093,S99960013,X62206713X,Ms.,Regina408,Bashirian201,,,S,white,nonhispanic,F,Worcester  Massachusetts  US,735 Yundt Plaza,Boston,Massachusetts,Suffolk County,2131.0,42.3907067331502,-71.17140668522036,1455148.46,15649.139999999998
ea68e771-211c-4e79-bfc8-fa2bb394d569,2017-02-01,,999-23-7366,,,,Charlie254,Rosenbaum794,,,,black,nonhispanic,M,Worthington  Massachusetts  US,290 Parisian Branch,Boston,Massachusetts,Suffolk County,2163.0,42.31462344580669,-71.00407307785294,80354.56,1484.9199999999998
f8d9625b-df7d-49c7-8d8a-fa4008cea255,2001-06-19,,999-15-3119,S99952181,,Ms.,Oscar384,Ferry570,,,,white,nonhispanic,F,Upton  Massachusetts  US,146 Huels Bypass,Worcester,Massachusetts,Worcester County,1610.0,42.23817755085118,-71.83719579469454,59757.28,4376.26
ebc853bb-21a7-4b34-a21f-52b6fc61797f,1988-03-29,,999-73-3707,S99989730,X12875577X,Ms.,Marquetta382,Raynor401,,,S,white,nonhispanic,F,Wrentham  Massachusetts  US,475 Yundt Gardens Suite 74,Boston,Massachusetts,Suffolk County,,42.29895531575902,-71.03872899832805,715384.8,5166.999999999999
52ce6283-e805-4dbd-b926-6df35ef4313e,1944-06-28,,999-36-7143,S99926402,X66775522X,Mr.,Stewart672,Mayert710,,,S,asian,nonhispanic,M,Marlborough  Massachusetts  US,374 Mayert Lodge Unit 70,Wakefield,Massachusetts,Middlesex County,,42.45976883815118,-71.05985613434835,1366936.88,6534.32
2bd51da6-0bc8-4e27-b7e5-7122166df6ac,1993-10-16,,999-71-8508,S99955148,X1676062X,Mr.,Ian270,Rippin620,,,,white,nonhispanic,M,Sharon  Massachusetts  US,490 Muller Crossroad Apt 70,Adams,Massachusetts,Berkshire County,,42.67319198382767,-73.14917214891587,707724.59,2719.8
00f9ae91-d067-4f51-9d5e-87ccaf9eed9a,1951-12-03,,999-68-4775,S99916916,X21390277X,Mr.,Mohamed943,Walker122,,,M,white,nonhispanic,M,Newton  Massachusetts  US,956 Bauch Lock Unit 50,Middleborough,Massachusetts,Plymouth County,,41.88900827764631,-70.86457893925144,1657858.64,9398.94
35626b84-bace-4e18-a7b2-f7e3eaa7dd66,2004-01-10,,999-46-7771,S99988964,,,Joslyn677,Schiller186,,,,white,nonhispanic,F,Salem  Massachusetts  US,722 Mante Stravenue,Falmouth,Massachusetts,Barnstable County,,41.61072841815754,-70.64707446377112,50778.35,4963.73
d4d227b5-321c-4075-890b-0a02f6a11d4e,2005-03-08,,999-11-8140,,,,Wallace647,Gulgowski816,,,,white,nonhispanic,M,Millbury  Massachusetts  US,701 Kutch Spur Suite 47,Wenham,Massachusetts,Essex County,,42.59278658160294,-70.92728827698807,330376.45,3103.96
2ee7c237-5a50-4aa3-b4a0-89ab1372e374,1925-04-05,,999-31-6337,S99996013,X37316579X,Mrs.,Rochell365,Yost751,,Schimmel440,M,white,nonhispanic,F,North Adams  Massachusetts  US,982 Luettgen Corner,Charlton,Massachusetts,Worcester County,,42.10109238096479,-72.00735383150572,1407576.43,25593.61
da94ebbf-d640-4aac-bbba-24c5071c125d,2004-03-22,,999-37-4728,S99916979,,,Isabela97,Godínez202,,,,white,hispanic,F,Lima  Lima Province  PE,1048 Hills Mall,New Bedford,Massachusetts,Bristol County,2744.0,41.61660910989105,-70.94057005467343,4570.61,0.0
f9b2921f-fb35-4964-a30e-dfbdc35564e9,1997-02-23,,999-20-9039,S99989562,X55934020X,Mr.,Jordon466,Kemmer137,,,,white,nonhispanic,M,Medford  Massachusetts  US,1016 Swift Ville,Littleton,Massachusetts,Middlesex County,,42.52638795575754,-71.52486367988561,507160.43,4897.469999999999
00f4a103-cb5c-49d4-8553-1d5ae1a4cc26,1987-11-22,,999-86-2753,S99982554,X18936146X,Mrs.,Malvina930,Gulgowski816,,Ratke343,M,white,nonhispanic,F,Sheffield  Massachusetts  US,542 Hermiston Loaf Unit 43,Chelmsford,Massachusetts,Middlesex County,,42.58727713601504,-71.4000665592064,695343.26,12094.73
001683f0-8546-4ac2-9153-dd1a9ffe29cd,1992-11-14,,999-76-3295,S99947175,X54072577X,Mr.,Ashley34,Weissnat378,,,M,white,nonhispanic,M,Needham  Massachusetts  US,991 Kiehn Well Unit 38,Brockton,Massachusetts,Plymouth County,2302.0,42.04326677686037,-71.03679963705429,84643.24,3177.24
39b53d13-2fc0-43d8-9a1b-f60f0831aa33,1952-03-07,,999-21-4977,S99966255,X22081529X,Mr.,Palmer257,Botsford977,,,M,white,nonhispanic,M,New Bedford  Massachusetts  US,327 Gorczany Mall Unit 67,Boston,Massachusetts,Suffolk County,2120.0,42.35777305753615,-71.06543627525215,212858.02,7912.639999999999
721714c8-38ef-4d82-bc55-295bc30df80b,2004-06-04,,999-49-1395,,,,Omar359,Gleason633,,,,white,nonhispanic,M,Uxbridge  Massachusetts  US,468 Rempel Road Unit 52,Lynn,Massachusetts,Essex County,1904.0,42.50830715126474,-71.04915036836285,393014.12,3180.55
1959d8d8-b15f-4425-91ae-99a2525d4305,1941-07-08,,999-70-3310,S99926220,X64161458X,Ms.,Brittny484,D'Amore443,,,S,white,nonhispanic,F,Hamburg  Hamburg  DE,1088 Hegmann Stravenue,Middleborough,Massachusetts,Plymouth County,,41.8686009557826,-70.91711912796575,1668007.9200000002,21383.59
92783e95-e04f-48a5-b288-80dfc9bb9aa6,1987-10-06,,999-23-2724,S99961731,X69800944X,Mr.,Abram53,Baumbach677,JD,,M,white,nonhispanic,M,Boston  Massachusetts  US,406 Lockman Gate Apt 89,Boston,Massachusetts,Suffolk County,2110.0,42.31739412137401,-71.08377878310044,676211.56,3823.8
b90e3a16-48da-4875-8ef5-51ea7c6bbee8,1910-09-14,2010-03-30,999-60-5645,S99966786,X57446415X,Ms.,Lourdes258,Roybal79,,,S,white,hispanic,F,Tegucigalpa  Francisco Morazán  HN,268 Jakubowski Ferry Unit 78,Sturbridge,Massachusetts,Worcester County,1507.0,42.07708236015621,-72.07915367310122,1555090.33,19551.22
1eac678d-79ce-4a27-9c86-c8da554a612d,1915-11-23,2001-09-04,999-54-4537,S99916579,X2948769X,Mrs.,Franchesca574,Padberg411,,Price929,M,white,nonhispanic,F,Agawam  Massachusetts  US,383 Zboncak Junction Suite 41,Boston,Massachusetts,Suffolk County,2122.0,42.296703355092745,-71.1236384718406,1592631.68,11297.48
f270cabf-efe8-48f4-80ed-3e9d113bcdd7,1987-03-21,,999-72-1941,S99975129,X10343209X,Mrs.,Margret280,Grant908,,Kuhlman484,M,white,nonhispanic,F,Norfolk  Massachusetts  US,845 Ledner Ramp,Walpole,Massachusetts,Norfolk County,2081.0,42.17002187682024,-71.24406599075202,593423.21,11837.929999999998
838d00c0-e393-452d-b8bc-76014503d528,1974-10-11,,999-25-8697,S99949819,X15814366X,Ms.,Jacalyn740,Rempel203,,,S,white,nonhispanic,F,Danvers  Massachusetts  US,190 O'Keefe Junction,East Bridgewater,Massachusetts,Plymouth County,,42.07374743668159,-70.90707993222442,1038959.42,9395.11
ec7836b1-522a-4626-8d2e-0a03e9a490fd,1972-02-03,,999-23-9681,S99921080,X9497647X,Mrs.,Galina98,Kertzmann286,,Jakubowski832,M,white,nonhispanic,F,Quincy  Massachusetts  US,1036 Sporer Trafficway Apt 63,Arlington,Massachusetts,Middlesex County,,42.43782446288856,-71.15872079359735,160644.24,33140.52
948bc935-1abf-4406-90ec-5a55c03f6d5d,1979-10-30,,999-71-4149,S99913090,X50857631X,Ms.,Karole140,Runolfsson901,,,S,white,nonhispanic,F,South Hadley  Massachusetts  US,1029 Parisian Trail Unit 19,Malden,Massachusetts,Middlesex County,2155.0,42.40539308783981,-71.07149150168125,807255.54,10076.169999999998
c777984b-af17-446b-a0aa-0898249fff09,1948-07-05,2020-03-21,999-17-6775,S99945798,X41260068X,Mr.,Kareem959,Barton704,,,M,white,nonhispanic,M,Walpole  Massachusetts  US,1061 Hayes Junction,Waltham,Massachusetts,Middlesex County,2472.0,42.35215226782536,-71.20074308634432,1602138.7000000002,9185.05
a44bb6a8-0399-4c40-978d-5f852d23ee97,1915-11-23,1995-02-26,999-70-3314,S99921361,X67988410X,Mrs.,Lyla842,Orn563,,Luettgen772,M,white,nonhispanic,F,Lynn  Massachusetts  US,639 Crist Lane Suite 16,Boston,Massachusetts,Suffolk County,2120.0,42.37800563582219,-71.06098460054129,1411774.47,12468.729999999998
1c44699b-0d08-4bac-b306-7644bcffa925,1965-09-10,,999-63-5825,S99914356,X79091947X,Mr.,Sebastian508,Leffler128,,,M,white,nonhispanic,M,Marshfield  Massachusetts  US,818 Ortiz Promenade Suite 93,Oak Bluffs,Massachusetts,Dukes County,,41.44012994259799,-70.54864097627667,1383875.3,5450.36
2a935a84-392a-4c9a-9107-2f9a48b5d7ea,1990-01-03,,999-86-8131,S99939007,X47871385X,Mrs.,Nicolle442,Wolff180,,Hand679,M,white,nonhispanic,F,Auburn  Massachusetts  US,454 Schamberger Club,Melrose,Massachusetts,Middlesex County,,42.45602264168323,-71.02517807122861,588823.41,4887.839999999999
ae892501-6a71-4fd7-9501-24e35448cdbf,2003-08-28,,999-56-6378,S99979367,,,Madalyn472,Crist667,,,,white,nonhispanic,F,Wakefield  Massachusetts  US,819 D'Amore Burg,South Hadley,Massachusetts,Hampshire County,,42.2635762100636,-72.55170151479385,383420.05,2953.96
284f5ade-9959-4605-900b-e402404ba1f3,1921-10-18,1996-10-17,999-29-1663,S99924210,X52114531X,Mr.,Kelvin159,Pacocha935,,,M,white,nonhispanic,M,Lowell  Massachusetts  US,765 Marks Bay Unit 4,Cambridge,Massachusetts,Middlesex County,2140.0,42.351086714999376,-71.22372958139377,1543952.7100000002,19129.5
ff2435ed-41f9-4933-8693-8cbecde59690,1999-06-07,,999-28-6233,S99922603,X76980778X,Mr.,Kurt412,Johnson679,,,,white,nonhispanic,M,Melrose  Massachusetts  US,683 Johnston Union,Sandwich,Massachusetts,Barnstable County,,41.72439730799545,-70.47272472587488,482836.98,3168.92
f61ecd91-4aa3-4495-8680-de69e0cc78d7,1915-11-23,,999-80-2610,S99960331,X48181815X,Mrs.,Stacey209,Botsford977,,Schneider199,M,white,nonhispanic,F,Stoughton  Massachusetts  US,245 Hodkiewicz Estate Unit 10,Boston,Massachusetts,Suffolk County,2152.0,42.33489681007485,-71.18524678487664,1596078.9500000002,78095.01
b5774f03-07ab-4a16-8f24-9dcf1871e382,1998-09-04,,999-10-1440,S99949684,X10209429X,Ms.,Kay203,Bosco882,,,,white,nonhispanic,F,Chelsea  Massachusetts  US,692 Klein Knoll Unit 61,Stoughton,Massachusetts,Norfolk County,,42.15643119744912,-71.066588548592,7398.499999999999,0.0
41519c92-da83-4564-985d-04e21047c34a,1967-03-29,2020-03-30,999-62-2240,S99998937,X48364094X,Mr.,Osvaldo336,Powlowski563,,,M,asian,nonhispanic,M,Longmeadow  Massachusetts  US,521 Hackett Byway Apt 80,Melrose,Massachusetts,Middlesex County,2176.0,42.443263935511446,-71.09495387308102,1122129.79,5120.28
5ffcc989-8eb0-4b52-9761-e9417cdd19f1,1963-12-19,,999-20-6554,S99912105,X80406203X,Mr.,Bret7,Ledner144,,,M,white,nonhispanic,M,Canton  Massachusetts  US,468 Olson Parade,North Andover,Massachusetts,Essex County,,42.71560543854285,-71.06162739845243,1536240.67,4922.96
7c805fa5-b030-4817-8584-414ab271dd53,1955-01-17,,999-63-2664,S99994880,X50696230X,Mrs.,Alla648,Herman763,,Hand679,M,white,nonhispanic,F,Quincy  Massachusetts  US,825 Lynch Flat,North Adams,Massachusetts,Berkshire County,1247.0,42.66411359002809,-73.08708885828246,1513145.4200000002,11803.97
669e924e-a47d-4004-970a-1e20d02425bc,2003-09-19,,999-13-7118,S99945634,,,Nelia669,Goodwin327,,,,white,nonhispanic,F,Holyoke  Massachusetts  US,485 Koepp Estate,Milton,Massachusetts,Norfolk County,,42.265707868986446,-71.04029142065443,423533.13,3173.12
c2d99bce-dd98-4fb9-bb33-8fde46c6395f,2004-03-14,,999-39-6701,S99943231,,,Tanika746,Sipes176,,,,white,nonhispanic,F,Cambridge  Massachusetts  US,269 Renner Harbor,Concord,Massachusetts,Middlesex County,,42.43874122549912,-71.34587925646652,430529.35,2789.0
b920d3dd-ddb2-4348-8958-07705549745f,1910-09-14,1986-05-11,999-21-3944,S99982307,X26024552X,Mrs.,Ana María762,Delarosa409,,Almanza534,M,white,hispanic,F,Puebla  Puebla  MX,658 Spencer Estate Apt 38,Sturbridge,Massachusetts,Worcester County,1566.0,42.11919541495614,-72.1000885645799,1571777.16,10433.2
b5d99a35-d8a0-4165-b983-363f66bf0f9f,1972-02-17,,999-15-1714,S99935483,X5896015X,Mr.,King743,Stark857,,,M,asian,nonhispanic,M,Salem  Massachusetts  US,637 Keeling Vale,North Andover,Massachusetts,Essex County,,42.694837010101374,-71.08056916826935,1281749.87,3277.24
750b495e-5ec4-4359-b2d5-ac7add766eff,1921-10-18,1994-09-13,999-16-2118,S99955452,X19202244X,Mr.,Darwin703,Swaniawski813,,,M,white,nonhispanic,M,Easton  Massachusetts  US,319 Herman Forge Suite 21,Cambridge,Massachusetts,Middlesex County,2139.0,42.33860604420431,-71.06578944534161,1394432.46,44957.47999999999
5f9bff3e-3204-4637-98b4-69274212e9b3,1946-11-22,,999-91-8740,S99987700,X69218476X,Mr.,Delmar187,Dare640,,,M,white,nonhispanic,M,Boston  Massachusetts  US,852 Abernathy Throughway Suite 33,Weymouth,Massachusetts,Norfolk County,2188.0,42.24867451982606,-70.9445615447192,125900.0,5686.12
4155d60d-1ae3-444f-b183-6f5a8050e390,1952-09-08,,999-96-7219,S99921523,X56560473X,Mr.,Von197,Bernier607,,,M,white,nonhispanic,M,Everett  Massachusetts  US,956 Kautzer Orchard,Wareham,Massachusetts,Plymouth County,,41.79755528609776,-70.69486412937948,1772088.51,6876.88
0b18716e-1b9a-49af-9b8b-8feea211937a,1964-09-08,,999-84-8802,S99971325,X34824756X,Mr.,Maxwell782,Ruecker817,,,M,white,nonhispanic,M,Boston  Massachusetts  US,562 Frami Drive Apt 8,Springfield,Massachusetts,Hampden County,1129.0,42.06780286795879,-72.54735466563424,1379722.02,7839.28
c25a3ab0-f0ce-4c53-b8b8-8d074f105a4c,1960-08-21,,999-62-3917,S99936912,X5315657X,Mrs.,Judith460,Buckridge80,,Dach178,M,white,nonhispanic,F,Swampscott  Massachusetts  US,432 Wintheiser Walk,Boston,Massachusetts,Suffolk County,2467.0,42.34809201099535,-71.05156223762636,677820.1,6658.399999999999
34016752-9ac8-4377-a3ea-1484ba81de7f,1964-06-15,,999-10-1704,S99947769,X78875089X,Mr.,William805,Marks830,,,M,white,nonhispanic,M,Belchertown  Massachusetts  US,383 Olson Viaduct Unit 17,Everett,Massachusetts,Middlesex County,,42.39439325220197,-71.0641261953795,1163887.15,5888.52
a171df39-35e0-42e0-a35e-e8e602c77a7b,1980-12-19,,999-92-6092,S99936668,X49342965X,Mrs.,Margarett339,Mosciski958,,Murazik203,M,asian,nonhispanic,F,Shanghai  Shanghai Municipality  CN,925 Considine View Unit 62,Newton,Massachusetts,Middlesex County,2464.0,42.34931535221127,-71.23762201401635,1018329.44,3783.65
b585d6e8-f02f-491e-8133-992418d86e3d,1960-12-04,,999-46-8414,S99914071,X32356538X,Mrs.,Suzanna632,Towne435,,Medhurst46,M,white,nonhispanic,F,Holyoke  Massachusetts  US,440 Hauck Dale Unit 85,Dennis,Massachusetts,Barnstable County,,41.74654648861527,-70.17599192851067,1345356.95,7950.959999999999
e233c347-ac66-4e86-8199-2de3310e64a8,1987-01-19,,999-81-7643,S99981640,X61720685X,Ms.,Andrea7,Aparicio848,,,S,black,hispanic,F,La Paz  Baja California  MX,770 Schimmel Vale Unit 68,Chelsea,Massachusetts,Suffolk County,2150.0,42.36810423948813,-71.00621185447602,912225.1,3810.56
8f6b768a-2d1e-4389-a05c-d5a2008ae27d,1991-03-07,,999-54-5843,S99929264,X31278329X,Mrs.,Mindi87,Mraz590,,Kessler503,M,asian,nonhispanic,F,Cantho  Cần Thơ  VN,881 Macejkovic Station,Watertown,Massachusetts,Middlesex County,2472.0,42.32863941812106,-71.22261299499453,690246.52,4375.44
414bb2a4-d751-4fca-881c-d34137ca7f3e,1983-05-11,,999-60-4756,S99984226,X79542093X,Mrs.,Yung349,Pollich983,,Rice937,M,white,nonhispanic,F,Boston  Massachusetts  US,828 Willms Extension,Franklin,Massachusetts,Norfolk County,2038.0,42.03858740585783,-71.40490338467045,756407.39,8568.309999999998
59b0167f-7964-4255-a1da-c35183994554,2007-08-24,,999-69-9378,,,,Cherri385,Leffler128,,,,white,nonhispanic,F,Boston  Massachusetts  US,394 Heathcote Path,Lynnfield,Massachusetts,Essex County,1940.0,42.49012874499324,-71.0546859969013,278299.07,3470.6
a08d4c96-529b-4918-840a-a7bd6a9e3a55,1950-04-04,2003-03-11,999-51-9454,S99913696,X19518338X,Mrs.,Tennille443,Wintheiser220,,Hegmann834,M,white,nonhispanic,F,Boston  Massachusetts  US,513 Prosacco Parade,Pepperell,Massachusetts,Middlesex County,,42.689539208715786,-71.56420906482239,1404128.54,5344.69
fb5770a1-ec5e-447f-b5df-c5e161a2e787,1963-07-18,2020-03-19,999-77-8826,S99991198,X38316427X,Mrs.,Candi549,Connelly992,,Wehner319,M,white,nonhispanic,F,Amesbury  Massachusetts  US,406 Konopelski Burg Apt 39,Malden,Massachusetts,Middlesex County,2155.0,42.422703821122674,-71.01044930981699,1355510.46,11753.419999999998
f99bc66e-44da-4c50-9b28-f0ef043b5722,1943-05-14,2003-05-07,999-16-2480,S99966365,X67064632X,Mr.,Merle11,Lesch175,,,M,white,nonhispanic,M,Wilbraham  Massachusetts  US,553 Armstrong Tunnel Unit 29,Attleboro,Massachusetts,Bristol County,2861.0,41.88332691544024,-71.30828281050206,1393030.98,6625.919999999999
79b936dd-a7f1-499c-9d56-1bf766a2d370,1950-04-04,2016-05-24,999-23-3198,S99948932,X1534033X,Ms.,Stacee229,Schaefer657,,,S,white,nonhispanic,F,Westminster  Massachusetts  US,174 Sanford Estate Apt 60,Pepperell,Massachusetts,Middlesex County,,42.66181578653848,-71.56798909187421,1401108.94,17509.059999999998
b64804de-071d-4c33-831a-b7f23337b90e,1942-12-06,,999-34-9816,S99939891,X16594587X,Mrs.,Palma671,Marks830,,Bogisich202,M,white,nonhispanic,F,Peabody  Massachusetts  US,467 Wisoky Underpass,Boston,Massachusetts,Suffolk County,2122.0,42.27501253198256,-71.12862187382375,1435031.74,14161.829999999998
a58fdb61-bf2c-445d-a9f0-f051d88e9b49,1910-09-14,1980-03-23,999-82-4557,S99959831,X41875503X,Mrs.,Norma469,Salcedo309,,Rodríquez611,M,white,hispanic,F,Tegucigalpa  Francisco Morazán  HN,1039 Baumbach Way,Sturbridge,Massachusetts,Worcester County,1566.0,42.137094106437424,-72.07989353717187,1571054.52,9699.919999999998
d28b404e-339f-4994-8756-566f0fe0ec2e,2001-12-19,,999-27-5634,S99920371,,Mr.,Jayson808,Kautzer186,,,,white,nonhispanic,M,Springfield  Massachusetts  US,1093 Roob Spur,Douglas,Massachusetts,Worcester County,,42.084072100434405,-71.73771735861,424402.91,3523.88
bffba509-f4ee-493b-a935-b05ef9159e8b,1943-05-14,,999-41-1590,S99933109,X37080971X,Mr.,Max124,McGlynn426,,,M,white,nonhispanic,M,Belchertown  Massachusetts  US,833 Runte View,Attleboro,Massachusetts,Bristol County,2861.0,41.83102347598163,-71.34085706001993,1531430.33,11849.19
e391dbb9-8ee2-4cfb-ae22-85ec1acbfc1b,1950-04-04,,999-24-3564,S99993179,X47186515X,Mrs.,Williemae619,Zulauf375,,Bogan287,M,white,nonhispanic,F,Tyngsborough  Massachusetts  US,664 Hoppe Annex Apt 94,Pepperell,Massachusetts,Middlesex County,,42.69914256744742,-71.64538116116613,1597992.49,14235.669999999998
4d873513-d82d-43c4-9d64-cd22288d0e5c,1910-09-14,1985-09-13,999-87-3352,S99924093,X20516554X,Mrs.,Antonia30,Véliz274,,Ibarra303,M,white,hispanic,F,Port-au-Prince  Haiti  HT,185 Windler Lane Suite 32,Sturbridge,Massachusetts,Worcester County,,42.14724277378032,-72.04092160768832,1554829.35,14918.259999999998
0aff29c2-6a65-489a-a8c6-67dfa28b55e1,1970-03-25,,999-78-5604,S99945056,X47842627X,Mrs.,Barabara924,Fisher429,,Moore224,M,white,nonhispanic,F,Walpole  Massachusetts  US,122 Pfeffer Underpass Suite 98,Lowell,Massachusetts,Middlesex County,1852.0,42.61945583769411,-71.35713185567448,1088392.32,8683.699999999999
2b3db7ba-a7f8-4d47-9b2b-372e0254e597,1962-05-12,,999-86-8140,S99925723,X2332138X,Ms.,Eustolia154,Goldner995,,,S,white,nonhispanic,F,Everett  Massachusetts  US,367 Hoppe Promenade Suite 24,Boxford,Massachusetts,Essex County,1921.0,42.67155775863103,-70.97548769497652,1256376.49,19018.52
61b147ef-1eb4-4da2-b7c4-115f8e54ea65,2016-09-25,,999-71-3819,,,,Roxie199,Wolff180,,,,white,nonhispanic,F,Carver  Massachusetts  US,827 Johnson Wall Apt 47,West Brookfield,Massachusetts,Worcester County,,42.20861271800688,-72.17140955536834,93497.17,2241.5199999999995
ce865853-f1d4-4e54-8b60-26fc607657f6,2005-05-11,,999-33-3172,,,,Erin498,Ward668,,,,white,nonhispanic,M,Amesbury  Massachusetts  US,638 Mante Orchard Suite 23,Southborough,Massachusetts,Worcester County,,42.32802221202472,-71.5665685584968,365576.43,5662.04
a303db15-76d9-4a0d-b06c-151c55feec81,1975-05-05,,999-22-4075,S99932009,X37647861X,Mr.,Sammy219,Hermann103,,,M,white,nonhispanic,M,Peabody  Massachusetts  US,181 Schulist Green,Cambridge,Massachusetts,Middlesex County,2140.0,42.350062768558736,-71.09965527089587,1199337.77,3203.08
6683b2dc-d8cd-47a2-b766-bd78aad85c3e,1941-07-17,,999-60-7815,S99963465,X15015374X,Mrs.,Luella739,Lang846,,Kunze215,M,white,nonhispanic,F,Winthrop  Massachusetts  US,994 Mayer Port Apt 74,Wakefield,Massachusetts,Middlesex County,1880.0,42.53689772375917,-71.08093609594177,1329255.32,15709.55
b83788ed-7a7f-4b4c-9b1d-84e493908691,1921-10-18,1997-04-10,999-59-1901,S99966381,X29670983X,Mr.,Lanny564,Parker433,,,M,white,nonhispanic,M,Norwood  Massachusetts  US,646 Fahey Road Suite 65,Cambridge,Massachusetts,Middlesex County,2140.0,42.361137074467294,-71.09785323075155,1444616.64,8827.22
5ce0ed9b-b7d1-40f3-9c8a-a43813ec1bfc,2009-10-14,,999-73-3250,,,,Marcell728,Senger904,,,,white,nonhispanic,F,Hanover  Massachusetts  US,882 Bahringer Camp,Harwich,Massachusetts,Barnstable County,,41.715830618801306,-70.02087741416294,256203.36,2646.52
3e242504-3702-4f11-806f-d5577eb8845c,1963-10-26,,999-86-1559,S99938524,X13041497X,Mr.,Elijah719,Sanford861,,,M,white,nonhispanic,M,Boston  Massachusetts  US,542 Reynolds Arcade Apt 28,Westwood,Massachusetts,Norfolk County,,42.20200341914986,-71.18712536292922,1506559.44,3961.36
c4c6d39e-47cf-42da-820a-28425a8f7295,2006-11-05,,999-35-9646,,,,Daryl568,Bashirian201,,,,white,nonhispanic,M,Upton  Massachusetts  US,751 Wisozk Approach Unit 55,East Longmeadow,Massachusetts,Hampden County,,42.07018028944111,-72.45038433337943,310750.0,3728.92
265c1336-d0c3-4d66-880e-7b559a3a718e,1945-08-03,2020-03-08,999-52-4609,S99975876,X40206161X,Mrs.,Rubye299,Walker122,,Stehr398,M,white,nonhispanic,F,Boston  Massachusetts  US,227 Murazik View Suite 72,Montgomery,Massachusetts,Hampden County,,42.26818913827545,-72.79265942815145,1472006.14,19494.89
12e54339-2b66-49db-b980-defaf3dde2ff,1956-05-24,,999-91-8529,S99956737,X39719336X,Mrs.,Herlinda751,Reinger292,,Stokes453,M,white,nonhispanic,F,Newton  Massachusetts  US,456 Sipes Orchard Suite 42,Hudson,Massachusetts,Middlesex County,,42.42399681735634,-71.50509158189635,1316578.96,9644.839999999998
2da55b23-e9f8-4730-8645-9b727c07e5fc,1921-10-18,,999-59-4605,S99922985,X67088927X,Mr.,Gerry91,Padberg411,,,S,white,nonhispanic,M,Boston  Massachusetts  US,840 Kovacek Road Suite 63,Cambridge,Massachusetts,Middlesex County,2138.0,42.31947471929806,-71.11124537596794,1518893.05,15001.86
ab42e999-ed41-4629-851d-2f163c3d26c1,2008-03-20,,999-86-8880,,,,Emanuel231,Lemke654,,,,white,nonhispanic,M,Winchendon  Massachusetts  US,934 Cummerata Ferry Suite 90,Whitman,Massachusetts,Plymouth County,,42.06137380123198,-70.94897733847039,325503.93,2712.36
fb5fa39d-8e2f-4c59-b3a8-07199e858908,1945-08-03,,999-59-7539,S99935260,X46149786X,Mrs.,Mittie376,Rolfson709,,Farrell962,M,white,nonhispanic,F,East Longmeadow  Massachusetts  US,274 Murazik Trafficway Unit 58,Montgomery,Massachusetts,Hampden County,,42.18360098040429,-72.88461375113634,1520248.86,13762.249999999998
f143065f-e161-4319-a5a7-bc5d66691c2c,1943-10-30,2016-01-16,999-18-7557,S99914967,X38862057X,Mr.,Wilton999,Daniel959,,,M,white,nonhispanic,M,Auburn  Massachusetts  US,177 Hessel Tunnel Apt 53,Sterling,Massachusetts,Worcester County,,42.398947399740464,-71.73009157029534,1667893.43,7602.11
13f9036c-a20e-42dd-b701-6517459d6727,2015-07-13,,999-78-7500,,,,Ernesto186,Abeyta738,,,,white,hispanic,M,Port-au-Prince  Haiti  HT,1044 Moen Dale,Lynn,Massachusetts,Essex County,1907.0,42.43551638247279,-70.94914275999366,109079.05,3568.46
e66150fa-2bea-450b-b42b-d04a71650038,1951-03-28,1996-03-27,999-57-6853,S99984184,X1955534X,Ms.,Exie255,Parisian75,,,S,white,nonhispanic,F,Nantucket  Massachusetts  US,121 Stroman Vista,Cambridge,Massachusetts,Middlesex County,2138.0,42.42951684805603,-71.17690987080805,1045147.59,5966.919999999999
3e1cb357-48f4-496b-8f66-e1f43a61e79b,1968-08-25,,999-47-2628,S99942710,X74528414X,Mrs.,Chi716,Cronin387,,Erdman779,M,white,nonhispanic,F,Lawrence  Massachusetts  US,1031 Green Gateway Apt 84,Woburn,Massachusetts,Middlesex County,1801.0,42.46040927423071,-71.19211843868123,59782.48,2553.97
8cb4b12a-fecd-4faf-800c-527b77aaefb4,1971-06-09,,999-50-7675,S99977811,X77111974X,Mrs.,Lynn917,Schowalter414,,Borer986,M,black,nonhispanic,F,Harwich  Massachusetts  US,454 Gorczany Mission,Melrose,Massachusetts,Middlesex County,2176.0,42.502171313387095,-71.01746789357958,1181860.71,8791.599999999999
10b60da6-ed99-400a-b384-aedae82d0999,1955-08-22,,999-91-3179,S99974697,X51078505X,Mr.,Stuart913,Armstrong51,,,M,white,nonhispanic,M,Peabody  Massachusetts  US,829 Feil Station Suite 3,Barnstable,Massachusetts,Barnstable County,2668.0,41.708935219398434,-70.35090730601125,1689851.33,8931.72
3cb9c553-4a6f-45b4-94b7-8e7273c27c77,1936-02-15,2011-11-21,999-51-2865,S99994481,X48709981X,Mrs.,Leon728,Graham902,,Effertz744,M,black,nonhispanic,F,Fall River  Massachusetts  US,440 Streich Promenade,Andover,Massachusetts,Essex County,1810.0,42.64652988278219,-71.16524216820778,1369695.0,14217.949999999995
6c924bc5-b886-47ee-ab3d-b53eee74dc2f,1943-10-30,,999-41-4289,S99935738,X58267361X,Mr.,Antony83,Hyatt152,,,M,white,nonhispanic,M,Mashpee  Massachusetts  US,630 Wuckert Glen,Sterling,Massachusetts,Worcester County,,42.476548464463264,-71.74103754456333,1614656.93,14946.73
3e295dd4-debd-48e4-bfd9-9bc620518d3e,1964-06-06,,999-54-3947,S99946268,X39482376X,Mr.,Stephen891,Ziemann98,,,M,white,nonhispanic,M,Brookline  Massachusetts  US,355 Heidenreich Burg Unit 58,Everett,Massachusetts,Middlesex County,2148.0,42.38810207332836,-71.07191452428383,1301043.01,6304.4
ceeacf2f-5ee0-42ca-b6c1-fcc89a8ecaae,1942-06-21,,999-38-2675,S99978218,X18062336X,Mr.,Chong355,Johns824,,,M,white,nonhispanic,M,Cambridge  Massachusetts  US,594 Johnson Heights,Andover,Massachusetts,Essex County,,42.68635173101066,-71.18554798825338,1662533.53,30777.61
12923e63-29d0-4a96-8e5b-25c156a5d03a,1978-11-24,,999-22-9360,S99931262,X49567015X,Mrs.,Ludivina884,Farrell962,,Jenkins714,M,white,nonhispanic,F,Bedford  Massachusetts  US,912 Wolf Mill Unit 25,Medford,Massachusetts,Middlesex County,,42.39490361490699,-71.1554060281891,881292.28,11881.98
294b5014-b010-4e50-ac92-ae69470c9dcd,1948-08-16,2020-03-21,999-13-5072,S99980071,X14218660X,Mr.,Carrol931,VonRueden376,,,S,white,nonhispanic,M,Fitchburg  Massachusetts  US,925 McGlynn View Apt 80,Lawrence,Massachusetts,Essex County,,42.72290788728382,-71.19491560383422,38676.57,1376.98
d05c46a9-245c-4d51-abd2-a5c90f719522,1913-02-04,1986-08-20,999-84-2643,S99964923,X65380032X,Mrs.,Theola421,Wunsch504,,Corkery305,M,black,nonhispanic,F,Winchendon  Massachusetts  US,410 Heidenreich Lock,Cambridge,Massachusetts,Middlesex County,2138.0,42.38071691713488,-71.11992420181949,1433689.44,22065.07
aba6f270-ae3a-4f49-81ff-8c93574747da,1976-05-25,,999-43-4309,S99920978,X69477207X,Mr.,Carmelo33,Raynor401,,,M,white,nonhispanic,M,Brockton  Massachusetts  US,900 Ortiz Dam Apt 54,Hingham,Massachusetts,Plymouth County,2043.0,42.23650879594848,-70.90479128624276,1069341.29,5221.21
2eba16dc-72bb-49ab-9ed4-0a131c174f4f,1993-11-13,,999-61-4241,S99938109,X33566467X,Mr.,Santos184,Kshlerin58,,,,black,nonhispanic,M,Walpole  Massachusetts  US,178 Kutch Rapid Apt 15,Wendell,Massachusetts,Franklin County,,42.57514134363322,-72.43265061393012,611521.17,4352.12
6b820a87-81b7-4847-a01e-0e2591652d40,1913-02-04,1976-08-22,999-24-1937,S99995897,X41238298X,Mrs.,Aretha897,Wisoky380,,Nienow652,M,black,nonhispanic,F,Dudley  Massachusetts  US,908 Johnson Burg,Cambridge,Massachusetts,Middlesex County,2138.0,42.34301853148781,-71.15054857597579,1500967.65,15470.039999999995
b9d41e3e-85bb-44a0-b4c5-e611a8e9e529,1979-11-14,,999-36-5774,S99935728,X21284707X,Mr.,Abram53,Mann644,JD,,M,white,nonhispanic,M,Boston  Massachusetts  US,771 Gulgowski Branch,Boston,Massachusetts,Suffolk County,2119.0,42.40264380172248,-71.1166757569447,881247.25,5200.349999999999
ed972c40-98f5-44f8-95df-c7a09f1428f3,1988-12-02,,999-72-3354,S99919808,X72112717X,Ms.,Cathrine584,Stokes453,,,S,asian,nonhispanic,F,Peabody  Massachusetts  US,501 Homenick Center Unit 19,Waltham,Massachusetts,Middlesex County,2453.0,42.40511033448289,-71.27253801936408,732912.5599999999,3329.68
5bb3a372-f151-4a1c-8ee3-f8e8b1120d63,1970-11-07,,999-18-9158,S99963928,X17818474X,Mrs.,Fonda178,Christiansen251,,Cassin499,M,white,nonhispanic,F,Worcester  Massachusetts  US,264 Murazik Byway Apt 57,Peabody,Massachusetts,Essex County,1960.0,42.56772672769118,-71.05636959984919,1132830.58,16751.969999999998
07f1ca13-2d3a-4503-8faf-5d26be407ec1,1985-04-14,,999-87-7823,S99980387,X53758409X,Mrs.,Keturah238,Pacocha935,,Wisoky380,M,white,nonhispanic,F,Springfield  Massachusetts  US,394 Corkery Ferry,Boston,Massachusetts,Suffolk County,2135.0,42.37045777493497,-71.08428569965749,121305.26,50688.73
f6c7c061-8615-4195-98b2-18c77dae224a,1996-07-03,,999-48-4077,S99932264,X31858977X,Ms.,Caridad510,Paz9,,,,white,hispanic,F,Buenos Aires  Ciudad de Buenos Aires  AR,304 Paucek Lodge Unit 28,Hardwick,Massachusetts,Worcester County,,42.37546963071662,-72.18182309516084,587370.08,4187.16
46914c4e-0f9b-4294-bdd1-9bf395ea9cc0,1974-04-13,2020-03-08,999-19-7359,S99922248,X21587735X,Mr.,Mikel238,Lueilwitz711,,,M,white,nonhispanic,M,Boston  Massachusetts  US,773 Green Street,Northbridge,Massachusetts,Worcester County,,42.14453071198445,-71.65702951934496,1053899.21,3899.6
af9a4d25-f497-48e1-917b-de1ebc12188f,1974-04-13,,999-33-9799,S99934985,X59618282X,Mr.,Isaiah615,King743,,,S,white,nonhispanic,M,Revere  Massachusetts  US,361 Tremblay Byway,Northbridge,Massachusetts,Worcester County,,42.16091633976488,-71.63378166011591,1171086.98,8659.199999999999
9581cb98-782e-4cff-9088-e82a81492fd1,1961-11-18,,999-86-7824,S99963388,X18196035X,Mr.,Dirk334,Heathcote539,,,S,white,nonhispanic,M,Framingham  Massachusetts  US,815 Stiedemann Rest Suite 88,Belmont,Massachusetts,Middlesex County,2478.0,42.39763724561445,-71.15827262717238,1410467.82,5462.84
2098ec89-d1b2-4067-9c04-3d853e4fc43b,1971-05-24,,999-46-2174,S99984852,X9644629X,Mrs.,Zenobia558,Emard19,,Pfeffer420,M,asian,nonhispanic,F,Nagoya   Aichi  JP,274 Lesch Bridge Unit 33,Lexington,Massachusetts,Middlesex County,2420.0,42.41670691228916,-71.22919604914921,1084752.0,14939.33
eb7516f5-0216-49f0-a64a-6a38d6ca1821,1989-11-07,,999-55-7441,S99924001,X38284424X,Mr.,Rosendo998,Fisher429,,,M,white,nonhispanic,M,Cambridge  Massachusetts  US,103 West Bay Unit 98,Medway,Massachusetts,Norfolk County,,42.169303543451086,-71.4156248487556,709737.9600000001,8020.039999999998
fbb01a3d-2bb7-48e5-abd1-7c22f03a363a,1913-09-23,2008-11-03,999-52-9504,S99985929,X87980925X,Mrs.,Kris249,Rutherford999,,Gerhold939,M,white,nonhispanic,F,Brookline  Massachusetts  US,454 Quitzon Frontage road Apt 87,Brockton,Massachusetts,Plymouth County,2351.0,42.06283926317057,-71.08301381798186,391977.44,14991.069999999998
10081da2-7c1c-45c2-ab1e-a5155648d45a,1924-09-22,1994-12-02,999-60-3411,S99947430,X59140172X,Mr.,Gerardo48,Steuber698,,,M,white,nonhispanic,M,Needham  Massachusetts  US,715 Rutherford Harbor Apt 77,South Hadley,Massachusetts,Hampshire County,,42.2500499078865,-72.5985006175975,1591792.04,435610.7700000002
bb733b49-221b-4d4f-b0b0-ce27a1b85fc3,1965-03-02,,999-80-5996,S99987011,X52366972X,Mrs.,Loralee922,Witting912,,Boyle917,M,asian,nonhispanic,F,Quincy  Massachusetts  US,480 Shanahan Rue,Framingham,Massachusetts,Middlesex County,1702.0,42.3360584580899,-71.43658280877573,1242193.09,9529.54
e7575a14-6f93-487b-93cf-2d733694d012,1984-11-03,2010-03-27,999-79-4459,S99971797,X86584988X,Mr.,Zachery872,Lesch175,,,,white,nonhispanic,M,Easton  Massachusetts  US,977 Jacobson Skyway,Chelmsford,Massachusetts,Middlesex County,,42.57659477584631,-71.37859565012081,559968.44,7212.909999999999
8d7551e5-320a-4c61-a0c4-ea707fd15683,1961-08-30,,999-83-7744,S99986791,X77064979X,Mrs.,Reagan466,Hilpert278,,Douglas31,M,white,hispanic,F,Somerville  Massachusetts  US,668 Halvorson Byway,Medford,Massachusetts,Middlesex County,2145.0,42.36835361774008,-71.04604095879304,1415541.48,16666.23
f17e6d6a-1a33-4759-9c79-62da55aa7164,1984-11-03,,999-22-8162,S99915852,X86532461X,Mr.,Graig740,Parker433,,,S,white,nonhispanic,M,Hull  Massachusetts  US,431 Douglas Crossroad,Chelmsford,Massachusetts,Middlesex County,,42.55563872674748,-71.39239505929827,899879.3,3619.68
33547cd4-e241-449d-bc87-687797718dc3,1946-08-04,,999-51-2488,S99915889,X18315385X,Mr.,Emmanuel930,Funk324,,,M,white,nonhispanic,M,Dedham  Massachusetts  US,879 Christiansen Common Unit 58,Palmer,Massachusetts,Hampden County,1080.0,42.1651918481843,-72.3418857105146,1736055.81,18287.49
ef117702-22b7-46ad-8e09-b53258188a53,1958-04-29,,999-81-5017,S99972475,X53486639X,Mrs.,Mistie167,Trantow673,,Hills818,M,white,nonhispanic,F,Eastham  Massachusetts  US,1038 Toy Highlands Suite 8,Sharon,Massachusetts,Norfolk County,,42.15368581890063,-71.16818745924903,1265641.41,14000.24
97e796e7-1a26-43d0-8e4f-f7a06e7fc81c,1924-09-22,2020-03-03,999-89-9018,S99954351,X20879846X,Mr.,Lucas404,Bartoletti50,,,M,white,nonhispanic,M,Springfield  Massachusetts  US,420 Mann Alley,South Hadley,Massachusetts,Hampshire County,,42.26361729685871,-72.59990921397868,1511654.73,34994.81
34dc4977-8ed2-4d9d-8281-3ce2bfa1dc91,2017-03-25,,999-30-4218,,,,Carlita746,Sauer652,,,,white,nonhispanic,F,Boston  Massachusetts  US,1047 Simonis Boulevard Apt 52,Boston,Massachusetts,Suffolk County,2115.0,42.28084982737993,-71.07088628364019,68971.65,1799.88
b991d41f-a1db-4b1e-b619-2a54522d10bc,1987-07-03,,999-16-7150,S99939661,X32332592X,Mrs.,Avelina400,Gerhold939,,Hegmann834,M,white,nonhispanic,F,Boston  Massachusetts  US,728 Gislason Forge,Abington,Massachusetts,Plymouth County,2351.0,42.10012879819895,-70.9930318793295,734101.4,6187.3
257e2d0a-f948-4a66-8c4a-4ddfdebce6f7,2007-04-05,,999-14-4738,,,,Epifania219,Jast432,,,,black,nonhispanic,F,Norwood  Massachusetts  US,1022 Skiles Stravenue,Lawrence,Massachusetts,Essex County,1840.0,42.7136764898043,-71.14657300620419,357207.49,2841.52
632c9d4b-d39e-45d2-99c4-4372d3ebd096,1930-02-21,,999-62-6602,S99961619,X33337963X,Mr.,Dewayne363,VonRueden376,,,M,white,nonhispanic,M,Ludlow  Massachusetts  US,151 Braun Trail Suite 66,Duxbury,Massachusetts,Plymouth County,2332.0,42.010936533556006,-70.74133794935602,1410559.21,8634.61
682a3e3a-8b74-4a72-93b2-4c88a40cb0b1,1973-12-03,1989-09-19,999-94-1423,,,,Willy639,Kunze215,,,,white,hispanic,M,Winchendon  Massachusetts  US,672 Hickle Ville,Framingham,Massachusetts,Middlesex County,1702.0,42.2742888900532,-71.41907683080254,326788.1,1622.28
25cb4d4b-03b8-4568-ba84-a323ba47828b,2009-03-28,,999-46-8101,,,,Marquis364,DuBuque211,,,,white,nonhispanic,M,Lawrence  Massachusetts  US,536 Runolfsdottir Bay Suite 30,Springfield,Massachusetts,Hampden County,1105.0,42.07531776519277,-72.54252639153717,255483.73,2819.84
82183ad3-b60e-4ed0-beab-c303c31fb0e8,1973-12-03,,999-71-7701,S99980857,X32440411X,Mr.,Lynn917,Hodkiewicz467,,,M,white,hispanic,M,Chelmsford  Massachusetts  US,159 Walter Boulevard,Framingham,Massachusetts,Middlesex County,1702.0,42.31352251545258,-71.46994723396075,1122142.87,4047.12
e8ab2004-2007-4026-9b1e-de02c5aa4063,1952-05-02,,999-15-5799,S99996271,X3034568X,Ms.,Bianca274,Dickinson688,,,S,white,nonhispanic,F,Westborough  Massachusetts  US,835 Streich Ville Unit 41,Leominster,Massachusetts,Worcester County,,42.48987211283576,-71.7383005614894,1598958.16,12914.97
e38ffa15-d407-4db9-a915-c81a4aad0103,1924-09-22,2014-05-19,999-48-7507,S99997088,X31383003X,Mr.,Andy346,Daniel959,,,M,white,nonhispanic,M,Leominster  Massachusetts  US,853 Larson Bridge Suite 33,South Hadley,Massachusetts,Hampshire County,,42.25216605201659,-72.59072846918563,1824731.25,26031.41
81bf2eca-75c6-4eef-b731-a3f30384b764,1913-02-04,1998-08-09,999-68-4705,S99988897,X26056809X,Mrs.,Gail741,Johnson679,,Frami345,M,black,nonhispanic,F,Woburn  Massachusetts  US,853 Wisoky Center,Cambridge,Massachusetts,Middlesex County,2142.0,42.34535735785596,-71.08700880213873,1435106.16,18970.88
a469d257-4978-4a0a-9d44-ce912066d44b,1989-10-25,,999-30-6549,S99962208,X83493066X,Mr.,Roosevelt595,Sporer811,,,S,white,nonhispanic,M,Mashpee  Massachusetts  US,907 Gulgowski Loaf,Brockton,Massachusetts,Plymouth County,2301.0,42.06387611844647,-70.9776880508242,353161.91,1720.6
77dbb493-617c-4e76-a272-febe8b58994c,2016-04-30,,999-38-2621,,,,Veta780,Kulas532,,,,black,nonhispanic,F,Salem  Massachusetts  US,350 Turner Road Unit 47,Clinton,Massachusetts,Worcester County,1510.0,42.36909124399631,-71.7093772404811,88356.33,1787.4
4d8b02bd-26fb-4118-b3a3-8988c89cb3d2,2019-01-04,,999-17-3242,,,,Elsa29,Tejada731,,,,white,hispanic,F,Panama City  Panama  PA,769 Bosco Highlands Apt 44,Westfield,Massachusetts,Hampden County,1086.0,42.10601427842354,-72.79703381785916,38065.38,904.12
bc5d80fe-559f-4180-b9eb-ba01025e30d7,1993-05-27,,999-74-2958,S99932829,X15732092X,Ms.,Shaunte610,Rice937,,,,white,nonhispanic,F,Worcester  Massachusetts  US,699 Lang Wall Suite 91,Wareham,Massachusetts,Plymouth County,,41.8058662007445,-70.70348071756273,90940.57,49212.56
49eb7ec6-e65c-4349-99d9-c35659cced55,1979-05-31,,999-83-1812,S99930404,X78066065X,Mr.,Florencio463,Sporer811,,,M,white,nonhispanic,M,Winchendon  Massachusetts  US,142 Kreiger Alley,Falmouth,Massachusetts,Barnstable County,,41.55047165979167,-70.60441132850747,1086926.2,3128.92
9f51f26a-4998-458b-a117-d99cb4b4c109,2017-07-03,,999-50-1144,,,,Leone669,Stroman228,,,,white,nonhispanic,F,Amherst  Massachusetts  US,651 Rogahn Dam,Medford,Massachusetts,Middlesex County,2155.0,42.40729502745632,-71.10217235155821,65354.71,1670.7199999999998
ab65b1f1-ba65-4d23-a7d9-c9d3c24ef3dc,1924-09-22,,999-90-9390,S99936086,X23360668X,Mr.,Gayle448,Will178,,,M,white,nonhispanic,M,Woburn  Massachusetts  US,841 Boyle Orchard Suite 18,South Hadley,Massachusetts,Hampshire County,,42.221972208513925,-72.5796322658769,1432122.13,18732.74
28a2f47d-42fc-4aae-829b-2d43cead47bb,1994-09-09,,999-25-9938,S99975242,X44890478X,Ms.,Katheryn92,Murazik203,,,,white,nonhispanic,F,Boston  Massachusetts  US,301 Fisher Way,North Brookfield,Massachusetts,Worcester County,1535.0,42.29637888689136,-72.02311252960817,513897.13,4035.399999999999
44c0007d-fa49-46db-bb21-f20baf837ce2,1967-07-05,,999-45-6854,S99976123,X25725208X,Mr.,Freeman822,Wisozk929,,,S,white,nonhispanic,M,Holbrook  Massachusetts  US,979 Abbott Well Unit 93,Westford,Massachusetts,Middlesex County,,42.54425386347374,-71.47027001749125,22096.21,0.0
15de7cbf-8a00-406c-81dc-47b74cb08889,1984-06-07,,999-38-9002,S99930899,X27758910X,Mrs.,Myrtis608,Okuneva707,,Rogahn59,M,black,nonhispanic,F,Peabody  Massachusetts  US,1049 Carter Manor Apt 64,Boston,Massachusetts,Suffolk County,2163.0,42.30305341106035,-71.18056103533458,80812.7,4449.599999999999
a28dd72c-e7a9-4ead-b60e-2cd52c23cce5,1951-11-11,1957-06-30,999-95-6504,,,,Emanuel231,Gerlach374,,,,white,nonhispanic,M,Somerville  Massachusetts  US,464 Weber Way Unit 73,Leominster,Massachusetts,Worcester County,1453.0,42.49824666278487,-71.73660560899525,150694.31,1452.3599999999997
60c2cdfe-2be4-4fb8-899f-d541b006922e,1975-01-03,,999-51-3846,S99922051,X73016437X,Mr.,Alberto639,Emmerich580,,,M,white,nonhispanic,M,Belchertown  Massachusetts  US,398 Tromp Byway,Revere,Massachusetts,Suffolk County,2151.0,42.44625086846864,-70.9595298242373,1039142.71,3555.48
5dedd253-c113-481c-8626-bdc792568e42,1951-11-11,,999-30-3803,S99936127,X59925778X,Mr.,Leopoldo762,Lind531,,,S,white,nonhispanic,M,Pittsfield  Massachusetts  US,425 Wolf Village,Leominster,Massachusetts,Worcester County,,42.52843333767984,-71.76235801721404,1349105.44,8337.17
3b5e4fcf-94a4-47f1-bc23-fe401139129e,1921-04-12,1985-05-02,999-66-8593,S99990673,X89566385X,Mr.,Delmar187,Heaney114,,,M,white,nonhispanic,M,St Petersburg  St Petersburg  RU,732 Beier Bypass Unit 16,Yarmouth,Massachusetts,Barnstable County,,41.6997790613141,-70.27120653492354,1641427.03,14385.279999999995
11af129a-a210-44b6-b4bc-a5adef953ed9,1974-07-31,,999-12-8531,S99911049,X28296986X,Mr.,Anton902,Frami345,,,S,white,nonhispanic,M,Hadley  Massachusetts  US,175 Collier Brook,Worcester,Massachusetts,Worcester County,1608.0,42.236099842189226,-71.80138435898914,940642.42,3890.36
97397fca-2aba-42d3-93af-ff9e4ccebec1,2019-05-03,,999-23-4915,,,,Theodore876,Bauch723,,,,white,nonhispanic,M,Barnstable  Massachusetts  US,692 Johnson Gate Apt 21,Somerset,Massachusetts,Bristol County,,41.75406352987447,-71.17415248865835,27512.66,844.1199999999999
3ceae212-3aad-49cc-8810-619de7dc89ce,1921-04-12,1985-10-30,999-75-6317,S99921540,X50464103X,Mr.,Enrique929,Walter473,,,M,white,nonhispanic,M,St Petersburg  St Petersburg  RU,719 Carroll Forge Unit 71,Yarmouth,Massachusetts,Barnstable County,,41.70847563435849,-70.17694116587373,1329691.37,4719.36
e987d9bd-83d3-41bb-9135-c31fd2d3d353,1963-11-22,,999-75-2303,S99987372,X45361944X,Mr.,Refugio197,Hauck852,,,S,white,nonhispanic,M,Millbury  Massachusetts  US,563 Wintheiser Terrace Apt 97,Mashpee,Massachusetts,Barnstable County,,41.657623062394514,-70.50837127421887,1513044.95,5516.24
3279cc74-f455-4a2c-b7d5-dd9dfdc09d53,2003-10-30,,999-30-5710,S99991117,,,Erna640,Tromp100,,,,white,nonhispanic,F,Peabody  Massachusetts  US,297 Stiedemann Skyway Unit 58,Sutton,Massachusetts,Worcester County,,42.13619164382831,-71.75331150999702,340632.48,3197.24
f5596c7c-da35-4ed0-ab5d-afd0098ee161,1944-11-12,2013-05-29,999-36-2990,S99936297,X12689735X,Mr.,Alphonse92,Koch169,,,M,white,nonhispanic,M,Gardner  Massachusetts  US,296 Waelchi Mill,Beverly,Massachusetts,Essex County,1915.0,42.62055383996872,-70.8911839308468,222527.65,6937.679999999999
4ad560ce-a640-4885-8581-21ebf430fdf3,1972-06-02,,999-53-1304,S99997182,X32758609X,Mrs.,Josefina523,Barrera709,,Segovia340,M,white,hispanic,F,Caracas  Capital District  VE,397 O'Kon Estate Suite 19,Northbridge,Massachusetts,Worcester County,,42.096076001764345,-71.62103658736547,152555.88,16101.909999999998
f21b8d71-b494-4170-a3d7-3ef09cc6ef9a,1993-10-27,,999-73-8667,S99985217,X87150011X,Mr.,Galen747,Rutherford999,,,,white,nonhispanic,M,North Reading  Massachusetts  US,640 Torphy Gateway Unit 51,Boston,Massachusetts,Suffolk County,2130.0,42.25036851067109,-71.07044493499727,545858.84,3030.52
b4c87ea1-72a0-45bf-bd76-a77a66a12e87,1945-10-04,,999-70-3466,S99915799,X79135410X,Mrs.,Mirta419,Parisian75,,Lindgren255,M,white,nonhispanic,F,Worcester  Massachusetts  US,818 Shanahan Crossroad,Everett,Massachusetts,Middlesex County,,42.39033745895185,-71.10239055379593,1490762.46,13848.489999999998
3dd80d64-34af-4e84-ae3a-60a917a7d51f,1987-08-12,,999-99-1965,S99999770,X8632843X,Ms.,Louann705,Volkman526,,,S,white,nonhispanic,F,Braintree  Massachusetts  US,280 Bashirian Spur Unit 49,Malden,Massachusetts,Middlesex County,,42.41765163897905,-71.06433968290709,837720.64,8391.72
35b22090-7a5e-4d6d-85d8-0aa857f1ed30,1972-09-10,,999-75-7371,S99973725,X10127728X,Ms.,Hae300,Mertz280,,,S,asian,nonhispanic,F,Hanover  Massachusetts  US,449 Orn Trafficway,Hopkinton,Massachusetts,Middlesex County,,42.2113066230968,-71.50529710221966,1251147.59,4471.32
bc3ab785-4f8f-4e76-833d-74ec3ac9f373,2004-07-26,,999-31-4283,,,,Jason347,Kertzmann286,,,,white,hispanic,M,Newburyport  Massachusetts  US,250 Wyman Route Unit 84,Shirley,Massachusetts,Middlesex County,1464.0,42.54797352210212,-71.67088007450528,402183.79,3094.8
b93e281b-156c-4395-b486-7ffa331ae624,1937-04-16,,999-52-9011,S99932868,X82856783X,Mrs.,Elisabeth967,Upton904,,Kassulke119,M,white,nonhispanic,F,Boston  Massachusetts  US,701 Grady Bridge Unit 69,Sutton,Massachusetts,Worcester County,,42.0885327914029,-71.71709555912412,1703600.2000000002,20181.9
367b54a8-0d36-4125-9eb6-960adb5f0aa2,1952-08-08,2020-02-23,999-16-3902,S99924260,X5707361X,Mr.,Peter292,Sauer652,,,M,asian,nonhispanic,M,Cantho  Cần Thơ  VN,1050 Gleason Dale,Cambridge,Massachusetts,Middlesex County,2142.0,42.41102958629763,-71.14725716753058,1344025.42,6294.32
61a5b6a7-2692-40f8-998b-ba8430d799a2,1944-11-12,,999-51-3764,S99947671,X77465816X,Mr.,Winston220,Kuhn96,,,M,white,nonhispanic,M,Abington  Massachusetts  US,447 Reilly Green,Beverly,Massachusetts,Essex County,,42.551506121179536,-70.83200619037,269609.12,22722.89
1ba62f17-59ed-4e38-acb5-8364dfa6ceec,2017-12-22,,999-63-1689,,,,Carlo647,Weber641,,,,white,nonhispanic,M,Boston  Massachusetts  US,532 Hintz Drive Unit 84,Worcester,Massachusetts,Worcester County,1606.0,42.27105112229679,-71.88282178425602,7729.57,1369.9199999999998
dcf05757-61a7-44e0-830d-88fd872bed9b,2008-11-27,,999-86-9573,,,,Lea264,Weissnat378,,,,white,nonhispanic,F,Oak Bluffs  Massachusetts  US,576 Torp Pathway Apt 50,Newton,Massachusetts,Middlesex County,2462.0,42.3395844795372,-71.19684502993145,276539.68,3096.48
bc5047af-2615-4c67-a064-521ae80bd2f7,1952-11-26,,999-47-7499,S99976628,X64692016X,Mr.,Chet188,Leffler128,,,S,black,nonhispanic,M,Lenox  Massachusetts  US,1053 Bogisich Burg,Carver,Massachusetts,Plymouth County,,41.91408495779284,-70.69974940351116,240727.57,82137.06999999999
f1798018-31dc-4c21-9bee-9aaa609608c3,1970-02-18,,999-85-9350,S99921291,X61583298X,Mrs.,Emeline473,Swaniawski813,,Dibbert990,M,white,nonhispanic,F,Norton  Massachusetts  US,353 Haley Dam,North Reading,Massachusetts,Middlesex County,,42.59770695201059,-71.1234043856201,1049920.93,11505.559999999998
0b6c43b2-121d-413f-a48b-2813aa6fc876,1952-03-24,1999-05-10,999-25-6562,S99920918,X52635953X,Ms.,Victoria535,Benavides239,,,S,white,hispanic,F,Tegucigalpa  Francisco Morazán  HN,937 Senger Well,Manchester-by-the-Sea,Massachusetts,Essex County,,42.51849804127091,-70.72432763356004,1062501.12,6807.559999999999
a1148570-8198-46e1-8721-7fe2d8c7c465,1999-02-09,,999-60-8075,S99964312,X16134345X,Mr.,Juan88,Fahey393,,,,black,nonhispanic,M,Amherst  Massachusetts  US,402 Dach Port,Chicopee,Massachusetts,Hampden County,1020.0,42.220294132043584,-72.52901770727587,543892.0,3666.4
a037df20-8a7c-4ea3-9bab-8732105146f3,1954-03-13,,999-96-1980,S99918893,X52347879X,Mrs.,Willetta882,Carter549,,Frami345,M,white,nonhispanic,F,New Bedford  Massachusetts  US,490 Kertzmann Forge,Gloucester,Massachusetts,Essex County,,42.60503523777603,-70.68636983771952,1620796.8,15982.259999999998
d89bbcf6-317b-4c24-a188-6c144c3c2660,2000-01-04,,999-57-5368,S99990356,X70822889X,Ms.,Karima879,Collins926,,,,white,nonhispanic,F,Somerville  Massachusetts  US,1060 Heller Heights Unit 3,Boxford,Massachusetts,Essex County,,42.72852959423184,-71.06155689275721,443769.79,4445.179999999999
ccd113fe-5495-4acd-bdcc-49ff6835f7b8,1984-01-09,,999-71-9840,S99924638,X2503142X,Mrs.,Jung484,Prohaska837,,Streich926,M,white,nonhispanic,F,Needham  Massachusetts  US,965 Bauch Divide,Mansfield,Massachusetts,Bristol County,,42.01955682470638,-71.23335494053681,771819.02,6894.419999999999
6288d860-f79a-4e0a-9f50-abbc8e99c3d5,2013-11-24,,999-40-7900,,,,Dan465,Huel628,,,,white,nonhispanic,F,Attleboro  Massachusetts  US,961 Jaskolski Trail,Somerville,Massachusetts,Middlesex County,2145.0,42.38333720145102,-71.09991673950965,164417.69,2283.2
2a16b49f-f268-4e32-9cb9-f8f4e2648b30,2003-12-05,,999-90-1452,S99936051,,,Arnetta705,Roob72,,,,white,nonhispanic,F,Salem  Massachusetts  US,701 Lakin Ferry,Boston,Massachusetts,Suffolk County,2118.0,42.33161563681139,-71.13235312881613,345706.36,3393.88
3ac4c2be-1c7b-462d-9c55-711c81fcb5ed,1988-09-10,,999-68-5039,S99971748,X80257132X,Ms.,Charis952,Fahey393,,,S,white,nonhispanic,F,Wareham  Massachusetts  US,277 Volkman Rest Unit 44,Worcester,Massachusetts,Worcester County,1603.0,42.38249359543197,-71.76893602521861,661455.34,7775.469999999999
70e540b2-e598-4b5e-a8d4-45c6010a2b89,1991-05-31,,999-22-1822,S99924150,X54968526X,Mrs.,Christiane220,Doyle959,,Lowe577,M,white,nonhispanic,F,Chicopee  Massachusetts  US,936 Jacobs Neck,Medford,Massachusetts,Middlesex County,2155.0,42.376793265428674,-71.04423442865367,91560.24,6496.48
01f00ecf-ad1d-482a-9197-3a57aaf3219c,1951-09-14,,999-96-2822,S99966153,X88158365X,Mr.,Isidro558,Towne435,,,M,white,nonhispanic,M,Boston  Massachusetts  US,417 Kessler Ranch,Brookline,Massachusetts,Norfolk County,,42.304471837429325,-71.11075990513886,1345259.04,6094.09
315533a6-a984-4741-91b3-c2066c916aee,1941-02-01,1982-10-23,999-45-1026,S99959544,X73285893X,Mr.,Ramiro608,Lynch190,,,M,white,nonhispanic,M,Fitchburg  Massachusetts  US,1086 Hayes Manor,Boston,Massachusetts,Suffolk County,2129.0,42.283335488066335,-71.17465896347545,867096.26,4719.36
00b5a2ec-987e-49dc-a2eb-5a2ef98d4566,1985-03-07,2012-05-31,999-43-1413,S99996118,X5019093X,Mr.,Marcelo725,Heaney114,,,M,white,nonhispanic,M,Waltham  Massachusetts  US,756 Zboncak Rest,Arlington,Massachusetts,Middlesex County,,42.46700231024296,-71.16488373079773,668850.25,4688.719999999999
12a22861-e632-43b2-a358-fb4f88ccb256,1964-03-01,,999-77-7625,S99967622,X56870482X,Mr.,Israel728,Weber641,,,M,white,nonhispanic,M,Natick  Massachusetts  US,222 Runte Harbor Unit 6,Wayland,Massachusetts,Middlesex County,,42.36890586087138,-71.35270454342864,1231360.69,26294.75
52e5e8d7-fb13-4ef6-9677-cc3f8f6ae277,1990-04-01,,999-63-1837,S99932994,X3179888X,Mrs.,Carl856,Howe413,,Greenholt190,M,white,nonhispanic,F,Lowell  Massachusetts  US,807 Pfannerstill Village,Holyoke,Massachusetts,Hampden County,1040.0,42.22119717939146,-72.60638374895794,688830.98,8270.029999999999
2d3966bb-11b5-4331-aa6b-f56a2391aaa1,2004-07-31,,999-94-8636,,,,Randall756,Shanahan202,,,,white,nonhispanic,M,Ludlow  Massachusetts  US,995 Stamm Divide,Lawrence,Massachusetts,Essex County,1840.0,42.71414463584351,-71.19674892098892,381304.82,3093.96
99a5c3dd-b71b-4ca3-a9d2-f4f46c518c8f,1922-07-20,1995-03-05,999-11-4014,S99969675,X22404315X,Ms.,Trinidad33,West559,,,S,white,nonhispanic,F,Peabody  Massachusetts  US,1088 Kunze Lane Suite 60,Boston,Massachusetts,Suffolk County,,42.32541280924936,-71.02178302897703,1385502.12,24243.38
eae185a3-8b54-45eb-890d-0204c833cae4,1974-09-10,,999-65-9610,S99951192,X30610084X,Mr.,Jermaine675,Kerluke267,,,M,white,nonhispanic,M,Medford  Massachusetts  US,953 Zieme Pathway Unit 20,Worcester,Massachusetts,Worcester County,1603.0,42.2884658249206,-71.76434586083195,1081031.44,4470.44
fe741e57-66dc-4267-be82-cadbd2162070,1992-11-09,,999-88-5972,S99950705,X12207354X,Mrs.,Andera917,Hyatt152,,Hackett68,M,white,nonhispanic,F,Oxford  Massachusetts  US,577 Mann Crossroad,Brookline,Massachusetts,Norfolk County,,42.321546149959765,-71.0979329277462,474911.79,7657.649999999999
a3979e58-03bf-46f4-8b9e-decf266b5a4b,1989-01-12,,999-67-5076,S99923778,X12632106X,Mr.,Chauncey770,Waters156,,,M,white,nonhispanic,M,Lynn  Massachusetts  US,448 Kunde Frontage road Unit 32,North Attleborough,Massachusetts,Bristol County,,41.9512132494989,-71.2932137113034,794462.84,3739.68
38f11b01-b464-4f38-a682-c3fdff6a2f29,1918-06-12,2003-04-29,999-63-8626,S99932184,X60948731X,Mr.,Clark193,Kub800,,,M,white,nonhispanic,M,East Longmeadow  Massachusetts  US,861 Kerluke Corner,Boston,Massachusetts,Suffolk County,2116.0,42.39544199959532,-71.04045586505643,1473258.81,22672.04
c27369fb-c6a5-4ae1-8ace-f168ba60f0c2,1963-05-27,,999-97-4683,S99996551,X24049261X,Mrs.,Noemi984,Predovic534,,Gutkowski940,M,white,nonhispanic,F,Boston  Massachusetts  US,658 Schroeder Bypass Unit 26,Sharon,Massachusetts,Norfolk County,2067.0,42.129857955331374,-71.21999948385648,1169630.77,10478.47
68944e53-a4dd-4770-bbc4-486cd9c49f87,1944-02-09,,999-53-8500,S99959285,X25287782X,Mr.,Timmy68,Rodriguez71,,,M,white,nonhispanic,M,Lowell  Massachusetts  US,245 Kautzer Rest Suite 19,Holyoke,Massachusetts,Hampden County,,42.22651591181909,-72.60913437611282,1392354.61,13493.12
e22d10c1-6303-4e94-9b7a-a2a39bc29b48,1967-04-26,,999-10-2757,S99999533,X26168248X,Mrs.,Anthony633,Lindgren255,,Hyatt152,M,white,nonhispanic,F,Boston  Massachusetts  US,944 Satterfield Wall,Chicopee,Massachusetts,Hampden County,1013.0,42.202254873499946,-72.58848413377054,683485.85,20791.68
c3616f42-010b-4771-8b60-c6d52f7cd3a3,1958-11-25,2020-03-22,999-63-3507,S99912727,X60976885X,Mr.,Raymon366,Miller503,,,M,white,nonhispanic,M,Medford  Massachusetts  US,838 Collier Loaf,Leominster,Massachusetts,Worcester County,1420.0,42.55268041028779,-71.84381131389624,1629657.95,4497.16
51dedcdb-cf15-4f7c-b2dd-812f4ed6f277,1982-07-22,,999-75-3408,S99997486,X71058203X,Mrs.,Leigha840,Hartmann983,,Gleason633,M,white,hispanic,F,Gloucester  Massachusetts  US,567 Swift Throughway,Everett,Massachusetts,Middlesex County,,42.47895259386394,-71.09151281181519,828166.58,9568.45
dc582432-67cd-4f64-a526-a4a37cc1b924,1990-06-21,,999-50-8978,S99928822,X78006875X,Mr.,Rupert654,Dickinson688,,,M,white,nonhispanic,M,Cambridge  Massachusetts  US,1014 Green Village,Marshfield,Massachusetts,Plymouth County,2050.0,42.16154157236515,-70.75890681821392,92656.82,5132.04
c3597c59-cfb3-4e5a-99d3-2920b08a41e7,1982-08-26,,999-51-1517,S99987517,X26484543X,Mrs.,Jackeline690,Davis923,,Bradtke547,M,asian,nonhispanic,F,Attleboro  Massachusetts  US,1003 Breitenberg Port Suite 70,Lexington,Massachusetts,Middlesex County,,42.42308977915887,-71.20969143963542,960385.7,3773.0
67b82dac-2bc5-4a68-a618-e44ad07272f9,1977-09-10,,999-41-7749,S99915734,X82216836X,Mrs.,Billy698,Waters156,,Stokes453,M,white,nonhispanic,F,Leicester  Massachusetts  US,287 Schumm Orchard,Wilmington,Massachusetts,Middlesex County,1887.0,42.51905387384953,-71.15948273008773,1065226.11,6316.919999999999
ae2bd435-61b6-4b12-885d-65d002b88a84,1918-06-12,2009-09-26,999-58-8135,S99982145,X40898661X,Mr.,Tyron580,Botsford977,,,M,white,nonhispanic,M,Springfield  Massachusetts  US,511 Steuber Plaza Suite 51,Boston,Massachusetts,Suffolk County,2126.0,42.36470384663528,-71.09794904731928,1570912.4,8922.57
865fa458-3738-4a3c-842f-7424341b41b7,1943-11-19,,999-35-5144,S99918637,X57194X,Ms.,Jazmin969,Orn563,,,S,white,nonhispanic,F,Salem  Massachusetts  US,765 Schaden Walk Suite 72,Acton,Massachusetts,Middlesex County,,42.468782754743714,-71.41816875057975,1613053.67,11161.69
acb22974-58ba-42fd-80d1-aac479d5a051,1962-02-12,,999-29-5308,S99923366,X44132274X,Mr.,Harris789,Bogan287,,,M,white,nonhispanic,M,Norfolk  Massachusetts  US,185 Lebsack Boulevard Unit 6,Groton,Massachusetts,Middlesex County,1450.0,42.63033945334821,-71.60147700113072,1337136.66,5225.33
c2e1e551-4e75-4ab1-80ba-87c075e89760,2012-09-04,,999-44-1380,,,,Kermit56,Adams676,,,,white,nonhispanic,M,Chelsea  Massachusetts  US,907 Satterfield Meadow Unit 34,Townsend,Massachusetts,Middlesex County,1469.0,42.615710744529984,-71.69271102078856,170282.09,2770.64
5a71d47b-80bb-4c25-9511-85052dd5a9b8,1989-12-03,,999-91-9866,S99954501,X32402090X,Mr.,Alonzo487,McLaughlin530,,,M,white,hispanic,M,Boston  Massachusetts  US,518 Oberbrunner Avenue,Chelsea,Massachusetts,Suffolk County,2150.0,42.40928484237951,-71.02927312846631,95606.48,9000.18
e312fa95-a8a8-4b65-8f82-d5274038993c,2016-05-07,,999-30-8798,,,,Marquita692,Schinner682,,,,white,nonhispanic,F,Winchester  Massachusetts  US,783 Gerhold Approach,Quincy,Massachusetts,Norfolk County,2171.0,42.27399467851275,-71.09975448580977,103218.96,1886.56
878a74c8-015a-44e4-bf32-7a473e126531,1963-01-15,2020-03-21,999-33-3204,S99959104,X42122276X,Mrs.,Christeen33,Mertz280,,Hackett68,M,white,nonhispanic,F,Malden  Massachusetts  US,902 Haag Fort,Holden,Massachusetts,Worcester County,,42.30818455750266,-71.84291800261943,1163619.62,13954.55
512afe50-323f-4c9e-9784-68352b43fdf4,1999-09-25,,999-10-9577,S99945243,X46773285X,Mr.,Harland508,Rice937,,,,white,nonhispanic,M,Middleborough  Massachusetts  US,618 Hilll Avenue,Brookline,Massachusetts,Norfolk County,2215.0,42.34920025515859,-71.16243262380004,498439.82,3860.52
66afde17-b055-48b4-8888-6829a8e51056,1963-01-15,,999-49-7272,S99920613,X73578789X,Mrs.,Iona921,Schmitt836,,Wunsch504,M,white,nonhispanic,F,Peabody  Massachusetts  US,127 Schultz Fort Unit 1,Holden,Massachusetts,Worcester County,,42.40109724159751,-71.82856188801294,1299401.32,9464.919999999998
1308e3c0-023b-4b04-b722-5dc9da055031,1911-01-02,2020-03-21,999-41-4912,S99932399,X88799996X,Mr.,Clay913,Gerlach374,,,M,white,nonhispanic,M,Windsor  Massachusetts  US,815 Moore Approach,Lexington,Massachusetts,Middlesex County,2421.0,42.43035209990356,-71.1906101002803,1721612.87,274224.49999999994
64ca7741-6dce-4ece-8044-bcb75a3f30eb,2002-02-26,,999-66-4859,S99984361,,Mr.,Robt687,Hegmann834,,,,white,nonhispanic,M,New Bedford  Massachusetts  US,1030 Sauer Pathway,Westborough,Massachusetts,Worcester County,1581.0,42.24618291851026,-71.61290072298642,397610.32,3209.09
e874eb63-442e-437a-b4af-b0e02f092a7f,1911-01-02,,999-51-7781,S99991398,X29101219X,Mr.,Rayford811,Gislason620,,,M,white,nonhispanic,M,Medford  Massachusetts  US,1041 Okuneva Flat,Lexington,Massachusetts,Middlesex County,2421.0,42.39492190367648,-71.2675612239142,1548632.46,15633.2
c45cc57f-cc86-4b3f-ae6d-331c0432cfc3,2018-04-13,,999-10-3619,,,,Versie644,Lang846,,,,white,nonhispanic,F,Watertown  Massachusetts  US,926 Gleichner Street,West Springfield,Massachusetts,Hampden County,,42.15963807482833,-72.66916469000343,55256.11,1715.7199999999998
863f8858-ae2c-49ae-9725-d13623dce5c5,1949-05-28,,999-24-1326,S99930392,X3091556X,Mr.,Rufus33,Lowe577,,,M,white,nonhispanic,M,Everett  Massachusetts  US,1041 Ritchie Frontage road Suite 62,Lawrence,Massachusetts,Essex County,1841.0,42.73296957019056,-71.2048801177107,1429128.64,7297.74
1b255fb3-cdd6-4f99-b174-0ab6cd9cb012,2003-03-20,,999-73-4552,S99951349,,,Suanne858,Wunsch504,,,,black,nonhispanic,F,Lowell  Massachusetts  US,414 Klocko Rapid Suite 74,Marshfield,Massachusetts,Plymouth County,,42.11417598885739,-70.67072793435634,374313.49,3203.92
ad69207d-9636-4b1b-9523-a0b32bb239a2,1997-03-14,,999-90-9363,S99926572,X541837X,Ms.,Ria154,Shields502,,,,white,nonhispanic,F,Southwick  Massachusetts  US,503 Halvorson Trace,Douglas,Massachusetts,Worcester County,,42.09590217363247,-71.77098204847863,532931.97,3147.24
e94b8065-0ece-4cae-bf65-cce930eaebc3,1975-12-28,,999-60-2692,S99954592,X25703869X,Mr.,Sal878,Hintz995,,,M,white,nonhispanic,M,Mashpee  Massachusetts  US,348 Zemlak Harbor,Fitchburg,Massachusetts,Worcester County,1420.0,42.59915121146478,-71.84913829198568,1073091.67,4688.719999999999
b3c7998f-1003-491f-93c0-8ffb4b8f6113,1988-01-05,,999-19-6024,S99999230,X89137978X,Mrs.,Wilma646,Kub800,,Veum823,M,white,nonhispanic,F,Ashland  Massachusetts  US,661 Schuster Light Unit 66,Boston,Massachusetts,Suffolk County,2110.0,42.37196851298687,-70.97560969150328,767592.1,4788.13
2f19f93f-2f61-4c89-aa6a-1f1aaa73ec44,2003-08-30,,999-51-2669,S99913859,,,Elise948,Langosh790,,,,white,nonhispanic,F,Dracut  Massachusetts  US,614 Raynor Branch Suite 73,Uxbridge,Massachusetts,Worcester County,,42.10355851132926,-71.60791899540072,444238.09,2734.0
016861de-80d1-4e98-9266-62284b1a5952,1918-06-12,2020-03-16,999-84-6636,S99969957,X23206242X,Mr.,Elijah719,Mann644,,,M,white,nonhispanic,M,Methuen  Massachusetts  US,1060 Corkery Dam Suite 44,Boston,Massachusetts,Suffolk County,2119.0,42.33337963225328,-71.08610802872583,1797911.81,132611.88999999998
d92bb5ab-c782-4286-82e0-10bbaf5fdc50,1956-08-25,,999-96-9610,S99930769,X79451919X,Ms.,Gabriela205,Kunde533,,,S,white,nonhispanic,F,Shrewsbury  Massachusetts  US,545 Paucek Harbor,Westport,Massachusetts,Bristol County,,41.61627435928797,-71.05018285123232,1364145.59,11764.479999999998
e94ed35c-66d6-4d45-9629-31bf2a4de049,2002-04-07,,999-20-3557,S99915598,,Ms.,Eugene421,Medhurst46,,,,white,nonhispanic,F,Medfield  Massachusetts  US,120 Littel Trace,Stockbridge,Massachusetts,Berkshire County,,42.2643957115477,-73.33808292569273,459780.39,3468.08
e2ee61a0-c1b9-4d38-822c-9004e3194243,1971-10-26,,999-19-2886,S99940410,X68973524X,Mrs.,Chantel847,Schamberger479,,Schaden604,M,white,nonhispanic,F,New Bedford  Massachusetts  US,752 Koelpin Arcade,Stoughton,Massachusetts,Norfolk County,,42.07917525261046,-71.05879204736584,1170960.25,6961.489999999999
ac016e32-56d2-4dde-8ac1-c97cf31a8b18,1992-01-13,,999-89-2903,S99928636,X54882939X,Mr.,Troy560,Ritchie586,,,S,white,nonhispanic,M,Whitman  Massachusetts  US,823 Brakus Bypass Unit 33,Seekonk,Massachusetts,Bristol County,,41.81417183954414,-71.31240050293786,619300.27,6337.53
981841b7-b4bb-4605-9c96-ebc04849ccb7,1985-02-28,,999-61-1021,S99923280,X88162126X,Ms.,Shawnna218,Hirthe744,,,S,asian,nonhispanic,F,Hanoi  Hà Đông  VN,703 Thompson Overpass Apt 53,Marlborough,Massachusetts,Middlesex County,1752.0,42.38049745845427,-71.52608352918678,821029.06,18726.88
939e8447-a499-4d39-b79a-d5b11346fa46,1941-12-04,2019-10-14,999-52-4471,S99962143,X33199872X,Mr.,Cody889,Wilkinson796,,,M,asian,nonhispanic,M,Incheon  Incheon  KR,702 Schaefer Course Suite 49,Newton,Massachusetts,Middlesex County,2459.0,42.356256061879805,-71.20737529494674,1395910.4400000002,18765.52999999999
9914f25e-a4c4-4ab2-b80f-d7da3efbd1d1,2008-09-22,,999-43-8329,,,,Ozzie259,Hayes766,,,,white,nonhispanic,M,North Attleborough  Massachusetts  US,668 Boyer Terrace Suite 57,Hopkinton,Massachusetts,Middlesex County,1748.0,42.2124507009194,-71.54153415138445,36153.84,3274.8
f186620a-1f79-494d-93b2-8e29e618a36f,1978-06-29,,999-95-8861,S99923623,X38082366X,Mr.,Nelson403,Gusikowski974,,,M,white,nonhispanic,M,Springfield  Massachusetts  US,959 Grant Key,Billerica,Massachusetts,Middlesex County,,42.595797339978034,-71.30710355116103,914778.26,7199.159999999998
a51abdb3-ac5f-4b40-90f1-e9dccacdff8d,1954-02-26,2016-03-19,999-41-7202,S99943738,X22376121X,Ms.,Hildegarde627,Larson43,,,S,white,nonhispanic,F,Medway  Massachusetts  US,949 Shields Tunnel,Boston,Massachusetts,Suffolk County,2118.0,42.42914214600775,-71.03867815728297,1338733.65,16728.729999999996
dc06858c-3b40-46fb-82ee-df07bc0a9363,1918-06-12,1983-12-15,999-68-6501,S99914023,X4212699X,Mr.,Gregg522,Rosenbaum794,,,M,white,nonhispanic,M,Weymouth  Massachusetts  US,894 Wilkinson Crossing Apt 28,Boston,Massachusetts,Suffolk County,2119.0,42.33735845729539,-71.00322160128012,1506595.2000000002,6626.759999999999
e8a10daa-4b19-4676-85f9-4eaa11d2eb63,2000-03-22,,999-43-2387,S99984903,X50831678X,Ms.,Cathleen724,Stanton715,,,,white,nonhispanic,F,Holyoke  Massachusetts  US,707 White Club,Hatfield,Massachusetts,Hampshire County,1038.0,42.4127732829388,-72.58911915993146,469426.05,7369.279999999999
bc2f6efa-a2aa-4742-ace8-4a4ef6db3a52,1954-02-26,,999-93-4394,S99968952,X73733338X,Mrs.,Rosalind66,Runolfsdottir785,,Zemlak964,M,white,nonhispanic,F,Springfield  Massachusetts  US,444 Berge Row,Boston,Massachusetts,Suffolk County,2163.0,42.31749481770218,-71.12994154151411,1410906.96,13468.009999999998
a19b969c-f057-4c5c-9c5a-97005652595f,1913-07-09,,999-28-8167,S99940041,X36638420X,Mr.,Jospeh459,Lynch190,,,S,white,nonhispanic,M,Hanson  Massachusetts  US,316 Rempel Club Suite 26,Billerica,Massachusetts,Middlesex County,,42.52618040941371,-71.25072939572148,1545719.32,27626.12
d777f78c-5864-4acb-9d49-fb306b18d3bb,1949-06-16,,999-34-4742,S99984949,X62716110X,Mrs.,Paulita78,Kuhn96,,Wisozk929,M,white,nonhispanic,F,Somerset  Massachusetts  US,407 Raynor Knoll Apt 88,Arlington,Massachusetts,Middlesex County,2474.0,42.41377191956768,-71.19501401300036,1497396.92,10660.39
d990971f-6e32-4f20-a975-bbd6ab0a6258,1987-11-22,,999-13-8935,S99992059,X68368350X,Mrs.,Lore422,Conn188,,Prosacco716,M,white,nonhispanic,F,Lowell  Massachusetts  US,1087 Jast Loaf Apt 22,Foxborough,Massachusetts,Norfolk County,,42.10820803305957,-71.29508199199539,756710.04,3538.84
9f6f874c-5943-429d-bf84-7937181334ab,2001-04-26,,999-87-7860,S99966349,,Ms.,Lashawnda573,Collier206,,,,white,nonhispanic,F,Boston  Massachusetts  US,874 Waelchi Wynd Suite 37,Worcester,Massachusetts,Worcester County,1607.0,42.22592291214578,-71.81702384867619,59161.21,4151.7
1b398d08-2fda-4eaf-a7f1-0acc993e1a97,1996-01-27,,999-62-7027,S99956182,X68632782X,Ms.,Eda506,Senger904,,,,white,nonhispanic,F,Holden  Massachusetts  US,475 Nienow Trafficway,Haverhill,Massachusetts,Essex County,1832.0,42.7593230866252,-71.10773176701473,528519.21,4464.29
238fb70c-8a93-4f08-ae33-cb2bdd69f696,1978-09-11,,999-73-6524,S99937528,X5204266X,Ms.,Mariana775,Carbajal274,,,S,white,hispanic,F,Caracas  Capital District  VE,564 Cruickshank Trafficway,Oxford,Massachusetts,Worcester County,1540.0,42.09011133726938,-71.84045275898347,67034.19,4153.009999999999
6a3000ac-b7c5-4e15-b33d-a8ddefba204f,1967-07-02,,999-20-3531,S99990963,X5396559X,Mrs.,Soila394,Doyle959,,Gleichner915,M,white,nonhispanic,F,Fall River  Massachusetts  US,127 Schroeder Light Apt 92,Wareham,Massachusetts,Plymouth County,,41.71355986594161,-70.70592873176057,1161485.16,7446.419999999999
0167dcfe-6af3-4ebf-b83f-c271eb631019,1955-10-12,1964-09-17,999-44-5440,,,,Quincy153,Kihn564,,,,white,nonhispanic,M,Beverly  Massachusetts  US,110 McCullough Boulevard Apt 72,Brockton,Massachusetts,Plymouth County,2301.0,42.04701473167778,-71.04065828668938,28270.49,1452.36
8b04c1bf-1c15-4253-aed6-f4955ee75f96,1949-08-16,,999-10-1427,S99970207,X54238645X,Mrs.,Dusty207,Kulas532,,Little434,M,white,nonhispanic,F,Amherst  Massachusetts  US,803 Corkery Walk,Medford,Massachusetts,Middlesex County,2155.0,42.39938649398532,-71.0610112022575,1400856.54,15275.129999999996
26fd76a5-58f8-4996-a405-7916bca6b2ec,1918-06-12,2001-03-21,999-32-3727,S99944771,X85835072X,Mr.,Mitchel812,Parker433,,,S,white,nonhispanic,M,Dartmouth  Massachusetts  US,342 Rempel Pathway,Boston,Massachusetts,Suffolk County,2108.0,42.40499262362476,-71.16987898432171,1468057.07,9660.67
4191010e-b4fd-48b1-ae74-996da3006a57,1993-01-03,,999-19-8123,S99921295,X20026591X,Ms.,Ta701,Zboncak558,,,S,white,nonhispanic,F,Kingston  Massachusetts  US,348 Jast Arcade,Worcester,Massachusetts,Worcester County,1545.0,42.2899127295926,-71.84973977936285,696612.16,3928.84
2d9e71e7-3510-4895-8379-69b72a48d3ed,1933-10-21,2002-10-07,999-26-1084,S99955835,X41469376X,Mr.,Daren950,D'Amore443,,,M,white,nonhispanic,M,Amesbury  Massachusetts  US,173 Bauch Lock Unit 70,Boston,Massachusetts,Suffolk County,2119.0,42.33418565059541,-71.0684031974084,1425858.4,6361.759999999999
486b6d86-fee1-431d-9ed0-016d24e125f9,1975-05-24,,999-51-3153,S99941804,X85290067X,Mrs.,Letitia590,Smith67,,Frami345,M,white,nonhispanic,F,Athol  Massachusetts  US,167 Ledner Park Unit 90,Chelmsford,Massachusetts,Middlesex County,,42.62437479790679,-71.34981473300145,832107.6799999999,13468.78
cc15f655-96c9-4206-b1f4-0c9d264782fa,1971-01-07,,999-86-8104,S99937253,X61662860X,Mrs.,Twanda979,McDermott739,,Windler79,M,asian,nonhispanic,F,Shanghai  Shanghai Municipality  CN,312 Carter Forge Unit 47,Middleton,Massachusetts,Essex County,,42.63829223046893,-70.97507987374537,1092789.62,11663.429999999998
3a7606e6-dcbd-4257-a047-11d2e21d48bf,1989-10-16,,999-15-3189,S99945117,X63881381X,Mrs.,Tricia672,Dare640,,Borer986,M,white,nonhispanic,F,Waltham  Massachusetts  US,593 Kuphal Row Apt 80,Pittsfield,Massachusetts,Berkshire County,1201.0,42.43603021052159,-73.28187512815086,711113.13,3204.72
bcaefc44-81cb-4e5e-8fed-1a6b68d7ac55,1912-02-28,,999-13-2690,S99990457,X81587613X,Ms.,Samira471,Hoeger474,,,S,white,nonhispanic,F,Boston  Massachusetts  US,370 Towne Grove,Blackstone,Massachusetts,Worcester County,,42.06155786305421,-71.5536435307766,1507493.9,33674.759999999995
67364d6e-0db8-4b0d-a500-5bb1013b59e4,1961-01-11,,999-34-4513,S99940643,X34001819X,Mrs.,Alishia395,Von197,,Bartell116,M,white,hispanic,F,New Bedford  Massachusetts  US,840 Aufderhar Bypass Unit 92,Attleboro,Massachusetts,Bristol County,,41.8831430807847,-71.25535263401633,1300351.06,12855.479999999998
c8d27259-1153-4b62-97cb-86993fdec020,1967-07-03,2017-06-23,999-78-4378,S99913664,X5940691X,Mrs.,Emmaline88,Conroy74,,Cummings51,M,white,nonhispanic,F,Weymouth  Massachusetts  US,374 Rohan Passage Suite 61,Bolton,Massachusetts,Worcester County,,42.46481913041551,-71.59222952300004,1152764.7,10785.44
fde7d6de-c332-43cf-b867-80a453945b05,1967-07-03,,999-45-6376,S99936523,X31637329X,Mrs.,Alona471,Dickinson688,,Haag279,M,white,nonhispanic,F,Arlington  Massachusetts  US,375 Feeney Crossroad Unit 97,Bolton,Massachusetts,Worcester County,,42.4208064452753,-71.60230385726715,1142978.15,8990.759999999998
d2dec176-0118-4535-ab0f-d8b2de3c849c,1972-03-31,,999-55-8642,S99935947,X89538115X,Mrs.,Hermina428,Effertz744,,McKenzie376,M,white,nonhispanic,F,Boston  Massachusetts  US,932 Aufderhar Boulevard,Newburyport,Massachusetts,Essex County,1951.0,42.82818985704988,-70.90869118269843,1017836.31,29091.05
47adb5a1-6939-4b57-9cbf-5e613987e941,1999-05-02,,999-89-2613,S99969202,X33391262X,Ms.,Kaci716,Jacobs452,,,,white,nonhispanic,F,Lakeville  Massachusetts  US,840 Emmerich Street Suite 9,Raynham,Massachusetts,Bristol County,,41.89595286444431,-71.00284366790751,433410.48,3055.56
0868da69-1c6f-4a64-8bd4-a3b340a628b0,1968-03-19,,999-25-8643,S99999859,X74680634X,Mrs.,Isis628,Morar593,,Jast432,M,asian,nonhispanic,F,Chongqing  Chongqing Municipality  CN,260 Heidenreich Mission Unit 62,Dedham,Massachusetts,Norfolk County,2026.0,42.26881264043024,-71.13476566940757,1111997.53,6849.469999999999
ad56f33a-67ae-471c-ba08-9a195dfc058c,1943-07-02,2019-06-28,999-76-6515,S99964021,X26991674X,Mrs.,Ana972,VonRueden376,,Ortiz186,M,white,nonhispanic,F,Reading  Massachusetts  US,1058 Block Avenue,Brewster,Massachusetts,Barnstable County,2631.0,41.71356564252507,-70.0277318762906,1531101.89,18894.27
50e8c578-34d2-470f-be93-b4c18efd6ff7,1957-05-04,,999-22-6868,S99970938,X3721024X,Mr.,Leonard963,Mills423,,,M,asian,nonhispanic,M,Andover  Massachusetts  US,184 Bruen Drive Apt 24,Medway,Massachusetts,Norfolk County,,42.14871618671868,-71.38818661913548,1369078.14,6551.339999999999
a0957e2f-47f7-4005-862c-0af444372184,1981-06-30,,999-81-6224,S99978795,X61429594X,Mrs.,Zita788,Senger904,,Mante251,M,white,nonhispanic,F,Boston  Massachusetts  US,874 Flatley Alley,Watertown,Massachusetts,Middlesex County,,42.389246412738416,-71.13672922334554,615570.64,7931.059999999999
961228ea-2a8b-4bbd-ae35-8a2510b69100,1953-05-04,,999-32-8279,S99913932,X20462717X,Mrs.,Lavenia98,D'Amore443,,Thiel172,M,white,nonhispanic,F,Quincy  Massachusetts  US,204 Zboncak Tunnel Unit 92,New Bedford,Massachusetts,Bristol County,2740.0,41.66950641845383,-70.91541567274766,460932.86,6919.669999999999
fcc70719-2521-4200-948b-543b316a5773,1971-07-17,,999-92-5745,S99991241,X75588467X,Mr.,Deandre599,Prosacco716,,,M,white,nonhispanic,M,Palmer  Massachusetts  US,379 Hammes Lane Unit 25,Newburyport,Massachusetts,Essex County,1950.0,42.79351283890305,-70.8484801761545,1002420.49,3232.96
623566ce-bbf1-40e2-a8ab-367de743fc63,1914-10-09,,999-35-6440,S99939778,X78950543X,Mr.,Renaldo199,Hodkiewicz467,,,M,white,nonhispanic,M,New Bedford  Massachusetts  US,1080 Hoppe Center Suite 10,Auburn,Massachusetts,Worcester County,,42.24201207121944,-71.88225292961863,1536506.49,17212.64
f39999fd-9b50-49c1-8312-b7ceff5bc7d1,1996-04-14,,999-29-1105,S99925972,X75408826X,Mr.,Jamie386,Maggio310,,,,asian,nonhispanic,M,Winchendon  Massachusetts  US,233 Marks Bay,Milton,Massachusetts,Norfolk County,2186.0,42.24812801599317,-71.05059282759231,584465.3,4053.84
6a2dc378-bf64-4b05-b7ce-ae1cb9871078,1959-09-28,,999-82-6415,S99933931,X78853218X,Mrs.,Dorotea472,Carrasquillo418,,Carrera906,M,white,hispanic,F,Mexico City  Mexico City  MX,336 Dickens Mission,Stoughton,Massachusetts,Norfolk County,,42.13241326179252,-71.05738045650617,1403815.48,10179.919999999998
da200c45-9b27-44a9-92a6-8c2b31d8a4e9,1965-01-03,,999-57-2641,S99910562,X39257979X,Mr.,Aldo414,Wisoky380,,,M,white,nonhispanic,M,North Andover  Massachusetts  US,345 Dooley Terrace Apt 3,Swampscott,Massachusetts,Essex County,,42.44892218165968,-70.85731274503783,1481176.9200000002,5442.08
b0249756-6925-46b3-b591-f15dac1a7600,2009-04-14,,999-98-1137,,,,Virgil85,Williamson769,,,,white,nonhispanic,M,Concord  Massachusetts  US,340 Auer Byway Unit 79,Carver,Massachusetts,Plymouth County,,41.843384102825,-70.73434706024571,270459.7,3032.32
078257ef-531d-4b38-8937-6d532d50fadd,2006-08-12,,999-69-1049,,,,Takisha161,Kirlin939,,,,asian,nonhispanic,F,Orange  Massachusetts  US,979 Marvin Avenue,Revere,Massachusetts,Suffolk County,,42.41302659504679,-71.00509514690891,316271.09,3433.12
0a76c7e6-52ba-47b4-abc1-b14d668f72c4,1982-03-05,,999-57-5769,S99966605,X12371695X,Mr.,Samual455,Eichmann909,,,M,white,nonhispanic,M,Stoughton  Massachusetts  US,357 Hilll Fort,Norwood,Massachusetts,Norfolk County,,42.13756373593661,-71.24295578837716,119428.57,10223.15
32fc5720-ed79-4c40-97e3-9c9c79e2c768,1966-01-13,,999-77-5090,S99926382,X15348224X,Mr.,Lupe126,Keeling57,MD,,M,black,nonhispanic,M,Pembroke  Massachusetts  US,1029 Herzog Lane,West Bridgewater,Massachusetts,Plymouth County,,41.976700052791685,-71.05468416322688,1116005.89,4634.48
7e6a0ec1-a0ac-4885-a843-adfd82ef9fc0,1970-11-25,,999-49-7015,S99924737,X61673839X,Mr.,Roscoe437,Haley279,,,M,white,nonhispanic,M,Lunenburg  Massachusetts  US,371 Kuhn Ferry,Nantucket,Massachusetts,Nantucket County,,41.30617593217813,-70.10035727622262,1192800.55,4752.879999999999
d728ee0b-cbe5-4793-b504-490b5bc6974f,1961-07-02,,999-51-4800,S99918087,X41535013X,Mrs.,Yetta429,Bruen238,,Schinner682,M,white,nonhispanic,F,Dudley  Massachusetts  US,1055 Hickle Manor,Sherborn,Massachusetts,Middlesex County,,42.194178636683816,-71.34703539575112,1367222.37,9255.87
dbdcd159-4fb7-496f-b890-d720624851a6,1996-12-01,,999-97-3677,S99918544,X12935977X,Mr.,Buford910,Bednar518,,,,asian,nonhispanic,M,Ahmedabad  Gujarat  IN,746 Toy Approach Unit 5,Marion,Massachusetts,Plymouth County,,41.74055889287904,-70.7852814194539,594614.36,3633.88
649bdccd-c4f4-4dae-92ef-cdc1ae58674c,1949-07-21,2020-03-11,999-19-8882,S99999204,X30311802X,Mrs.,Rene434,Lakin515,,Heidenreich818,M,white,nonhispanic,F,Boston  Massachusetts  US,247 Kilback Viaduct Apt 74,Worcester,Massachusetts,Worcester County,1609.0,42.313028736950365,-71.89431568767066,1519974.12,8214.24
fa9d5672-cca3-46f9-8944-94d43d59b936,1989-08-16,,999-95-7341,S99992295,X31948384X,Mrs.,Isabell86,Treutel973,,Ullrich385,M,white,nonhispanic,F,Holden  Massachusetts  US,826 Stehr Gateway,Leominster,Massachusetts,Worcester County,1453.0,42.524010959464114,-71.80920954708517,102624.7,6331.349999999999
ce5e1ed1-f819-401e-acad-191541293dc5,1936-07-24,,999-74-5211,S99994149,X79774205X,Mrs.,Velda682,Cummings51,,Shanahan202,M,white,nonhispanic,F,Worcester  Massachusetts  US,778 Murray Center Unit 88,Foxborough,Massachusetts,Norfolk County,,42.01883833033122,-71.25990044692195,1505493.48,13091.36
a882967f-ba9f-4af0-972c-c391bdb28f2d,2013-01-03,,999-95-1876,,,,Graig740,Batz141,,,,white,nonhispanic,M,Winchester  Massachusetts  US,605 Walker Way Apt 40,Marlborough,Massachusetts,Middlesex County,1752.0,42.38444082798554,-71.53037887985471,24463.46,645.8
bba7ff49-53e9-4719-9eb9-906b046f6805,2001-12-09,,999-16-9619,S99949774,,Ms.,Sara501,Beier427,,,,white,nonhispanic,F,Belmont  Massachusetts  US,479 O'Keefe Road Apt 93,Danvers,Massachusetts,Essex County,1937.0,42.612921955198125,-70.99426844286224,424284.74,3760.52
55a28325-07af-4404-a025-e5592e368228,2020-01-03,,999-62-9965,,,,Brent147,Wisozk929,,,,white,nonhispanic,M,Boston  Massachusetts  US,404 Shanahan Annex,Wellesley,Massachusetts,Norfolk County,2481.0,42.31741166513292,-71.29722287031807,11272.84,387.48
24aa7165-50da-48a6-ba32-d18648dedc65,1949-07-21,,999-85-6192,S99926547,X67849186X,Ms.,Sharita792,Hermiston71,,,S,white,nonhispanic,F,New Bedford  Massachusetts  US,780 Balistreri Fort,Worcester,Massachusetts,Worcester County,1583.0,42.21480562389936,-71.79635799060205,1443295.5,14490.629999999996
e70ef6dd-aad9-4f85-8209-3d6ec7ebdecf,1969-09-30,,999-78-4185,S99949906,X22315334X,Mrs.,Jaime666,Brown30,,Mohr916,M,white,nonhispanic,F,Boston  Massachusetts  US,783 Romaguera Extension,Savoy,Massachusetts,Berkshire County,,42.596334315020165,-72.98619986835048,1201254.93,6153.599999999999
8acf6b62-835f-47c5-a862-d5ec93163192,1955-02-07,,999-72-6238,S99953795,X23952058X,Ms.,Francine922,Hamill307,,,S,white,nonhispanic,F,Ashland  Massachusetts  US,213 Bruen Light Unit 44,Holbrook,Massachusetts,Norfolk County,2343.0,42.172382524109246,-70.9991651384527,1505892.33,10576.52
585990c9-81f4-4134-82cd-15e5159a5b75,1987-09-04,,999-71-3749,S99930367,X30149790X,Mr.,Werner409,Senger904,,,S,white,nonhispanic,M,Hatfield  Massachusetts  US,745 Muller Wynd,Holliston,Massachusetts,Middlesex County,,42.21508646520373,-71.45951448201737,793549.8,4438.8
182ed6df-c795-4d66-815b-94aace07ef37,1959-01-15,,999-73-2775,S99967438,X27113969X,Mr.,Freeman822,Veum823,,,M,white,nonhispanic,M,Beverly  Massachusetts  US,206 Jones Neck Apt 78,Halifax,Massachusetts,Plymouth County,,41.98611741522961,-70.89550882134547,1576768.29,13496.28
e35772c4-fcda-4a23-8ec3-92aa7bec0ecc,1983-04-07,,999-77-1949,S99971985,X19397040X,Mrs.,Tiny880,O'Keefe54,,Mitchell808,M,white,nonhispanic,F,Boston  Massachusetts  US,307 Heaney Course,Framingham,Massachusetts,Middlesex County,1702.0,42.29664371834586,-71.45157567129452,31868.84,294.96
5583fc0b-cf75-4fa0-b057-936ac0d73c56,1969-05-26,,999-57-3637,S99999732,X41086076X,Mr.,Juan88,Aranda843,,,S,asian,hispanic,M,Marigot  Saint Andrew Parish  DM,115 Pouros Trace,Boston,Massachusetts,Suffolk County,2135.0,42.41694943366476,-71.0141680197108,1058329.54,5396.92
8dc2ab03-b5de-4cce-a975-466301c20127,1945-11-24,,999-36-5632,S99945460,X13661170X,Mrs.,Thuy136,Hartmann983,,Hoppe518,M,white,nonhispanic,F,Rockport  Massachusetts  US,665 Bauch Avenue Apt 93,Springfield,Massachusetts,Hampden County,1129.0,42.17686396406133,-72.58988424281046,1451865.88,16260.259999999998
d9638b65-4a85-4f11-b134-0bb46b83dcd0,1962-11-29,,999-14-9226,S99956390,X12792877X,Mr.,Shayne60,Will178,,,M,white,nonhispanic,M,Douglas  Massachusetts  US,501 Hand Throughway,Burlington,Massachusetts,Middlesex County,1730.0,42.52068184824421,-71.19510149523481,1254002.39,17963.86
4c8c501b-58f6-49e2-b9e6-98480b6ec180,1996-05-20,,999-97-9981,S99911090,X83009791X,Ms.,Vanetta255,Leffler128,,,,white,nonhispanic,F,Boston  Massachusetts  US,1045 Douglas Highlands,Greenfield,Massachusetts,Franklin County,,42.58444098764033,-72.6226739167717,541561.2,3778.0
88fddcc2-ad4d-4682-9861-4f1d8945f7ed,1962-08-23,,999-64-3775,S99954700,X48634619X,Mrs.,Gabriela205,Lebrón484,,Matías497,M,white,hispanic,F,Panama City  Panama  PA,694 Emmerich Mall,Wellesley,Massachusetts,Norfolk County,2457.0,42.27164061563316,-71.22905625611544,15418.61,207.48
27da802f-47a1-4be9-92d1-e90fb1717d97,1997-06-09,,999-20-2853,S99985380,X53003932X,Mr.,Darwin703,Balistreri607,,,,white,nonhispanic,M,Taunton  Massachusetts  US,276 Marvin Mill Apt 31,Swampscott,Massachusetts,Essex County,,42.4337844745606,-70.88710977871172,547906.94,8020.039999999999
dd93fee2-ce72-4a1d-8e29-2f78b4018174,1998-07-21,,999-59-1933,S99959839,X49852533X,Ms.,Ashley34,Aufderhar910,,,,white,nonhispanic,F,Danvers  Massachusetts  US,469 Flatley Skyway Unit 80,Kingston,Massachusetts,Plymouth County,,41.96503110179912,-70.70109715178725,505119.07,3620.52
2032ed0b-cdb6-44df-b2ad-3a7b3e3c3e7b,1999-03-16,,999-25-3023,S99945614,X51956949X,Ms.,Chante435,Mertz280,,,,white,nonhispanic,F,Haverhill  Massachusetts  US,388 Feest Estate Apt 53,Lynnfield,Massachusetts,Essex County,,42.55337176209776,-70.98852676770478,569015.48,2791.48
2b2cdca5-744e-47e4-8a03-5276cfb091ad,2014-10-31,,999-88-7724,,,,Evelin941,Kuphal363,,,,white,nonhispanic,F,Boston  Massachusetts  US,1009 Schiller View,New Bedford,Massachusetts,Bristol County,2746.0,41.52235162605236,-70.97903370417296,122058.15,4932.05
4d74bc69-6a6f-4dd6-80dd-78d99b05e2ec,1913-09-18,1976-11-10,999-77-6603,S99910988,X75599227X,Mr.,Cristopher265,Klein929,,,M,white,nonhispanic,M,Taunton  Massachusetts  US,585 Collier Brook Unit 95,New Bedford,Massachusetts,Bristol County,2743.0,41.5037965218078,-70.95483801420538,1914306.87,5809.44
e376ffc7-e6b5-4a9c-80f8-fc4e4a32cc28,1963-09-01,,999-80-9401,S99956817,X47383783X,Mr.,Salvatore257,Mills423,,,M,white,nonhispanic,M,Buckland  Massachusetts  US,422 Bauch Ville,Fall River,Massachusetts,Bristol County,2721.0,41.59032288493796,-71.1034614865712,1300743.8,4663.719999999999
3291381f-4f72-4cb8-914f-7d7c1cf0e206,2001-05-30,,999-21-2257,S99929016,,Ms.,Marcell728,Dickens475,,,,white,nonhispanic,F,Swansea  Massachusetts  US,478 Morissette Grove,Wareham,Massachusetts,Plymouth County,,41.80302693837962,-70.74973385468752,6946.469999999999,0.0
39acace9-dbe1-4646-a7fe-8d81f6c8821a,1991-10-08,,999-36-6358,S99947876,X46832736X,Mr.,Cristopher265,Frami345,,,M,white,nonhispanic,M,Fitchburg  Massachusetts  US,627 Jacobs Path Unit 41,Barnstable,Massachusetts,Barnstable County,2601.0,41.65550615351604,-70.3071256822672,641260.54,76501.87999999999
64a5470b-7a44-40a2-8ed0-f32719793d61,2005-07-25,,999-96-3376,,,,Claude750,Kessler503,,,,white,nonhispanic,M,Warren  Massachusetts  US,484 Stanton Street,Saugus,Massachusetts,Essex County,,42.43932047562911,-71.05800803901202,399847.79,2805.68
20954268-31e1-4164-af71-689c74333970,1913-09-18,1977-10-15,999-77-7958,S99989322,X72968225X,Mr.,Casey401,Paucek755,,,M,white,nonhispanic,M,Berkley  Massachusetts  US,611 Braun Ferry,New Bedford,Massachusetts,Bristol County,2745.0,41.59606899642562,-70.89706091330089,1628398.63,6625.919999999999
d9fa421f-8d7f-4554-bbd1-ce6f8c1058e6,1956-02-09,2014-08-20,999-40-4258,S99918993,X88740433X,Mrs.,Jack927,Prohaska837,,Kuhn96,M,white,nonhispanic,F,Ashland  Massachusetts  US,1049 Keebler Throughway Unit 52,Northborough,Massachusetts,Worcester County,1532.0,42.34254389766888,-71.68147081688338,1239663.68,13092.77
04fe53b6-137d-4827-a613-bea65c9497b6,2008-05-25,,999-75-3410,,,,Lovetta319,Hahn503,,,,white,nonhispanic,F,Fall River  Massachusetts  US,526 Lindgren Harbor Apt 10,Whitman,Massachusetts,Plymouth County,,42.07926277046078,-70.91647219169141,319645.8,2583.2
68b332b8-110b-45c1-8ece-673eaf14bead,1997-05-05,,999-29-9641,S99980356,X4278879X,Mr.,Dick869,Sipes176,,,,white,nonhispanic,M,Middleborough  Massachusetts  US,907 Ledner Plaza,Lynn,Massachusetts,Essex County,,42.45560555704776,-70.98319288889947,508824.35,2926.4
ad8bf6eb-fdfc-47f7-b9a1-8228b494e925,1954-06-18,,999-89-7289,S99980574,X6917206X,Mrs.,Rutha66,Sipes176,,Wuckert783,M,white,nonhispanic,F,Brockton  Massachusetts  US,257 Casper Fork,Brockton,Massachusetts,Plymouth County,2302.0,42.04835818763615,-71.0275702435142,1395819.59,10491.44
5cccfe2a-e413-47e7-afbc-69791f00fefa,1985-12-20,,999-26-4445,S99971203,X2097370X,Mr.,Lewis216,Schinner682,,,M,white,nonhispanic,M,Chicopee  Massachusetts  US,756 Hills Annex Apt 89,Chelmsford,Massachusetts,Middlesex County,,42.61454127184607,-71.393775273032,835346.51,7780.049999999999
6e0a6da3-30da-48f2-951d-61f06959cf0e,1946-08-24,2020-03-04,999-76-6915,S99963967,X40518893X,Mr.,Berry486,Kris249,,,M,white,nonhispanic,M,North Andover  Massachusetts  US,729 Funk Viaduct,North Attleborough,Massachusetts,Bristol County,,41.98650250726836,-71.29404494848347,1689869.0,15136.14
965d36ca-ed44-4053-bb66-2750e4671191,1961-01-13,,999-87-7597,S99958801,X9774849X,Mr.,Alva958,Williamson769,,,S,white,nonhispanic,M,Malden  Massachusetts  US,915 Schinner Lodge,North Andover,Massachusetts,Essex County,,42.63996592864595,-71.12900975999706,1274957.2200000002,7559.959999999999
f4f75245-380d-4561-840a-14ca738a595f,1954-09-28,,999-61-9366,S99949314,X50380836X,Mr.,Miles206,Windler79,,,M,black,nonhispanic,M,Duxbury  Massachusetts  US,356 Bosco Mill Apt 74,Chicopee,Massachusetts,Hampden County,1020.0,42.1310427498795,-72.5384682022682,1339357.07,5861.04
57d111b2-2d40-423a-83fe-362cbc690209,1936-11-27,,999-81-3404,S99998303,X15221276X,Mr.,Daniel959,Kunze215,,,M,white,nonhispanic,M,Lexington  Massachusetts  US,176 Rohan Neck,Boston,Massachusetts,Suffolk County,2210.0,42.23712450777116,-71.10615129278008,318433.53,22065.17
30138af9-447d-4a3b-8bac-c44fd889d61b,1917-12-18,2011-11-05,999-23-2675,S99966558,X57950271X,Mr.,Will178,Wehner319,,,M,black,nonhispanic,M,Franklin  Massachusetts  US,921 Greenholt Underpass,Boston,Massachusetts,Suffolk County,2135.0,42.26117568992261,-71.07594281833552,1817455.3,11892.36
98e8a57e-944b-4cda-a723-07d021fd2b1f,1984-10-08,,999-71-2420,S99986649,X34502995X,Ms.,Elisa944,Ochoa950,,,S,white,hispanic,F,Tegucigalpa  Francisco Morazán  HN,177 Bogan Knoll,Revere,Massachusetts,Suffolk County,,42.40420116917543,-71.01303034495915,703513.27,12459.519999999997
104e6e05-5542-4fe4-842a-554a3d9b8721,1946-08-24,,999-70-6523,S99936375,X42105019X,Mr.,Jeff859,Hermiston71,,,S,white,nonhispanic,M,Medford  Massachusetts  US,264 Cummerata Camp Apt 9,North Attleborough,Massachusetts,Bristol County,,41.94789432298019,-71.37738623608666,1523523.33,9763.24
8e3b9d1f-0bb9-4ba5-b7cd-293fc47b2665,1995-06-27,,999-93-8645,S99947750,X58474679X,Ms.,Echo53,Lang846,,,,black,nonhispanic,F,Pepperell  Massachusetts  US,600 Schowalter Corner,North Reading,Massachusetts,Middlesex County,,42.59755837886783,-71.03840863872546,545441.15,6511.599999999999
94609363-14cd-4a72-9ada-204ed677f88a,1957-07-07,,999-11-3527,S99948643,X21377503X,Ms.,Elena945,Rau926,,,S,white,nonhispanic,F,Melrose  Massachusetts  US,935 Hessel Branch Unit 16,Chelmsford,Massachusetts,Middlesex County,,42.63802639254494,-71.33733569366518,1259169.8,22444.16
b849c4d9-3d23-4305-a688-e33a1bbc2fde,2001-11-03,,999-15-3569,S99933993,,Ms.,Jeffie441,Breitenberg711,,,,white,nonhispanic,F,Holyoke  Massachusetts  US,467 Cartwright Frontage road,Norwell,Massachusetts,Plymouth County,,42.17205172845223,-70.86363386584523,403996.49,3595.5199999999995
2d3fe152-13b5-4cf8-8fad-b876486a9f94,1976-05-16,,999-18-9150,S99995036,X51823814X,Ms.,Tami145,Marvin195,,,S,white,hispanic,F,Saugus  Massachusetts  US,302 McClure Quay,Woburn,Massachusetts,Middlesex County,,42.450283449787534,-71.13824447180983,1047051.33,10352.659999999998
6a570810-1fd6-4a12-a7c7-38e637ddcfc8,1937-11-08,,999-91-2877,S99916635,X89645647X,Mr.,Major265,Spencer878,,,M,black,nonhispanic,M,Agawam  Massachusetts  US,114 Fahey Trailer Suite 54,Northbridge,Massachusetts,Worcester County,,42.1194756230616,-71.67471832886947,1779109.84,7101.12
87a46aac-ebb4-4565-a09c-1b8edca45977,1962-06-09,,999-66-5597,S99947590,X53600455X,Ms.,Freeda113,Breitenberg711,,,S,white,nonhispanic,F,Somerville  Massachusetts  US,631 Durgan Rest,Newton,Massachusetts,Middlesex County,2468.0,42.32680673323917,-71.22802649045101,1282086.12,9582.46
6aa9eef7-79d4-42b2-8a8e-9165fafcf3d2,1947-05-07,2011-11-29,999-91-6111,S99960640,X26492022X,Mr.,Gino587,Schmeler639,,,M,white,nonhispanic,M,Weymouth  Massachusetts  US,791 Erdman Vista Suite 69,Northborough,Massachusetts,Worcester County,,42.33794978848073,-71.66909703807849,1636756.96,6446.08
dc7324db-5c76-4fc2-bf6e-29b955866995,1989-07-06,,999-47-6167,S99937858,X28419527X,Mr.,Freddy176,Ritchie586,,,M,white,nonhispanic,M,New Bedford  Massachusetts  US,848 Windler Gateway Apt 84,Boston,Massachusetts,Suffolk County,2113.0,42.36482784759699,-71.05007150138313,711657.05,4292.96
c7cff8f9-f7bd-48c9-9a7f-2d69fbf1360d,1912-10-28,1998-02-23,999-14-5707,S99979581,X24846053X,Mrs.,Lynell252,Larson43,,Pouros728,M,black,hispanic,F,Attleboro  Massachusetts  US,920 Cummings Track Unit 3,Springfield,Massachusetts,Hampden County,1151.0,42.16698376445579,-72.52102350426006,1419599.6,27476.48
e2657abb-6926-484e-82ba-d459a82f9f0f,1951-12-10,2014-12-13,999-33-3892,S99988998,X70591570X,Mr.,Brant303,Doyle959,,,M,white,nonhispanic,M,Braintree  Massachusetts  US,609 Kemmer Mill,Agawam,Massachusetts,Hampden County,1030.0,42.08933318820053,-72.64742789948885,12106.95,0.0
8fddcbfb-befd-45f2-a2c2-79cd7be31597,1982-09-25,2006-07-08,999-66-7048,S99933134,X50839921X,Mr.,Alexis664,Bahringer146,,,,white,nonhispanic,M,Easton  Massachusetts  US,164 Cronin Wynd Unit 59,North Adams,Massachusetts,Berkshire County,,42.72790226603449,-73.03466609908179,521292.12,4710.34
04aeaaed-97cc-4ca8-af3a-dfc413f000b3,1981-09-04,,999-11-7176,S99911461,X42816599X,Mr.,Ty725,Dooley940,,,M,asian,nonhispanic,M,Wareham  Massachusetts  US,389 Eichmann Ville,Somerville,Massachusetts,Middlesex County,2144.0,42.44037661000932,-71.11565527361235,933801.57,3468.84
4bcd8ce6-5eef-4905-a7d1-3744fe784fb9,1982-02-16,,999-70-9657,S99949545,X60027417X,Ms.,Arnita817,West559,,,S,white,nonhispanic,F,Leominster  Massachusetts  US,178 Huels Trafficway Suite 14,Otis,Massachusetts,Berkshire County,,42.22426182544794,-73.12070073050943,882718.5700000001,7478.519999999999
0fb7702c-e44c-433f-96a0-bfae5048aea0,1942-08-13,2004-03-07,999-21-9973,S99973217,X23877874X,Mrs.,Debora709,King743,,Braun514,M,white,nonhispanic,F,Fall River  Massachusetts  US,120 Labadie Rapid Suite 35,Lowell,Massachusetts,Middlesex County,1851.0,42.65280752467204,-71.35290636059439,1405548.54,8044.999999999999
68c6b689-c658-40b5-831a-e9508972e9c0,1985-02-20,,999-95-8601,S99963648,X30056127X,Mrs.,Bettyann83,Hamill307,,Fahey393,M,white,nonhispanic,F,Holyoke  Massachusetts  US,552 Flatley Bay Unit 1,Boston,Massachusetts,Suffolk County,2163.0,42.29129028850068,-71.1329973796661,121360.6,6220.449999999999
933be527-f5fb-42c9-a2a8-8627e5cec9d0,1938-11-24,,999-29-1148,S99937606,X65001722X,Mrs.,Angelique249,Fisher429,,Gutmann970,M,white,nonhispanic,F,Chicopee  Massachusetts  US,384 Haag Club,Lexington,Massachusetts,Middlesex County,2420.0,42.45975826997941,-71.19059819490128,1436517.62,18718.56
61575d74-bceb-4a02-933f-b90eb76d2c83,1992-09-17,,999-18-9556,S99970297,X67743100X,Mr.,Damion480,Little434,,,S,white,nonhispanic,M,Shrewsbury  Massachusetts  US,375 Schinner Gate Suite 37,Milton,Massachusetts,Norfolk County,,42.22627913400015,-71.08872756802063,572501.06,3479.68
b7c87240-a7f7-4683-87c8-e81c1602a3de,1945-06-22,,999-42-2914,S99923942,X66814504X,Mr.,Ethan766,Reichel38,,,M,white,nonhispanic,M,Boston  Massachusetts  US,1088 Gutkowski View Suite 71,Hudson,Massachusetts,Middlesex County,,42.34109796524843,-71.49586539318048,1597277.98,7230.2
c7ed5972-218a-4097-9fa3-5486ee6db451,2006-08-14,,999-59-4154,,,,Damon455,Okuneva707,,,,white,nonhispanic,M,Andover  Massachusetts  US,900 Kulas Fort,Somerset,Massachusetts,Bristol County,2726.0,41.74463852900799,-71.23338963622939,334700.16,3226.48
960c7e4a-5809-4f10-b83b-199535dbd9c1,1980-07-25,,999-69-9679,S99918672,X82674124X,Mrs.,Erna640,Huels583,,Herzog843,M,white,nonhispanic,F,Braintree  Massachusetts  US,1093 Gleichner Dale,Maynard,Massachusetts,Middlesex County,,42.383031639858174,-71.41500051224604,865766.82,7760.649999999999
a9406a7e-f491-4a8d-ad7e-5ebac605dddf,1965-08-17,,999-57-9037,S99978927,X21277624X,Mrs.,Alice368,Leffler128,,Hoeger474,M,white,nonhispanic,F,Holliston  Massachusetts  US,317 Kohler Corner Suite 25,Cheshire,Massachusetts,Berkshire County,,42.580509339525,-73.12593473784037,1085755.22,13146.419999999998
f20915bc-2a47-4c87-81ba-426ce7cf602e,1956-04-11,,999-21-7110,S99944467,X82182065X,Ms.,Dorla228,Christiansen251,,,S,white,nonhispanic,F,New Bedford  Massachusetts  US,865 Thompson Trailer,Mashpee,Massachusetts,Barnstable County,,41.64685533264986,-70.47394859117378,1555602.17,9062.52
57491b4d-eae4-480c-bf1f-d909872ab0c3,1967-02-13,,999-57-2172,S99954460,X46327978X,Mrs.,Assunta351,Carroll471,,Ledner144,M,white,nonhispanic,F,Faro  Algarve  PT,943 Halvorson Branch Unit 96,Lowell,Massachusetts,Middlesex County,1854.0,42.64019196974887,-71.36052492467105,1198649.83,14190.409999999998
bd212818-7aef-4283-96bb-19c15b35d109,1994-08-13,,999-91-7509,S99919301,X16537630X,Mr.,Don899,Reynolds644,,,,white,nonhispanic,M,Williamstown  Massachusetts  US,342 Mayert Heights,Revere,Massachusetts,Suffolk County,2151.0,42.44734203714405,-70.95800372760219,561154.95,5049.28
4f5b03fa-a56a-45bf-902b-0c6754d071d3,1980-01-05,,999-87-3394,S99920258,X27475391X,Mr.,Royce974,Emard19,,,M,white,nonhispanic,M,Canton  Massachusetts  US,1009 Runolfsson Rest Unit 84,Boston,Massachusetts,Suffolk County,2163.0,42.46598388618955,-71.00382907873534,143777.52,56850.15
f877a3af-fc50-43f8-b442-2aec830bbdb5,1998-10-16,,999-27-3918,S99949246,X75018549X,Ms.,Latosha740,Greenholt190,,,,white,nonhispanic,F,North Attleborough  Massachusetts  US,809 Goyette Ferry,Boston,Massachusetts,Suffolk County,2152.0,42.29410559868664,-70.99083566135282,517899.13,4757.77
899fce00-dd32-4c64-9c17-c9b6a0f90b1f,2005-08-04,,999-93-6973,,,,Libbie63,Cruickshank494,,,,white,nonhispanic,F,Westfield  Massachusetts  US,846 Rempel View Apt 76,Dartmouth,Massachusetts,Bristol County,,41.57126448427461,-70.98522004357181,12976.91,0.0
55ae4d32-a600-496c-8b9a-2ad16340594d,1995-09-07,,999-44-1044,S99937326,X60291533X,Ms.,Elba502,O'Conner199,,,,white,nonhispanic,F,Wakefield  Massachusetts  US,851 Hyatt Flat,Quincy,Massachusetts,Norfolk County,,42.25493349471935,-71.0540379035823,537102.15,3078.88
181ae28b-49fe-49f3-9d36-9ca55fbc66cb,1924-06-03,1990-11-13,999-69-7304,S99979647,X66940335X,Mrs.,Lashon823,Parisian75,,Walker122,M,white,nonhispanic,F,Barnstable  Massachusetts  US,912 Tillman Highlands Apt 71,Acushnet,Massachusetts,Bristol County,,41.73514048121751,-70.91941948633364,1454288.92,15884.979999999998
ffea1d41-7562-499d-af1b-284ac72a7c3c,1975-04-02,,999-34-2766,S99938502,X76530084X,Mr.,Delbert384,Fadel536,,,M,white,nonhispanic,M,Swansea  Massachusetts  US,751 Rogahn Fork,Bridgewater,Massachusetts,Plymouth County,2324.0,41.96576474401248,-71.00317813048159,926719.21,3626.24
5ac7adb8-9b62-4479-8388-a78629598804,1985-11-11,,999-63-7002,S99974230,X79775312X,Mr.,Cortez851,Windler79,,,M,white,nonhispanic,M,Bolton  Massachusetts  US,197 Hermiston Trafficway Unit 0,Tyngsborough,Massachusetts,Middlesex County,,42.65320857069994,-71.3942938966218,766509.65,86651.37999999999
25417d28-ff26-42f0-9af0-78b46dfba87b,1948-07-22,,999-97-6532,S99914413,X31314588X,Mr.,Garfield38,Bradtke547,,,M,white,nonhispanic,M,Norwood  Massachusetts  US,967 Wehner Well Apt 97,Worcester,Massachusetts,Worcester County,1607.0,42.33329112065135,-71.78417564770083,1434157.08,16693.07
08de06a1-6740-4ff6-afde-d1dff92c141d,1991-04-06,,999-10-6245,S99937679,X3068070X,Mrs.,Aracelis412,Rempel203,,Schmeler639,M,white,nonhispanic,F,Lakeville  Massachusetts  US,562 Muller Station Unit 82,Hingham,Massachusetts,Plymouth County,,42.24475680551452,-70.92010062279161,708292.26,4675.44
d7a9a2a1-2c63-4032-9bd3-ee63dbb15b6f,1974-06-13,,999-44-9965,S99920188,X84113695X,Ms.,Shantae970,Stehr398,,,S,white,nonhispanic,F,Boston  Massachusetts  US,139 Abbott Flat Unit 98,Mendon,Massachusetts,Worcester County,,42.09143191019511,-71.53152885495885,1116978.36,13082.499999999998
913f69cc-2fdb-4b96-9fe0-8a9c7115635a,1996-06-11,,999-75-4222,S99943028,X131604X,Ms.,Francisca486,Rico947,,,,white,hispanic,F,Bayamon  Puerto Rico  PR,510 Fay Mill,Lancaster,Massachusetts,Worcester County,,42.47551699145979,-71.6595962665147,614287.29,5612.039999999999
3a6402c9-a104-4f45-86fa-cfa1d34eea14,1973-02-02,,999-49-5361,S99991304,X40447674X,Ms.,Babara869,Sipes176,,,S,white,nonhispanic,F,Boston  Massachusetts  US,533 Jacobson Underpass Apt 95,Braintree,Massachusetts,Norfolk County,,42.2402957536218,-71.0262680881565,1040872.61,8967.829999999998
af2e4038-1b79-4935-95f4-04d6b807c568,1966-08-23,,999-91-9767,S99914998,X78753531X,Ms.,Leonarda398,Bode78,,,S,black,nonhispanic,F,Cambridge  Massachusetts  US,241 Kirlin Wynd,Shrewsbury,Massachusetts,Worcester County,,42.27718028150088,-71.7639297624158,1233789.87,7071.079999999999
bc00bc18-32f3-4928-a776-298b3554ff6d,1924-06-03,2016-12-10,999-14-4228,S99952746,X7727924X,Mrs.,Carlena776,MacGyver246,,Pollich983,M,white,nonhispanic,F,Shrewsbury  Massachusetts  US,636 Renner Mill,Acushnet,Massachusetts,Bristol County,,41.742744954311306,-70.88878496846154,1613670.07,22689.38
e1d6941c-666b-4f4f-8a6c-154ed842ab31,1954-12-09,,999-56-8212,S99987206,X79999781X,Mrs.,Marian936,Waters156,,Schumm995,M,black,nonhispanic,F,Stockbridge  Massachusetts  US,1093 Fay Knoll Suite 61,Malden,Massachusetts,Middlesex County,,42.46400991921958,-71.08888642271278,1578685.16,9752.44
82b53f4c-eb53-43dc-84e1-0611472675b0,1958-05-27,,999-12-7490,S99933661,X53346717X,Mrs.,Lashawn862,Kassulke119,,Paucek755,M,white,nonhispanic,F,Northborough  Massachusetts  US,1084 Gerhold Rapid,Fall River,Massachusetts,Bristol County,2723.0,41.76924063035564,-71.0825713905104,191272.03,8114.679999999999
f8545fe7-4f5a-4cdd-afcf-3e63adb98bfb,1991-01-12,,999-10-4195,S99921204,X40793127X,Mr.,Mauro926,Towne435,,,M,white,nonhispanic,M,Hamilton  Massachusetts  US,341 Wolff Row,Boston,Massachusetts,Suffolk County,2126.0,42.3117291346232,-71.19149122793785,680145.2000000001,4540.44
25d3da13-b95e-4c89-ae6d-1956cc6b1952,2000-10-29,,999-69-5045,S99967371,,Mr.,Leonel449,Littel644,,,,white,nonhispanic,M,Taunton  Massachusetts  US,942 Hagenes Glen Apt 15,Somerville,Massachusetts,Middlesex County,2143.0,42.34258060382047,-71.10445226019513,472215.6,3476.4
d05331b6-ca87-4c2b-bc61-bfd2695a4597,1992-10-25,,999-39-5078,S99929980,X54059942X,Mr.,Porter490,Monahan736,,,M,white,nonhispanic,M,Auburn  Massachusetts  US,202 Hauck Port Suite 91,Lynn,Massachusetts,Essex County,1907.0,42.43800334388951,-70.93634858023673,701469.51,8018.44
eba1ee7d-6eab-42d7-9972-263771411e72,1997-09-17,,999-11-2311,S99986411,X25583628X,Ms.,Brandee895,Koepp521,,,,white,nonhispanic,F,Malden  Massachusetts  US,523 Rowe Lock Unit 28,Rowley,Massachusetts,Essex County,1969.0,42.73027874378548,-70.83763242589097,576936.31,3140.6
faef5426-f696-4e4b-bd1e-8ef39f2fb618,1952-02-21,2019-03-13,999-29-3436,S99973396,X7230395X,Ms.,Jodee687,Schroeder447,,,S,white,nonhispanic,F,Berlin  Berlin  DE,492 Collins Light,Brockton,Massachusetts,Plymouth County,,42.103128946775655,-71.0908299209215,1356838.08,16423.499999999996
3f715eb1-ad12-47a1-bbc6-f4165c9bc0cc,1932-07-18,1997-01-28,999-55-9988,S99925746,X16735758X,Mr.,Thad495,Klein929,,,S,black,nonhispanic,M,Abington  Massachusetts  US,892 Moore Grove,Boston,Massachusetts,Suffolk County,2163.0,42.33522873494585,-71.02190990403489,1557727.02,5196.96
f8080ea2-4f45-4fe6-92ec-e4052908ca78,1973-12-07,,999-83-4901,S99924492,X43273370X,Ms.,Cathey606,Monahan736,,,S,white,nonhispanic,F,Somerville  Massachusetts  US,202 Kiehn Path Unit 24,Haverhill,Massachusetts,Essex County,1830.0,42.81560885978856,-71.095748821525,1056276.36,8115.579999999999
d375d8d2-4ab6-41db-91a4-ab338e00690b,2006-04-10,,999-26-5811,,,,Susannah249,Schuster709,,,,white,nonhispanic,F,Saugus  Massachusetts  US,316 Wuckert Highlands Unit 78,Cambridge,Massachusetts,Middlesex County,2141.0,42.39888586670737,-71.16679465561565,360168.29,3316.48
8019f8fb-2f06-47bc-a057-33c0550c4f11,1932-07-18,1991-01-30,999-98-2485,S99952327,X12307239X,Mr.,Armando772,Nader710,,,S,black,nonhispanic,M,Springfield  Massachusetts  US,655 McCullough Esplanade Apt 55,Boston,Massachusetts,Suffolk County,2203.0,42.38781452597171,-71.07771612552084,1274351.07,5050.259999999999
9a1c75ef-491b-4be5-8c55-eff568d5fe6d,2008-09-23,,999-87-8501,,,,Darren774,Schulist381,,,,white,nonhispanic,M,Malden  Massachusetts  US,1015 Halvorson Junction Unit 68,Wellesley,Massachusetts,Norfolk County,2492.0,42.33115028345048,-71.33698712633716,256482.52,3159.19
40e19ca0-61f8-4e7a-b3dd-09948b583e89,1952-02-21,,999-96-8186,S99960099,X35099242X,Mrs.,Evalyn273,Hahn503,,Bednar518,M,white,nonhispanic,F,Hamburg  Hamburg  DE,855 Mayer Mill Suite 4,Brockton,Massachusetts,Plymouth County,2301.0,42.12576388182725,-71.0842363523431,1377446.15,7755.289999999999
c238c5a9-788a-409d-b7d0-5f40f25b9152,1983-01-13,,999-34-1357,S99939092,X78626722X,Ms.,María Teresa440,Lovato727,,,S,white,hispanic,F,Puebla  Puebla  MX,211 Zboncak Row Apt 53,Walpole,Massachusetts,Norfolk County,,42.19624465253327,-71.23600466707936,774414.37,7423.799999999998
282d50a7-d001-4cd7-995a-ddb957a0714e,2002-09-05,,999-22-8948,S99938389,,,Rachele486,Sipes176,,,,white,hispanic,F,Provincetown  Massachusetts  US,1008 Blanda Center,Haverhill,Massachusetts,Essex County,1835.0,42.81515086439303,-71.06933064960654,427407.19,3028.12
afb52993-2583-4e6f-82cc-28b49fc62051,1912-10-28,,999-62-6056,S99947725,X74310027X,Ms.,Zola306,Hintz995,,,S,black,hispanic,F,Salem  Massachusetts  US,928 Beatty Avenue,Springfield,Massachusetts,Hampden County,1105.0,42.163841180410905,-72.58989037878162,1551473.53,26823.44
8d2cfecd-46b8-4cd8-8dff-9c71f42f07f7,1971-05-05,,999-61-1986,S99994591,X6029155X,Mr.,Jon665,Wilkinson796,,,M,white,nonhispanic,M,Bridgewater  Massachusetts  US,881 Conroy Avenue,Boston,Massachusetts,Suffolk County,,42.27515894240879,-71.18721842145496,1184325.85,4177.12
0e126729-bcf8-4d6e-a593-92021cd58bda,1960-06-11,,999-92-3929,S99919539,X23268457X,Mrs.,Ayana300,Kozey370,,Lang846,M,white,nonhispanic,F,Norton  Massachusetts  US,406 Greenholt Center,Wellesley,Massachusetts,Norfolk County,,42.29637330210569,-71.22539963243258,1320767.49,15685.159999999998
825ac517-e155-4c1b-a917-6334bb68b552,1968-07-10,,999-10-5655,S99969117,X66161035X,Ms.,Margarete324,Corkery305,,,S,white,nonhispanic,F,Wrentham  Massachusetts  US,1094 Wilderman Overpass Unit 6,Chelsea,Massachusetts,Suffolk County,,42.43673746287655,-71.01508216437341,1173207.45,12868.649999999998
f11568b3-26b6-43d3-83e2-b973b96cb40c,1963-06-22,,999-81-3798,S99987827,X74868643X,Mrs.,Martin117,Denesik803,,Maggio310,M,white,nonhispanic,F,Methuen  Massachusetts  US,978 Ebert Neck,Littleton,Massachusetts,Middlesex County,,42.57993269321421,-71.45395361575328,1259089.69,28937.92
919767ac-a8e0-448a-a6c4-48a59a43fc62,1962-02-23,,999-71-5030,S99928074,X11327598X,Mrs.,Mae105,Feeney44,,Weimann465,M,white,nonhispanic,F,Boston  Massachusetts  US,561 Wisoky Gateway Suite 55,Webster,Massachusetts,Worcester County,1570.0,42.065308418412734,-71.79847554966732,1361755.38,21260.19
027bacf0-f1d3-4f6e-ad5e-c15f4cf4063d,1950-03-17,1995-09-25,999-62-9299,S99950730,X8581422X,Mr.,Howard613,Strosin214,,,M,white,nonhispanic,M,Dedham  Massachusetts  US,208 Kiehn Haven,Somerville,Massachusetts,Middlesex County,2145.0,42.45789001174695,-71.1066547134965,1207166.26,2743.92
7acf64cf-d7a8-45d7-b805-6aa1fde8da44,1964-04-15,,999-49-4679,S99920038,X66879692X,Ms.,Suzette512,Zemlak964,,,S,white,nonhispanic,F,Dalton  Massachusetts  US,127 Lehner Walk,Billerica,Massachusetts,Middlesex County,,42.55964203635276,-71.27126494502582,1314321.75,9383.61
03625efb-6be5-4f01-8acb-a2eaaeb54c19,2017-07-13,,999-67-2276,,,,Claudette391,Wiza601,,,,white,nonhispanic,F,Barnstable  Massachusetts  US,556 Huels Bridge,Milton,Massachusetts,Norfolk County,2186.0,42.28636013634019,-71.10935849273629,63304.47,1508.2399999999998
52c9c643-d4f0-4536-838a-2fd780cd4942,1956-01-25,2020-03-26,999-96-6431,S99917846,X30555178X,Mrs.,Vickey217,Kemmer137,,Kuhic920,M,white,hispanic,F,Methuen  Massachusetts  US,828 Cummerata Viaduct,Ashburnham,Massachusetts,Worcester County,,42.64080910542809,-71.93359455829739,1396923.91,11024.089999999998
55b20afd-bb58-4271-a225-9cc9d0ed4184,1958-09-12,,999-67-4050,S99963200,X476257X,Mrs.,Lola232,Olivera810,,Meza847,M,white,hispanic,F,Caguas  Puerto Rico  PR,543 Hegmann Walk,Attleboro,Massachusetts,Bristol County,2861.0,41.91865972760688,-71.30841992185228,1483225.1,7846.429999999999
c0e34ef5-83ff-4aab-9650-dbc60bd086e5,1971-10-04,,999-81-7249,S99919479,X89925584X,Mr.,Ken316,Padberg411,,,S,white,nonhispanic,M,Pepperell  Massachusetts  US,699 Aufderhar Terrace Unit 6,Bridgewater,Massachusetts,Plymouth County,,42.01713326363229,-70.94773278506688,1011248.24,5132.799999999999
7b42b0c1-4fb0-413f-bc91-bf50222ddc3d,1956-01-25,,999-12-3743,S99942650,X33002922X,Mrs.,Darline247,Cummerata161,,Hermann103,M,white,hispanic,F,Revere  Massachusetts  US,487 Bechtelar Walk,Ashburnham,Massachusetts,Worcester County,,42.65977852261128,-71.95696087465434,1426445.13,66979.55000000002
0ad7f0d2-5062-4f14-bc01-c6bd87a3fa3c,1942-01-28,2019-09-23,999-92-9296,S99966589,X12777009X,Mr.,Rex53,Swaniawski813,,,M,white,nonhispanic,M,Fall River  Massachusetts  US,467 Funk View Apt 42,Peabody,Massachusetts,Essex County,1940.0,42.57901259728629,-70.9510146523193,1778939.37,13773.75
fc2eb1ba-acd6-49ca-84c1-88d0d7f9b457,1933-08-26,2013-03-11,999-70-1411,S99997823,X56324303X,Mr.,Bennie663,Moore224,,,M,white,nonhispanic,M,Natick  Massachusetts  US,541 Kunze View,Bridgewater,Massachusetts,Plymouth County,,41.97775584904748,-70.97039887348345,1378715.86,7526.41
faa22e55-9b75-4878-a395-358bcf484cb3,1987-06-03,,999-50-7027,S99993942,X36847353X,Mr.,Cyril535,Raynor401,,,M,white,nonhispanic,M,Great Barrington  Massachusetts  US,150 Tillman Pathway Unit 24,Lincoln,Massachusetts,Middlesex County,,42.389966344414034,-71.27637050979509,756247.5,3426.32
7dc125af-f045-48e4-939a-71804a707453,1914-01-30,1979-08-19,999-82-3650,S99958190,X57002739X,Mrs.,Lashaun800,Davis923,JD,Daniel959,M,white,nonhispanic,F,Boston  Massachusetts  US,908 Beier Loaf Suite 71,West Springfield,Massachusetts,Hampden County,,42.12921458753412,-72.68608205125301,1472276.88,10270.499999999998
c101226c-9081-4278-bdb2-4b42c4caa107,1942-01-28,,999-40-6836,S99982913,X34635380X,Mr.,Major265,Predovic534,,,M,white,nonhispanic,M,Andover  Massachusetts  US,266 Leannon Underpass Apt 58,Peabody,Massachusetts,Essex County,1960.0,42.52116418995398,-70.99192485421705,1554758.59,49023.13
3675b7fc-db0e-4dd7-9a08-765415adc77d,1991-08-29,,999-96-1859,S99944470,X189500X,Mrs.,Evelyn437,Ritchie586,,Larson43,M,white,nonhispanic,F,Wilbraham  Massachusetts  US,995 Reichert Meadow Suite 27,Bridgewater,Massachusetts,Plymouth County,2324.0,41.97363247135962,-70.95204205092756,593822.1,2950.52
0a769e39-17f9-4161-8bf6-7ffae1f2b68a,2007-04-23,,999-66-6056,,,,Nick779,Hilpert278,,,,white,hispanic,M,Brockton  Massachusetts  US,1038 Klocko Path Unit 92,Brookfield,Massachusetts,Worcester County,1506.0,42.139308659791226,-72.10414134893237,288887.81,8070.43
a7e558e3-d76d-44b3-a22f-fbb1e9cc74ab,1933-08-26,1996-04-06,999-44-4554,S99923534,X85151870X,Mr.,Rick943,Lowe577,,,M,white,nonhispanic,M,Milton  Massachusetts  US,931 Hayes Course,Bridgewater,Massachusetts,Plymouth County,,41.937566061416256,-71.02246376109142,1703529.23,5191.2
c944490d-17f3-46f8-ae0a-dcd2d726fbfc,1998-10-03,,999-89-3690,S99918118,X39789992X,Ms.,Anglea614,Jakubowski832,,,,white,nonhispanic,F,Springfield  Massachusetts  US,721 Lubowitz Knoll Unit 64,Brockton,Massachusetts,Plymouth County,2302.0,42.08753974814657,-71.04017921117959,494176.74,11237.139999999998
0487bdf3-10a6-47b8-973c-a7cf4f62b8d7,1950-08-03,,999-15-1051,S99977406,X23579833X,Mrs.,María Soledad68,Peralta301,,Ríos175,M,white,hispanic,F,Gaudalajara  Jalisco  MX,524 Rogahn Branch,Boston,Massachusetts,Suffolk County,2152.0,42.26351134400539,-71.08654200734493,1241834.71,11710.549999999996
3dcbd409-e2c4-45af-a910-0894e2a9257e,1996-02-26,,999-84-7955,S99946883,X57521492X,Mr.,Logan497,Balistreri607,,,,asian,hispanic,M,Barnstable  Massachusetts  US,671 Sporer Track Unit 79,Concord,Massachusetts,Middlesex County,,42.497541718308405,-71.35572594127896,619210.21,8129.28
8fcf735c-0cbd-4ed6-a039-6aaeda718e69,1963-12-07,,999-66-4520,S99971237,X77336766X,Mr.,German382,Schuppe920,,,S,white,nonhispanic,M,Lexington  Massachusetts  US,598 Larson Grove,Orange,Massachusetts,Franklin County,,42.55846595512536,-72.32394148018119,173581.59,6111.259999999999
b2fdddc3-43fa-4559-8af3-0f7964b29431,1985-09-13,,999-98-3537,S99979494,X23947859X,Mr.,Eddy900,Streich926,,,M,white,nonhispanic,M,Natick  Massachusetts  US,1035 Donnelly Lock Apt 1,Somerville,Massachusetts,Middlesex County,2145.0,42.38526180943695,-71.09445552248957,711871.58,2464.72
36cde8a4-4a6c-4f81-81ec-92ce4e90ac10,1968-08-20,,999-33-5245,S99953311,X65857221X,Mr.,Palmer257,Reichert620,,,M,white,nonhispanic,M,Boston  Massachusetts  US,1074 Zemlak Row Unit 4,Concord,Massachusetts,Middlesex County,,42.4716637253142,-71.40786124827083,1124741.95,4560.29
dc99c7cc-56b8-4562-8677-9128c03aa0ac,1998-04-22,,999-91-9157,S99920816,X52459323X,Ms.,Phyliss206,Kulas532,,,,white,nonhispanic,F,Attleboro  Massachusetts  US,962 Pfeffer Flat,New Bedford,Massachusetts,Bristol County,2747.0,41.70762679393641,-71.05909238497914,515971.09,4235.48
0ab04cd8-f033-4b7b-b342-d66a09118422,2014-11-26,,999-31-1311,,,,Valery629,Conn188,,,,white,nonhispanic,F,Westborough  Massachusetts  US,330 Windler Parade Suite 66,Boston,Massachusetts,Suffolk County,2152.0,42.330268696956246,-71.08894956326263,9997.86,931.6
ab943c73-b36d-4dcf-a577-d32189d74540,1946-01-25,,999-69-3736,S99949281,X53592973X,Ms.,Melita22,Erdman779,,,S,white,nonhispanic,F,Westport  Massachusetts  US,857 Rowe Terrace,Raynham,Massachusetts,Bristol County,,41.94540464741778,-71.06463394590116,1484329.14,14201.579999999998
bdc9c7cb-fd45-421f-be3f-24a253085b0b,1940-12-31,2007-02-07,999-76-1755,S99994923,X11901373X,Mr.,Andrew29,Stamm704,,,M,white,nonhispanic,M,Uxbridge  Massachusetts  US,720 Wisozk Fort Apt 55,Hudson,Massachusetts,Middlesex County,1749.0,42.35866819359149,-71.55476857061771,1430373.94,276162.05000000016
30c7aa8e-938a-4d59-ae20-4d0d5233d62a,1971-09-25,,999-58-9629,S99936249,X80351169X,Mrs.,Rochelle550,Wisoky380,,Konopelski743,M,asian,nonhispanic,F,Beijing  Beijing Municipality  CN,597 Johnson Passage Apt 49,Amherst,Massachusetts,Hampshire County,,42.32615450100505,-72.49806856999709,1093561.55,14732.21
4a8f5c1d-f807-426f-b1f0-d321d18cada6,1958-01-13,,999-74-7186,S99954567,X89968818X,Mr.,Haywood675,Kuhic920,,,M,black,nonhispanic,M,Uxbridge  Massachusetts  US,1062 Crooks Grove Unit 34,Everett,Massachusetts,Middlesex County,2149.0,42.37945316899481,-71.07549517350407,1466390.48,11510.479999999998
59f93489-4e3c-42a9-8426-b89b5d16bc02,1986-12-14,,999-83-8435,S99941603,X50036620X,Ms.,Lee268,Champlin946,,,S,white,nonhispanic,F,Newburyport  Massachusetts  US,801 Upton Rest,Pittsfield,Massachusetts,Berkshire County,1201.0,42.4085261345462,-73.28746112072716,703127.36,5780.029999999999
399eacb7-813e-406c-a97a-e516a1e24f3d,1984-07-16,,999-36-6200,S99997480,X4819923X,Mrs.,Reyna401,Gislason620,,Medhurst46,M,white,nonhispanic,F,Scituate  Massachusetts  US,695 Will Passage,Malden,Massachusetts,Middlesex County,2148.0,42.38391653614145,-71.11077228909245,800784.88,6973.059999999999
f50f2cfd-3760-4390-a886-02fbcdd28699,1961-03-08,,999-36-3747,S99940656,X53123814X,Mr.,Dalton260,Gulgowski816,,,S,black,nonhispanic,M,Dedham  Massachusetts  US,114 Von Vista,Pittsfield,Massachusetts,Berkshire County,1201.0,42.40434718222603,-73.28127980587006,1265056.53,8248.199999999999
bf8e2c87-68f3-41be-a4ae-87c2cacaf05b,1953-06-23,,999-20-3134,S99914601,X89852965X,Mr.,Shelton25,Haag279,,,S,white,nonhispanic,M,Tyringham  Massachusetts  US,557 Bernier Mews,Malden,Massachusetts,Middlesex County,,42.46470456296933,-71.10791815791283,1283634.95,133909.18999999997
d1748bee-8f2b-4149-a549-2fab999c166d,1936-09-07,2013-09-30,999-28-3203,S99921417,X9298619X,Mr.,Florencio463,Graham902,,,S,black,hispanic,M,Boston  Massachusetts  US,156 Rosenbaum Mews Suite 34,Boston,Massachusetts,Suffolk County,2119.0,42.40598088957201,-71.15985205520585,1623467.4300000002,12022.339999999998
3cb2007a-095f-4dc3-830a-f8bfae8dd038,1940-12-31,,999-37-2682,S99958020,X33393006X,Mr.,Rupert654,Langosh790,,,M,white,nonhispanic,M,Boston  Massachusetts  US,1013 Larson Avenue Unit 15,Hudson,Massachusetts,Middlesex County,,42.41138241037605,-71.50053714831942,1688060.78,9011.72
6f85a340-2623-4828-9b0e-80788d666891,2006-05-13,,999-28-9833,,,,Jessie665,Donnelly343,,,,white,nonhispanic,M,Belchertown  Massachusetts  US,1042 Beier Lock,Springfield,Massachusetts,Hampden County,1107.0,42.1282180001162,-72.56922032448927,355377.42,3187.32
1af595c4-a3d7-4728-9afe-5da02f9934a8,1941-10-29,2003-05-24,999-28-9042,S99997036,X89530304X,Ms.,Tonda472,Stark857,,,S,white,nonhispanic,F,Cambridge  Massachusetts  US,961 Bosco Light Unit 36,Randolph,Massachusetts,Norfolk County,,42.19950531178638,-71.0874796008793,29851.45,345.79999999999995
ead6268e-5e75-4e1e-90f8-ca0a5cad3d23,1936-09-07,2017-02-25,999-51-4763,S99921093,X87877909X,Mr.,Mac103,Swaniawski813,,,M,black,hispanic,M,Arlington  Massachusetts  US,394 Moore Union,Boston,Massachusetts,Suffolk County,2118.0,42.33082048897904,-71.15611374361461,1538279.69,11437.16
d01f556f-702a-4346-a5b3-6ea408cebe17,1970-04-27,,999-25-1920,S99932501,X69939531X,Mr.,Jeffery551,Kris249,,,M,white,nonhispanic,M,Wellesley  Massachusetts  US,698 Watsica Village,Andover,Massachusetts,Essex County,,42.65334430400784,-71.1461593499715,1332391.67,3351.4
66c5f8d2-bdaf-41af-a919-a45d29aab7ce,1941-10-29,,999-48-1654,S99930545,X59080675X,Mrs.,Kimberley248,King743,,Kub800,M,white,nonhispanic,F,Holyoke  Massachusetts  US,980 Koch Byway Unit 63,Randolph,Massachusetts,Norfolk County,,42.22383469653599,-71.08630194220635,91448.13,6758.249999999999
8498fe2a-1741-4573-b3fb-c477679e32be,1964-08-20,2020-03-15,999-24-3132,S99964706,X20046427X,Mr.,Andre610,Wisozk929,,,M,white,nonhispanic,M,Boston  Massachusetts  US,505 Pacocha Underpass,Worcester,Massachusetts,Worcester County,1608.0,42.32942974132965,-71.81778346351764,1410188.4,5985.32
051022e7-1355-466b-ab6d-08c534d0e013,1989-03-23,,999-39-7914,S99994226,X49714728X,Mr.,Douglass930,Hand679,,,S,white,nonhispanic,M,Easton  Massachusetts  US,575 Grimes Ramp Unit 84,Lawrence,Massachusetts,Essex County,1841.0,42.72617637458944,-71.12233695771555,720612.89,6868.439999999999
e72bd47a-b886-451a-9a17-e7f9c7c2d6b6,1961-02-27,,999-90-7434,S99980136,X55490737X,Mr.,Kelly223,Abshire638,,,M,white,nonhispanic,M,Shirley  Massachusetts  US,159 Sanford Fork,Foxborough,Massachusetts,Norfolk County,2035.0,42.04765055598275,-71.20177076106098,1371830.27,6836.839999999999
1e15abc6-5a21-46dd-b75b-bcb37b21e828,1976-10-29,,999-47-9445,S99926059,X38967764X,Ms.,Kris249,Mitchell808,,,S,white,nonhispanic,F,West Boylston  Massachusetts  US,1060 Nienow Gateway Apt 95,Somerville,Massachusetts,Middlesex County,2140.0,42.38329094769628,-71.06071207261029,85855.44,6168.129999999999
78c9e69d-1c4f-40b9-b918-252da2949221,1966-09-20,2020-03-28,999-61-7324,S99921119,X78297103X,Mrs.,Una192,Rippin620,,Crist667,M,white,nonhispanic,F,Revere  Massachusetts  US,556 Rogahn Rue Suite 12,Quincy,Massachusetts,Norfolk County,,42.2866283203436,-71.02497933223478,1261936.65,10619.27
ce5498df-ab72-49e1-b2a5-81ae5f087f2d,1936-09-07,1994-03-23,999-91-5417,S99931362,X48830258X,Mr.,Kyle55,Littel644,,,S,black,hispanic,M,Freetown  Massachusetts  US,340 Ullrich Alley,Boston,Massachusetts,Suffolk County,2124.0,42.35558965558997,-71.12192011486395,1251565.4,4224.48
b689072f-9d7b-4526-ae7e-f00d448864c9,1999-05-20,,999-27-6721,S99957956,X56364516X,Ms.,Tama137,Effertz744,,,,white,nonhispanic,F,Westborough  Massachusetts  US,428 Fadel Wall Suite 36,Lowell,Massachusetts,Middlesex County,1852.0,42.62942598286433,-71.3048097658934,442778.27,4246.28
01277eee-8cd9-4f77-a6d6-c058e106d9cc,1975-02-04,,999-37-4784,S99996297,X58908766X,Mr.,Harold594,Berge125,,,M,black,nonhispanic,M,Ashland  Massachusetts  US,159 Bartell Trafficway,Norfolk,Massachusetts,Norfolk County,,42.07883191217304,-71.34198180260921,1210105.37,4700.48
371f70c2-00fa-42e5-97b2-d7f1647da2d8,1966-09-20,1992-10-20,999-71-2540,S99984598,X39504569X,Ms.,Loria303,Mertz280,,,,white,nonhispanic,F,Beverly  Massachusetts  US,544 Torphy Rue Unit 96,Quincy,Massachusetts,Norfolk County,,42.217535473421776,-71.03632465092143,706467.86,2224.8
a0092833-623f-4d4d-8f45-4a7e503b926b,1999-10-29,,999-27-4028,S99943977,X8305752X,Ms.,Sheba703,Wehner319,,,,white,nonhispanic,F,Worcester  Massachusetts  US,479 MacGyver Burg Suite 22,Watertown,Massachusetts,Middlesex County,,42.396333450197965,-71.2241829990024,524506.83,3546.4
51692bb4-9464-419a-b8c4-da72d1ffe7fb,2003-11-12,,999-59-5334,S99942564,,,Ben667,McClure239,,,,white,hispanic,M,Springfield  Massachusetts  US,896 Bahringer Rue,Boston,Massachusetts,Suffolk County,2152.0,42.36074524808289,-71.0868805221858,399941.36,3413.92
6c55978d-65a6-4b5a-af36-267b58f19585,2014-11-29,,999-67-5765,,,,Su690,Yundt842,,,,white,nonhispanic,F,Easton  Massachusetts  US,239 Parisian Extension Suite 60,Easton,Massachusetts,Bristol County,,42.02030324107845,-71.08552375878678,132652.42,2257.36
08ddcbc1-2fe6-4b5b-bbed-bf7fd1eea4ed,1971-10-19,,999-10-8391,S99968829,X61669585X,Ms.,Margherita470,Heidenreich818,,,S,black,hispanic,F,Dennis  Massachusetts  US,745 Bogisich Path,Saugus,Massachusetts,Essex County,1906.0,42.43541369197103,-70.98579819646855,1111764.59,14525.659999999998
ba48c85b-a170-4c88-b7ba-2742d6343392,1936-09-07,,999-99-6875,S99991454,X70480331X,Mr.,Johnnie679,Graham902,,,M,black,hispanic,M,Lancaster  Massachusetts  US,836 Thompson Lodge,Boston,Massachusetts,Suffolk County,2124.0,42.314166079028624,-71.08555438535718,1785162.74,9523.59
23a5e41a-9e4f-4527-b94e-b9ce468ddde3,1972-05-28,,999-66-5263,S99993872,X43753437X,Mrs.,Esperanza675,Farrell962,,Mertz280,M,white,nonhispanic,F,Marblehead  Massachusetts  US,801 Walter Highlands Unit 96,Beverly,Massachusetts,Essex County,1915.0,42.58599886578487,-70.86061903714545,1005251.12,23461.45
9da4b61a-e60b-4dae-ac6d-b4aec64f4298,1954-06-12,,999-14-7208,S99912990,X47966874X,Mr.,Ronald408,Torp761,,,M,white,nonhispanic,M,Wakefield  Massachusetts  US,450 Balistreri Way,Northampton,Massachusetts,Hampshire County,1063.0,42.321752181063886,-72.62500907401088,1584388.07,7971.009999999999
19aeb833-baa5-4355-b493-82ad4ddc4f80,1970-05-30,,999-16-6289,S99965830,X61253980X,Mrs.,Vicky438,Graham902,,Crooks415,M,white,nonhispanic,F,Holbrook  Massachusetts  US,206 Kozey Ranch,Arlington,Massachusetts,Middlesex County,2476.0,42.41793262586915,-71.18148950658282,49037.89,1534.5099999999998
118a65d3-b1c5-4100-b950-6d17e4083d9c,1976-06-24,,999-68-2747,S99998968,X853986X,Mrs.,Daniela614,Gleichner915,,Fay398,M,white,nonhispanic,F,Somerville  Massachusetts  US,270 Shields Drive Unit 84,Natick,Massachusetts,Middlesex County,,42.265752997547295,-71.33863877986242,907047.6,17279.679999999997
c263975b-76ff-4f51-898e-6713cdbc71e8,1990-10-29,,999-17-1632,S99972514,X42249172X,Mrs.,Dan465,Hammes673,,Harris789,M,asian,nonhispanic,F,Rockland  Massachusetts  US,244 Ondricka Avenue Unit 2,Beverly,Massachusetts,Essex County,,42.58377425313585,-70.86284987945393,576132.08,4570.359999999999
46738491-45b1-4d71-9f87-1eeef33b56b4,1987-11-25,,999-89-8026,S99924129,X38800375X,Mr.,Christian753,Hahn503,JD,,S,white,nonhispanic,M,Holden  Massachusetts  US,419 Crooks Rest,Boston,Massachusetts,Suffolk County,2122.0,42.35784795704456,-71.14881308324972,744783.65,3082.2
e186b745-7884-4c35-b5c0-43fe78f6a5e6,1939-01-11,1994-07-13,999-23-1571,S99983331,X25315162X,Mrs.,Alyssa971,Balistreri607,,Volkman526,M,white,nonhispanic,F,Boston  Massachusetts  US,250 Gleason Fork Suite 29,West Springfield,Massachusetts,Hampden County,,42.12120175488389,-72.68825413058602,1298742.84,7357.5999999999985
08085e78-3f7c-47e0-ace7-14e3c58274cd,1987-11-29,,999-78-1305,S99966556,X80275850X,Mrs.,Carri827,Mitchell808,,Renner328,M,white,nonhispanic,F,Marshfield  Massachusetts  US,340 Skiles Quay,Quincy,Massachusetts,Norfolk County,2171.0,42.22943860958946,-71.04527874799726,699191.36,21261.13
bc50d984-67e8-4dba-9d48-43d22f04f786,1969-05-26,2017-12-11,999-56-6492,S99975154,X63107775X,Mr.,Mickey576,Bahringer146,,,M,white,nonhispanic,M,Fall River  Massachusetts  US,1004 Schaefer Station Suite 58,Yarmouth,Massachusetts,Barnstable County,,41.64900534286093,-70.26803862967037,1007339.71,5058.599999999999
5b27ab01-c3c4-4fc6-ba6d-6d121f808670,2016-07-21,,999-29-7064,,,,Luis923,Jaskolski867,,,,white,nonhispanic,M,Duxbury  Massachusetts  US,944 Beier Promenade,New Bedford,Massachusetts,Bristol County,2747.0,41.700997865898,-70.90536525386598,100769.04,1826.56
cc1373ad-bedd-434c-83bc-a42377aaa7cf,1993-03-13,,999-53-8401,S99953140,X58481506X,Ms.,Asha251,Casper496,,,S,black,nonhispanic,F,Lawrence  Massachusetts  US,1013 Mayer Gateway,Berkley,Massachusetts,Bristol County,,41.8638780287836,-71.12055946822382,690686.82,4556.49
8faa8363-4bee-407d-968a-2bf79a847e56,2002-04-19,,999-75-8391,S99969174,,Ms.,Tambra47,Beatty507,,,,white,nonhispanic,F,Sudbury  Massachusetts  US,928 Ullrich Mill,Lowell,Massachusetts,Middlesex County,1851.0,42.60388518006892,-71.31865293789163,481775.81,2698.16
789977fd-dc52-492b-a70a-3e5c8eecaf19,2002-12-22,,999-17-3192,S99943222,,,Santos184,Wehner319,,,,white,nonhispanic,M,Malden  Massachusetts  US,959 Muller Corner,Woburn,Massachusetts,Middlesex County,1890.0,42.51786943905049,-71.16081302469694,386219.16,6540.999999999998
a2e912e4-9cfc-4e85-9119-02b4cf804553,1989-05-04,,999-43-3139,S99979240,X30463140X,Mr.,Jorge203,Segovia340,,,M,white,hispanic,M,Bogota  Bogota  CO,951 Cormier Terrace Unit 74,Springfield,Massachusetts,Hampden County,1105.0,42.12438888762326,-72.63834013006783,38670.51,444.9599999999999
545c30c9-353e-4b7f-8e59-06e1e9aa5aaa,1972-09-01,,999-69-1342,S99968223,X50085675X,Mrs.,Ginette140,Steuber698,,Cassin499,M,black,nonhispanic,F,Somerville  Massachusetts  US,600 O'Reilly Trace Suite 75,Methuen,Massachusetts,Essex County,,42.71927705297219,-71.1748898925445,165238.37,63523.28999999999
e05b54b4-026a-403a-9b66-cb9d0f9b20d9,1927-07-23,2001-08-06,999-34-8756,S99955290,X18197209X,Mrs.,Karen597,Rowe323,,Luettgen772,M,white,nonhispanic,F,Worcester  Massachusetts  US,260 Toy Key,Worcester,Massachusetts,Worcester County,1605.0,42.22492050785852,-71.77763475750088,1448382.77,53322.94
c69e4051-b7bc-4c07-8c13-48bf13e502a8,1991-06-22,,999-61-6835,S99982951,X5379873X,Mr.,Martin117,Rogahn59,,,S,white,nonhispanic,M,Springfield  Massachusetts  US,840 Howell Fork,Middleborough,Massachusetts,Plymouth County,,41.894829861636126,-70.87318109515344,768772.08,2738.96
eaf8670b-c580-4bcc-9624-9e4e326775c2,1915-10-02,1918-10-14,999-22-1068,,,,Nelson403,Stanton715,,,,black,nonhispanic,M,Barnstable  Massachusetts  US,333 Hansen Esplanade,Boston,Massachusetts,Suffolk County,2131.0,42.39615559265864,-71.11349790138935,82529.5,815.7599999999999
716e2d42-3d8d-488a-87b0-dabeda9b9d33,1954-07-08,2020-03-14,999-83-8998,S99978702,X48692371X,Mr.,Brian582,Barrows492,,,M,white,nonhispanic,M,Chelsea  Massachusetts  US,332 Kohler Annex Apt 18,Chelmsford,Massachusetts,Middlesex County,,42.59477930702467,-71.37436123302169,1502013.37,10506.44
d92ac2ec-15c2-4ce7-b14f-f1758bf20ed5,1974-12-04,,999-43-7045,S99932873,X65625576X,Ms.,Dorcas534,Toy286,,,S,white,nonhispanic,F,New Bedford  Massachusetts  US,156 Bailey Meadow,Medford,Massachusetts,Middlesex County,,42.46160455669139,-71.15744809353804,150075.15,18887.4
9fd16bd8-68ac-469b-9feb-0481b65c36c2,1983-08-05,,999-51-3435,S99966846,X46658073X,Mrs.,Rolanda823,Jerde200,,Dickinson688,M,white,hispanic,F,Weymouth  Massachusetts  US,249 Pacocha Common Suite 2,Boston,Massachusetts,Suffolk County,2124.0,42.3730887752686,-71.12035091735974,734207.24,8951.439999999999
8a5ec142-914d-41f8-913d-9edd6e4dc1ff,1954-07-08,,999-74-9186,S99973704,X38470388X,Mr.,Cecil300,Batz141,,,M,white,nonhispanic,M,Boston  Massachusetts  US,711 Grady Common Unit 45,Chelmsford,Massachusetts,Middlesex County,,42.60406194265666,-71.36839578516631,1742544.47,6272.84
fc8f36e4-02cf-41de-864e-9d56fac04c7b,1997-09-08,,999-87-9001,S99936156,X55901097X,Ms.,Emilia403,Gaitán874,,,,white,hispanic,F,Carolina  Puerto Rico  PR,256 Turner Village Unit 75,Rockport,Massachusetts,Essex County,1966.0,42.66014974887048,-70.5710106697083,9331.3,0.0
20aa8e3d-57ae-41ca-8fb4-06b6547cfa03,1944-12-02,,999-81-1970,S99973824,X63815084X,Ms.,Joleen561,Hauck852,,,S,white,nonhispanic,F,Boston  Massachusetts  US,193 Kub Plaza,Haverhill,Massachusetts,Essex County,1832.0,42.72936280984264,-71.05478089805189,1494246.14,14223.6
9f707a4d-38e6-47bb-bebd-93b0fed4c354,1920-06-05,1986-05-10,999-52-2548,S99971180,X31273040X,Mr.,Lino542,Jacobson885,,,M,white,nonhispanic,M,New Bedford  Massachusetts  US,585 Emmerich Spur Suite 20,Southampton,Massachusetts,Hampshire County,,42.22394632639308,-72.75217303597678,1493446.22,5355.24
b9b6ea1c-3fc2-45ad-a529-5d0ae0ffaf29,1947-08-07,,999-75-9011,S99996411,X41885306X,Mrs.,Caryn49,Yost751,,Homenick806,M,white,nonhispanic,F,Holyoke  Massachusetts  US,808 Cormier Light Apt 46,Westfield,Massachusetts,Hampden County,1086.0,42.12493701384053,-72.80854895146412,1579850.15,12666.64
d19a570e-d5a1-454b-9204-ab699003878d,1927-07-23,2017-02-07,999-84-3604,S99998626,X900288X,Mrs.,Loretta235,Langosh790,,Kassulke119,M,white,nonhispanic,F,Westfield  Massachusetts  US,896 Pacocha Light,Worcester,Massachusetts,Worcester County,1610.0,42.3056004296646,-71.75411060836886,1506428.94,60800.34
50531218-ad5d-48ee-a167-c8425b77b1ab,1937-08-05,,999-42-3170,S99972107,X28824785X,Mrs.,Gwyneth692,Deckow585,,West559,M,white,nonhispanic,F,Plainville  Massachusetts  US,869 Ortiz Hollow,Stoughton,Massachusetts,Norfolk County,,42.164282663648464,-71.07269878600589,1465878.78,12095.559999999998
a6300515-253f-499f-baf3-f39a502ea32c,2014-07-24,,999-47-4918,,,,Tamica785,Wuckert783,,,,asian,nonhispanic,F,Boston  Massachusetts  US,487 Stokes Terrace,New Bedford,Massachusetts,Bristol County,2746.0,41.75613521314246,-70.9364583297375,18708.74,4099.62
21e758d3-423a-445e-8f64-f1b39c49fbc5,1963-08-10,,999-34-5621,S99984171,X82354416X,Mr.,Bret7,Huel628,,,M,asian,nonhispanic,M,Boston  Massachusetts  US,329 Funk Skyway Unit 58,Groveland,Massachusetts,Essex County,,42.75469948372893,-71.0246173446688,1242454.2,18607.5
d11ff4a9-e7a9-4885-829b-fb265890be90,1969-06-04,,999-69-4172,S99970011,X21898102X,Mr.,Nicholas495,Berge125,,,M,native,nonhispanic,M,South Hadley  Massachusetts  US,545 Trantow Street,Malden,Massachusetts,Middlesex County,2148.0,42.42387036590846,-71.11421469619913,1062973.94,5200.28
5bf38079-20a0-4682-9128-be0f2361e03b,1975-01-18,,999-37-4260,S99918902,X33135755X,Mr.,Rosario163,Spencer878,,,M,white,nonhispanic,M,Falmouth  Massachusetts  US,381 Rowe Esplanade,Brockton,Massachusetts,Plymouth County,2351.0,42.08060021027456,-71.04362381624547,1208820.38,8177.36
d37bfe91-76ad-4170-b521-5670f498e66a,1969-06-24,,999-30-1881,S99977622,X89431220X,Mrs.,Keena534,Leannon79,,Hane680,M,white,nonhispanic,F,Plymouth  Massachusetts  US,412 Keeling Course,Holbrook,Massachusetts,Norfolk County,2368.0,42.13561867030239,-71.05884634894277,1032479.91,13744.41
f0a3834a-f4b3-4811-a297-ec8268aba4f7,1920-06-05,2004-12-16,999-21-6854,S99956513,X32764192X,Mr.,Jonathon205,Metz686,,,M,white,nonhispanic,M,Belmont  Massachusetts  US,975 Johns Path Apt 94,Southampton,Massachusetts,Hampshire County,,42.2669097417235,-72.77669329433553,1712562.56,15671.15
0193adec-2f4b-41c5-961c-0e41e511abaa,1948-12-06,,999-83-1267,S99980394,X57886X,Mr.,Freeman822,Hoeger474,,,M,white,nonhispanic,M,Cambridge  Massachusetts  US,894 Terry Bypass,Barnstable,Massachusetts,Barnstable County,2647.0,41.67333957908146,-70.34146856727932,1644443.97,19261.59
c37c1d56-966c-4edd-9739-83498d61e756,1980-03-20,,999-16-5791,S99924239,X17367127X,Mr.,Todd315,Schaden604,,,S,black,nonhispanic,M,Norfolk  Massachusetts  US,646 Kirlin Heights Apt 83,Woburn,Massachusetts,Middlesex County,1890.0,42.43349477440412,-71.14498887039247,830365.34,6004.239999999999
404569d5-0180-4c4b-a9c9-b8e8e9977db4,1986-10-16,,999-57-1154,S99974859,X59453369X,Ms.,Oda116,Frami345,,,S,white,nonhispanic,F,Hadley  Massachusetts  US,960 Beier Overpass Apt 36,Stoneham,Massachusetts,Middlesex County,2180.0,42.4966592372479,-71.07252403579612,776080.13,5270.32
0e078f71-40af-4b9e-a6af-80a6b6eed3ad,2006-01-09,,999-57-3799,,,,Kori635,Altenwerth646,,,,white,nonhispanic,F,Boston  Massachusetts  US,534 Conroy Esplanade,Pittsfield,Massachusetts,Berkshire County,,42.42530089947322,-73.25402859452737,331035.48,3207.32
8a6a49b1-fc62-4909-9269-4c1719d94cbe,2007-08-21,,999-18-9974,,,,Troy560,Quigley282,,,,white,nonhispanic,M,Boston  Massachusetts  US,494 Fadel Mews Suite 63,Clinton,Massachusetts,Worcester County,1510.0,42.3866165847329,-71.66503848456426,264605.33,3351.44
91e5a4d7-260f-4a6d-92ab-4fcc4038a77b,1961-09-07,,999-72-7580,S99955789,X27461831X,Mrs.,Era940,Ebert178,,Hand679,M,white,nonhispanic,F,Medford  Massachusetts  US,368 Wilderman Estate Unit 96,Andover,Massachusetts,Essex County,1810.0,42.67756937789759,-71.15914819593077,1247580.98,7639.239999999999
4e9b2125-52be-4eb3-9dae-55ed5573e173,1973-08-17,,999-11-9935,S99971936,X46699870X,Ms.,Charlott617,Osinski784,,,S,black,nonhispanic,F,Chelmsford  Massachusetts  US,193 Morar Walk Unit 32,Boston,Massachusetts,Suffolk County,2151.0,42.317618272213466,-71.07507505474193,1149691.33,10028.57
c4727695-08fb-4db0-a5b1-9f884294f835,1963-11-27,,999-36-5742,S99917191,X37466330X,Mr.,Duane703,Wehner319,,,S,black,nonhispanic,M,Springfield  Massachusetts  US,903 Stroman Gardens Apt 44,Boston,Massachusetts,Suffolk County,2126.0,42.269285389293344,-71.12793148311465,1229814.24,13735.3
c2e4e57e-5bd8-490e-8921-7cce95bf0b7f,1989-11-28,,999-29-7449,S99932103,X13403571X,Mrs.,Candra395,Pacocha935,,Grant908,M,white,nonhispanic,F,Worcester  Massachusetts  US,484 Stroman Ville,Boston,Massachusetts,Suffolk County,2152.0,42.29980104284383,-71.00569033298454,655119.64,4565.36
b35f4dce-6a90-4c90-b573-237226a2b65a,2011-03-24,,999-73-1754,,,,Trinidad33,Boyle917,,,,white,nonhispanic,F,Woburn  Massachusetts  US,282 Crona Course,Newton,Massachusetts,Middlesex County,2462.0,42.34410364032878,-71.18443373020209,187842.85,2669.0
d74225a5-cb0d-42dd-b08f-e7542abcf34e,1963-05-02,2003-10-30,999-43-8571,S99931630,X10114735X,Mrs.,Rolande819,Windler79,,Fay398,M,white,nonhispanic,F,North Brookfield  Massachusetts  US,250 Klein Neck,Springfield,Massachusetts,Hampden County,1199.0,42.00956763348927,-72.57918684865831,184770.63,22046.77
3038a849-99ee-4205-a6b9-3ed15c085e29,1970-10-26,,999-43-4024,S99982949,X14541812X,Mr.,Alfred550,Quigley282,,,M,white,nonhispanic,M,Canton  Massachusetts  US,547 Gislason Byway,Westminster,Massachusetts,Worcester County,,42.50653723052269,-71.87598541192683,1316291.03,3222.24
438683bb-b792-415f-81f6-e42f7d6c9189,1977-10-09,,999-15-9958,S99951624,X48905782X,Mr.,Erik495,Cremin516,,,M,white,nonhispanic,M,Quincy  Massachusetts  US,320 Casper Avenue Suite 34,North Andover,Massachusetts,Essex County,,42.65853700314718,-71.07151564864981,984014.06,5013.719999999999
7ad1388c-e5aa-40a4-866a-45a0844b270d,1976-01-27,,999-97-3796,S99998564,X35226708X,Mrs.,Chu728,Witting912,,Johns824,M,white,nonhispanic,F,Somerville  Massachusetts  US,747 Lind Ville Unit 86,Salem,Massachusetts,Essex County,1970.0,42.49328817484048,-70.88555264780726,899895.79,8055.799999999998
bed4b7d0-eece-4223-ae88-6d796340d48f,1991-07-05,,999-90-5919,S99918192,X6037107X,Mr.,Jean712,Roob72,,,M,white,nonhispanic,M,Mattapoisett  Massachusetts  US,826 Rippin Tunnel,Nantucket,Massachusetts,Nantucket County,2554.0,41.26695379907664,-70.06679799902145,666689.74,7245.079999999998
9c924d4a-4362-4291-a82d-b44529f16bbd,1939-04-03,1998-03-23,999-91-8914,S99986518,X7947467X,Mr.,Moshe758,Beier427,,,M,asian,nonhispanic,M,Watertown  Massachusetts  US,1086 Pouros Run,Somerville,Massachusetts,Middlesex County,2145.0,42.39420830950062,-71.08685005852176,1212326.65,4571.879999999999
3e20f609-8a89-431b-8959-495181113d8d,2015-03-03,,999-66-9446,,,,Bryce11,Stokes453,,,,white,nonhispanic,M,Westwood  Massachusetts  US,1010 Roberts Orchard,North Adams,Massachusetts,Berkshire County,,42.706630306478736,-73.13714590687238,112304.0,2299.84
df8f4b34-4667-41ac-b104-d42813376886,1939-04-03,2007-09-16,999-43-9933,S99971833,X78272959X,Mr.,Wallace647,Huel628,,,M,asian,nonhispanic,M,Adams  Massachusetts  US,598 McGlynn Walk,Somerville,Massachusetts,Middlesex County,,42.337876123557855,-71.1342694834916,1499774.35,291808.89000000013
99600701-b8e6-4630-8d9b-5b4745a25023,2002-03-09,,999-59-6977,S99970579,,Mr.,Roman389,Beatty507,,,,white,nonhispanic,M,Foxborough  Massachusetts  US,918 Keebler Gardens,Weymouth,Massachusetts,Norfolk County,2191.0,42.214111445204296,-70.92530695919976,492945.32,2827.32
840620ae-7496-4cd6-b1f5-d28e38179d39,1947-09-23,2020-02-26,999-46-4336,S99924970,X68869624X,Mrs.,Christiana224,Eichmann909,,Skiles927,M,white,nonhispanic,F,Malden  Massachusetts  US,652 Schulist Avenue,Medford,Massachusetts,Middlesex County,2155.0,42.47321033786042,-71.10154080276158,1416663.48,14176.129999999996
f2ddc8f4-e9f0-44be-9cbc-c1d501992c75,1922-08-15,1996-08-28,999-22-9925,S99995085,X5664134X,Mr.,Mitchell808,Herzog843,,,M,black,nonhispanic,M,Millis  Massachusetts  US,949 Gleichner Crossing,Worcester,Massachusetts,Worcester County,1608.0,42.20433966611367,-71.81452133518596,1754673.25,84814.20000000004
b6bb02cd-16f3-40ad-8532-7d800cec7853,1939-04-03,,999-47-4295,S99936587,X81626113X,Mr.,Cary869,Cremin516,,,M,asian,nonhispanic,M,Hanson  Massachusetts  US,764 Herman Vista Apt 34,Somerville,Massachusetts,Middlesex County,2138.0,42.44603960695002,-71.15766869932347,1593893.0,76931.74999999999
874878f0-969b-4418-aa32-240c33d1e7bc,1945-09-09,,999-81-7516,S99918353,X19604079X,Mr.,Duane703,Aufderhar910,,,M,white,nonhispanic,M,Weston  Massachusetts  US,699 Feeney Branch,Wilmington,Massachusetts,Middlesex County,,42.55759559377681,-71.16264957302256,1599245.28,8945.5
c42a2aa5-50ae-42b2-8a16-591129b2c930,1985-01-15,,999-96-2786,S99979891,X20652361X,Mr.,Darrell400,Baumbach677,,,M,white,nonhispanic,M,Hingham  Massachusetts  US,588 Boyle Tunnel,Northampton,Massachusetts,Hampshire County,1063.0,42.36104850329762,-72.58582619192124,897276.99,3343.04
c29ceba2-95e0-4d45-82b6-cb743684adbb,1955-05-17,,999-62-6659,S99961298,X58924625X,Mrs.,Ladawn167,Hermann103,,Leuschke194,M,white,nonhispanic,F,Walpole  Massachusetts  US,132 Harvey Flat Unit 76,Framingham,Massachusetts,Middlesex County,1702.0,42.285626983702215,-71.4818045290394,1373065.86,10195.88
ad25b95e-a0b6-489f-a0ff-dd24bf57b50a,1938-07-15,1992-09-07,999-86-4116,S99927973,X22159521X,Mr.,Bradly656,Howe413,,,S,white,hispanic,M,Boston  Massachusetts  US,1034 Prosacco Esplanade,Ipswich,Massachusetts,Essex County,,42.72026806830596,-70.84949040573598,1256351.57,5805.169999999999
4015184f-cfe7-42ae-98e0-d834689f7b30,1938-06-02,2012-12-22,999-94-8799,S99956262,X70832461X,Mrs.,Micha632,Bartell116,,Stark857,M,black,nonhispanic,F,Westfield  Massachusetts  US,180 Harber Ferry Unit 54,Brockton,Massachusetts,Plymouth County,2351.0,42.06945159167244,-71.07212708110092,1548933.09,15488.979999999998
97480414-f7bb-4559-bcf9-4bbafd44990a,1946-11-05,,999-34-1945,S99980012,X1039011X,Mr.,Julio255,Carrero892,PhD,,M,white,hispanic,M,Santiago  Santiago Province  CL,1065 Weber Stravenue,Boston,Massachusetts,Suffolk County,2152.0,42.34628197759336,-71.17613460617125,133385.26,47009.71
f4a17926-6292-41fa-a17b-5c1bd0f678b6,1966-10-24,2020-03-26,999-46-3769,S99961036,X55768292X,Mr.,Ethan766,Terry864,,,M,white,hispanic,M,Hingham  Massachusetts  US,1032 Cummerata Avenue,Salem,Massachusetts,Essex County,1970.0,42.480577550859685,-70.84126806125552,1165842.81,12925.79
8f67ccbc-a549-45e4-9a58-11cdd2c7308c,1987-05-14,,999-59-4647,S99918913,X20169226X,Mr.,Julius90,Kuhlman484,,,M,white,nonhispanic,M,Wrocław  Lower Silesian  PL,1026 Prohaska Landing,Boston,Massachusetts,Suffolk County,2122.0,42.35014979413226,-71.03914642340136,876704.56,2648.12
6ed75f08-a2ab-494f-acea-6e273a0c372e,2004-10-25,,999-24-4255,,,,Caroline183,Leffler128,,,,white,nonhispanic,F,Easthampton  Massachusetts  US,318 Gutmann Lane Unit 22,Wrentham,Massachusetts,Norfolk County,,42.01238147293832,-71.3681189307828,358608.72,3093.96
e3f4e235-1e40-4c32-ae61-b3a6ec7a505e,1980-05-03,,999-14-8387,S99977260,X38184366X,Mrs.,Bronwyn77,Nader710,,Crona259,M,white,nonhispanic,F,Chelmsford  Massachusetts  US,551 Zemlak Road,Webster,Massachusetts,Worcester County,,42.00000980413482,-71.88294920135094,976128.95,4829.56
9acf0f29-2d74-4900-af68-0b8c59c8df21,1945-01-30,2020-03-19,999-57-9727,S99981799,X68529134X,Mrs.,Jule420,Rogahn59,,Weimann465,M,white,nonhispanic,F,Amherst  Massachusetts  US,218 Crooks Light,Royalston,Massachusetts,Worcester County,,42.681445137933935,-72.17910919486035,1725499.29,12332.39
a7097276-97ac-47a6-8aca-5c39871d6d04,2014-02-22,,999-73-6575,,,,Karrie350,Bashirian201,,,,white,nonhispanic,F,Westford  Massachusetts  US,866 Champlin Row Apt 78,Danvers,Massachusetts,Essex County,1937.0,42.5510601474249,-70.94300987386059,18990.0,2214.04
e86f4bb3-f369-4fdb-a5d1-e6c383346618,1992-11-25,,999-75-4050,S99993415,X7140634X,Ms.,Felipa93,Yundt842,,,S,black,nonhispanic,F,Newbury  Massachusetts  US,559 Cole Boulevard,Needham,Massachusetts,Norfolk County,2492.0,42.34863013239684,-71.26659146133855,597086.84,3145.5199999999995
55dbfad6-186c-4fbc-9eb3-a5006afcc201,1961-05-19,,999-22-1013,S99965359,X30968377X,Mrs.,Telma919,Barrows492,,Schroeder447,M,white,nonhispanic,F,Melrose  Massachusetts  US,937 Maggio Run,South Hadley,Massachusetts,Hampshire County,,42.292933331891625,-72.56506860569347,191675.65,25885.38
f494eef8-1a99-4a8a-b77a-2516c24b08a9,1976-11-24,,999-87-8173,S99914785,X56337589X,Mrs.,Joanna347,Miller503,,King743,M,white,nonhispanic,F,North Reading  Massachusetts  US,346 Walsh Parade,Brockton,Massachusetts,Plymouth County,2301.0,42.092145659886135,-71.05838416450408,865414.52,17057.549999999996
0f0bc78d-4a87-4a01-8234-f57d7b9802d3,1938-06-02,2020-03-18,999-21-3913,S99984969,X69100892X,Ms.,Leandra549,Boyle917,,,S,black,nonhispanic,F,Everett  Massachusetts  US,822 O'Keefe Common Unit 83,Brockton,Massachusetts,Plymouth County,2351.0,42.118374374200855,-70.98963956304628,1377577.83,28840.62
254b96d8-4dca-40ad-91b0-2b1ff3a911ed,1948-10-30,,999-85-2076,S99968723,X18791582X,Mrs.,Georgia502,Walsh511,,Reynolds644,M,black,nonhispanic,F,Plainville  Massachusetts  US,1007 Crooks Corner,Canton,Massachusetts,Norfolk County,,42.178110585707664,-71.14940828612424,1346701.72,13883.02
6d78796a-1912-4f27-8099-93b4161c1070,1994-11-13,,999-97-7662,S99943924,X80350164X,Mr.,Teodoro374,Villalobos491,,,,native,hispanic,M,Carolina  Puerto Rico  PR,1073 Thiel Street,Chicopee,Massachusetts,Hampden County,,42.165469910344726,-72.5659139954797,534099.26,6773.399999999998
24b7cdb8-ea83-4eb3-9cb5-afe0f8602841,1993-09-02,,999-37-9619,S99953454,X73710821X,Ms.,Karie712,Legros616,,,,asian,nonhispanic,F,Danvers  Massachusetts  US,381 Greenholt Gateway,Shirley,Massachusetts,Middlesex County,,42.61172417127385,-71.65204140799683,549721.67,2883.04
5ce61945-3152-41a8-b853-87761539a01b,1948-05-25,,999-24-9140,S99986894,X65018514X,Mr.,Daron260,Dare640,,,M,black,nonhispanic,M,Lowell  Massachusetts  US,855 Lockman Approach,Boston,Massachusetts,Suffolk County,2210.0,42.26523119724592,-71.08578709490207,1529796.63,10970.89
f7051796-9519-4918-9735-31e914c8e636,1978-03-23,,999-92-9451,S99975600,X60280446X,Mr.,Darrin898,Lueilwitz711,,,M,white,nonhispanic,M,Peabody  Massachusetts  US,550 Luettgen Heights,Hull,Massachusetts,Plymouth County,,42.37805667949672,-70.88753449186187,967058.19,3732.96
e6b4a581-2c6f-4ce6-b9b5-4594918436f4,1935-10-12,1992-04-11,999-47-6501,S99930655,X43700558X,Mr.,Vernon254,Shanahan202,,,M,white,nonhispanic,M,Nantucket  Massachusetts  US,136 White Lodge Unit 61,Orleans,Massachusetts,Barnstable County,,41.81832059713558,-69.98619889536035,1370057.86,4683.679999999999
cadaa32e-5bc1-4be9-819f-c7ee79eb9a99,1970-11-17,,999-69-7928,S99948124,X23560868X,Mrs.,Giuseppina753,Mills423,,Bode78,M,white,nonhispanic,F,Cohasset  Massachusetts  US,304 Schuppe Park,Boston,Massachusetts,Suffolk County,,42.33627556155117,-71.07549777196914,160109.31,16749.05
b057a08c-5cdd-436a-9096-cde13047fce9,1935-10-12,1976-01-17,999-10-1820,S99992851,X31104858X,Mr.,Demarcus108,Bauch723,,,M,white,nonhispanic,M,Haverhill  Massachusetts  US,875 Berge Bay Suite 61,Orleans,Massachusetts,Barnstable County,2653.0,41.78966083815292,-70.01745613339503,875068.81,2708.0
0d8f3bb4-d9a3-45eb-a30e-73780afdee85,1975-02-08,,999-81-2569,S99915806,X77351051X,Mrs.,Karole140,Romaguera67,,Kris249,M,white,nonhispanic,F,Milton  Massachusetts  US,818 Gottlieb Quay Unit 55,Littleton,Massachusetts,Middlesex County,,42.57264151731211,-71.52022919272865,1050396.79,3377.9999999999995
3c78f2db-3b9d-4d65-87ba-cc134b8d06fd,1968-02-10,,999-10-8736,S99979166,X33729593X,Mr.,Cortez851,Erdman779,,,S,asian,nonhispanic,M,Townsend  Massachusetts  US,159 Willms Route,Malden,Massachusetts,Middlesex County,2148.0,42.4475180316793,-71.08911696204063,38519.55,354.9599999999999
a32dd76c-185b-4bbd-a6b6-c5c30413474a,1969-05-08,2020-03-19,999-39-2321,S99945018,X41650514X,Mrs.,Piper612,Cummerata161,,Kunze215,M,white,nonhispanic,F,Medford  Massachusetts  US,120 Connelly Union Suite 57,Barnstable,Massachusetts,Barnstable County,2668.0,41.64702902010147,-70.45210256146451,995270.26,15645.479999999998
c651ef45-315b-454a-bfd9-d515d2c518d6,1935-10-12,,999-89-2152,S99986284,X41796838X,Mr.,Rosario163,Runolfsdottir785,,,S,white,nonhispanic,M,New Bedford  Massachusetts  US,218 Feest Bypass,Orleans,Massachusetts,Barnstable County,2653.0,41.76248594259719,-69.98013565185225,1567195.61,12303.63
5b47d0cd-e478-4944-aed6-7dd9cf623ec8,2013-05-08,,999-83-9921,,,,Issac619,Lehner980,,,,white,nonhispanic,M,Winthrop  Massachusetts  US,630 Yost Lane Unit 99,Brookline,Massachusetts,Norfolk County,2445.0,42.33115805219968,-71.08998466065991,144841.62,2263.2
6b6bb4cd-7153-46c5-83b0-0f29c8ebd154,1976-02-11,,999-73-1632,S99919429,X88325579X,Mrs.,Jacque955,Kub800,,Doyle959,M,white,nonhispanic,F,Hampden  Massachusetts  US,101 Gutmann Overpass,Needham,Massachusetts,Norfolk County,2494.0,42.28123092457146,-71.20078810208071,1024539.01,8909.489999999998
2afea822-c37f-4dac-b347-70abd293e230,1972-05-22,,999-60-7704,S99976740,X37861851X,Mrs.,Carrie738,Kshlerin58,,Grady603,M,white,hispanic,F,Ayer  Massachusetts  US,665 Klocko Drive Suite 80,Methuen,Massachusetts,Essex County,1841.0,42.71990726106406,-71.14169523552826,998599.21,14805.159999999998
68e59a54-0556-477c-bdb6-50e483cbe1cc,2007-11-07,,999-99-5403,,,,Wilford267,Tremblay80,,,,white,nonhispanic,M,Watertown  Massachusetts  US,588 Lockman Avenue Unit 64,Woburn,Massachusetts,Middlesex County,1890.0,42.4789145806467,-71.13844078316994,264067.46,3449.76
7feab0d3-ff93-479d-8ffe-d3025f8fd4db,1963-03-31,,999-67-3929,S99917365,X89119014X,Mr.,Byron202,Towne435,,,M,white,nonhispanic,M,Dartmouth  Massachusetts  US,782 Leffler Wall,Clinton,Massachusetts,Worcester County,1510.0,42.44351642882612,-71.66248745751867,1444759.17,5985.32
51c63ef7-be03-4da9-8fad-1862e7b4ede6,1957-12-26,,999-34-8534,S99956510,X65831495X,Mrs.,Pauletta164,Adams676,,Beatty507,M,white,nonhispanic,F,Chicopee  Massachusetts  US,968 Trantow Dale,Medfield,Massachusetts,Norfolk County,2052.0,42.1600821075357,-71.29538144698259,1490203.02,8041.759999999999
086fb4a8-6152-47a7-bdc0-e90cbf11627a,1945-06-16,,999-96-3891,S99957961,X62312425X,Ms.,Marisol435,MacGyver246,,,S,white,nonhispanic,F,Winthrop  Massachusetts  US,160 Schiller Quay,Malden,Massachusetts,Middlesex County,,42.47844442713526,-71.04620527738147,1392532.35,15050.48
4ab5afbb-33e2-43b6-a7ee-645173f4cb0b,1999-07-10,,999-68-5017,S99979674,X952185X,Ms.,Paris331,Schaefer657,,,,asian,nonhispanic,F,Spencer  Massachusetts  US,1062 Wunsch Esplanade Unit 1,Boston,Massachusetts,Suffolk County,2125.0,42.346921213116126,-71.01820251584692,513825.99,4445.48
8979f19d-9cbc-410d-9c73-e7a37bda3bf0,1975-09-27,,999-42-6743,S99937209,X64942222X,Mr.,Jasper743,Effertz744,,,M,white,nonhispanic,M,Quincy  Massachusetts  US,550 Bogisich Wall,Beverly,Massachusetts,Essex County,,42.5344022177839,-70.90164451749406,49744.11,0.0
ff263b0f-fcf6-4a89-8e09-76efe5f2bc4f,2012-01-05,,999-97-9030,,,,Bettye671,Prosacco716,,,,white,nonhispanic,F,Harvard  Massachusetts  US,868 Upton Heights,Salisbury,Massachusetts,Essex County,1952.0,42.87827228545432,-70.8556342788574,202624.1,2644.84
285d92f3-6ae1-4d77-95a0-7e06661c0d7d,2016-10-23,,999-82-2779,,,,Mariano761,Ratke343,,,,white,nonhispanic,M,Fairhaven  Massachusetts  US,691 Pacocha Wall,West Bridgewater,Massachusetts,Plymouth County,,42.05076258013545,-71.06166611170676,92524.29,1688.24
8bf57f36-e6b1-4502-a082-7b3787747124,1950-09-07,,999-10-7701,S99964916,X42836209X,Mrs.,Layla49,Thompson596,,Kihn564,M,white,nonhispanic,F,Ware  Massachusetts  US,648 Buckridge Highlands,Bridgewater,Massachusetts,Plymouth County,2324.0,41.94657179356727,-70.95957441153088,1361574.02,12420.36
f3ef9d9d-36fd-4bbc-a82b-b8d996503089,1993-12-16,,999-77-5800,S99929339,X89660374X,Ms.,Camelia346,Leuschke194,,,,white,nonhispanic,F,Westfield  Massachusetts  US,408 Boehm Street,North Andover,Massachusetts,Essex County,,42.67543016688876,-71.1342352922187,8578.72,0.0
7ea0a5e4-f4fc-434f-8186-034793bbef33,1948-05-17,2008-06-01,999-80-3239,S99970716,X57542843X,Mrs.,Magdalena964,Vega377,,Nájera755,M,white,hispanic,F,Salisbury  Saint Joseph Parish  DM,195 Corkery Port,Waltham,Massachusetts,Middlesex County,2451.0,42.34728596758431,-71.23835671780208,1387490.05,9449.04
1fc640f6-a2d5-4552-8d8f-e6ca41631320,1964-09-27,,999-93-9594,S99972313,X48991662X,Mr.,Emmitt44,Bergstrom287,,,M,white,nonhispanic,M,Boston  Massachusetts  US,1021 Jaskolski Passage Suite 5,Easton,Massachusetts,Bristol County,,42.01052920713772,-71.11214037149463,1364255.21,5610.28
c9f42967-603e-4467-9fa6-7c96e53dcfbf,1962-12-11,,999-15-4074,S99953414,X63585176X,Mrs.,Shiela18,Halvorson124,,Emard19,M,white,nonhispanic,F,Marblehead  Massachusetts  US,603 Mertz Crossroad Unit 22,Needham,Massachusetts,Norfolk County,2494.0,42.31821611784576,-71.22999878801807,1337327.03,8564.99
0b4cae94-aeff-4166-8eda-1e6fe01fe283,1971-03-29,,999-56-3589,S99998632,X7376713X,Mrs.,Sung603,Lowe577,,Gaylord332,M,white,nonhispanic,F,Worcester  Massachusetts  US,156 Johnston Neck,Kingston,Massachusetts,Plymouth County,2364.0,42.03157390210555,-70.71370657518891,1128533.81,7432.059999999999
d29b6805-b1ec-4a62-89d9-22613fc41396,1971-02-25,,999-37-2839,S99970103,X39877416X,Mrs.,Sun500,Schmeler639,,Kautzer186,M,asian,nonhispanic,F,Hong Kong  Hong Kong Special Administrative Region  CN,385 Toy Flat Suite 93,Worcester,Massachusetts,Worcester County,,42.33964764504268,-71.81980780385477,1064305.93,5712.759999999999
634199b3-e225-4ff7-8ece-036c0d1b8100,1969-06-05,,999-38-8021,S99948970,X84608696X,Mrs.,Shantel839,Altenwerth646,,Grant908,M,white,nonhispanic,F,Gardner  Massachusetts  US,415 Miller Vale,Marblehead,Massachusetts,Essex County,1945.0,42.51405823837543,-70.90419981134698,1028215.41,15893.169999999996
34097ea5-7426-4417-9962-fb36a2e0e8f4,1951-07-16,,999-56-2151,S99948120,X34673888X,Mrs.,Melida518,Tillman293,,Rau926,M,white,nonhispanic,F,Rochester  Massachusetts  US,148 Conroy Boulevard,Boston,Massachusetts,Suffolk County,2130.0,42.30265190190247,-71.0493231678873,928633.1,14437.69
6d5b8634-52cc-40e8-bd89-a5335e1fac95,1996-05-12,,999-44-1704,S99978078,X15915094X,Mr.,Myron933,Nienow652,,,,white,nonhispanic,M,Brockton  Massachusetts  US,800 Schulist Mews Apt 29,Foxborough,Massachusetts,Norfolk County,2035.0,42.1016239703989,-71.2308910935242,638618.24,2755.64
71ed08b4-7083-4664-9555-7a0d3daa4b50,1999-06-18,,999-10-2855,S99984676,X66220127X,Ms.,Elissa919,Hauck852,,,,white,nonhispanic,F,Łódź  Łódź  PL,188 Lind Plaza Unit 87,Waltham,Massachusetts,Middlesex County,2451.0,42.352698421761126,-71.22322316565564,65164.9,4060.92
6ee3d39b-9e44-4d69-b575-ad4ce46e6fbc,2006-05-06,,999-37-3310,,,,Earlene410,Kulas532,,,,white,nonhispanic,F,Newton  Massachusetts  US,785 Flatley Gardens,Springfield,Massachusetts,Hampden County,1106.0,42.08449780732021,-72.56985191734478,21897.95,645.8
8cf55fd5-bea9-4a5f-b31c-1273dafd7a70,1998-02-14,,999-63-7724,S99950789,X40262636X,Ms.,Lorie307,Torp761,,,,white,nonhispanic,F,Marblehead  Massachusetts  US,696 Mosciski Route Unit 9,Weston,Massachusetts,Middlesex County,,42.38604828012935,-71.33870004484709,568514.98,4583.799999999999
55ea6eac-fcc1-49a5-aed3-74e6152d79a9,1951-04-02,,999-79-5273,S99991042,X75855963X,Mr.,Terrance440,Keeling57,,,S,white,nonhispanic,M,Stoughton  Massachusetts  US,703 Bosco Road Suite 20,Williamstown,Massachusetts,Berkshire County,,42.648113970655885,-73.22968428346654,39424.08,1365.4299999999998
a996ad18-810c-4d61-ae52-fe454129e054,1978-09-18,,999-70-3029,S99919464,X11059870X,Mr.,James276,Powlowski563,,,M,white,nonhispanic,M,Franklin  Massachusetts  US,975 Schulist Spur,Hardwick,Massachusetts,Worcester County,,42.32321928172261,-72.21916910033165,1008712.65,3790.48
1756f3ad-5f66-45e0-9959-20dd9e3b55be,2003-10-07,,999-83-1810,S99946802,,,Danette111,Weimann465,,,,black,nonhispanic,F,Kingston  Massachusetts  US,1087 Hansen Burg,Tyngsborough,Massachusetts,Middlesex County,,42.66511036187816,-71.39669968887685,434628.43,4072.2
1eec0668-2cf3-4cba-b824-1227812d7d54,1986-08-14,,999-55-8730,S99983887,X26679168X,Ms.,Isabela97,Archuleta517,,,S,black,hispanic,F,Mexico City  Mexico City  MX,323 Hane Wynd Unit 10,Millis,Massachusetts,Norfolk County,,42.21413839544539,-71.38289560152201,699655.87,8581.42
815046fb-0909-493d-8ff4-3caf1f19d593,1975-01-20,,999-70-8591,S99988456,X27844068X,Mrs.,Noma845,Thompson596,,D'Amore443,M,black,nonhispanic,F,Lowell  Massachusetts  US,1030 Sawayn Ville Suite 19,Boston,Massachusetts,Suffolk County,2203.0,42.33464762219101,-71.08942963871209,1154356.35,14415.719999999998
19cade28-dcff-478a-9b64-3afaa53da3b8,1925-12-28,1998-01-12,999-14-1339,S99948188,X55675464X,Mr.,Alfredo17,Beltrán716,,,M,white,hispanic,M,Santiago de los Caballeros  Santiago  DO,188 Brown Lock Apt 32,Salisbury,Massachusetts,Essex County,,42.83707307093499,-70.83810285074091,1596834.49,13941.9
6efd57db-02ee-4b87-9986-e1a9036dc4dd,1960-10-18,,999-37-9109,S99930356,X66298048X,Mr.,Kory651,Kassulke119,,,M,white,nonhispanic,M,Montague  Massachusetts  US,106 Johns Bypass,Somerville,Massachusetts,Middlesex County,,42.44650523500106,-71.127817039932,1222055.43,4155.4
55b75ac8-13d2-4b54-9141-feec51b58c7a,1978-10-23,,999-58-7743,S99949354,X72819020X,Mrs.,Tempie784,Klein929,,Miller503,M,asian,nonhispanic,F,Chongqing  Chongqing Municipality  CN,147 Lesch Divide Suite 52,Newton,Massachusetts,Middlesex County,2472.0,42.33956595691956,-71.23492639324084,910361.3,8536.329999999998
79825dca-168c-4723-98c8-0826b22f02b5,1969-09-06,,999-89-6573,S99916269,X68980007X,Ms.,Lexie163,White193,,,S,white,nonhispanic,F,Boston  Massachusetts  US,936 Hamill Estate,Worcester,Massachusetts,Worcester County,1604.0,42.29223740309978,-71.76654652711083,1071127.42,9371.06
59b01d52-f0f7-4078-94e9-5f04c86712c5,1969-04-16,1982-02-10,999-41-5509,,,,Vertie683,Beier427,,,,white,nonhispanic,F,Lincoln  Massachusetts  US,464 Schulist Way Apt 64,Swampscott,Massachusetts,Essex County,1907.0,42.42429387766624,-70.8784663050392,281636.57,3695.49
f3a6ee3c-1509-4ed0-aa61-cce8f0d24e18,1925-12-28,2004-07-13,999-75-4187,S99981426,X88110574X,Mr.,Manuel446,Lebrón484,,,M,white,hispanic,M,Bogota  Bogota  CO,211 Grimes Underpass,Salisbury,Massachusetts,Essex County,1952.0,42.79517353136976,-70.79764149880916,1766710.52,9805.94
b5c67e72-539d-4b17-845c-0aa3031e65b6,2000-01-17,,999-21-1686,S99958081,X2417422X,Ms.,Emerita401,Williamson769,,,,white,nonhispanic,F,Weymouth  Massachusetts  US,668 Brakus Crossing,North Andover,Massachusetts,Essex County,,42.67966178009733,-71.10115292777395,62918.57,3398.92
9161940f-16e5-491a-b808-9383ad5ddf93,2008-03-20,,999-96-2475,,,,Octavio643,Grant908,,,,white,nonhispanic,M,Belchertown  Massachusetts  US,626 Dietrich Highlands,Holden,Massachusetts,Worcester County,,42.36566979774758,-71.89253194910044,280536.11,3185.64
e559a9b5-63c3-4e75-801c-0755182d238a,2013-11-02,,999-39-6183,,,,Jose871,Treutel973,,,,black,nonhispanic,M,Groveland  Massachusetts  US,275 Beahan Well Apt 73,Milton,Massachusetts,Norfolk County,2186.0,42.27110059349849,-71.05325946668303,20183.86,2421.52
30cd52a1-d53a-4a0c-a3e2-493a2fd392ce,1978-02-12,,999-89-3962,S99919969,X18203109X,Mr.,Laverne101,Parker433,,,M,white,nonhispanic,M,Attleboro  Massachusetts  US,1023 Kulas Glen Unit 56,Duxbury,Massachusetts,Plymouth County,2332.0,42.05937753218363,-70.680839796374,1031437.27,10469.84
7d0dbfc9-2daf-4f81-9227-d875b0797b11,2020-03-24,,999-22-8084,,,,Carisa395,Effertz744,,,,asian,nonhispanic,F,Wellesley  Massachusetts  US,614 Raynor Manor Unit 61,Reading,Massachusetts,Middlesex County,1801.0,42.532579122306025,-71.19042631476023,3940.0,376.64
678e9210-e2b1-415b-8ea4-dabc3e975567,1969-01-30,,999-79-3949,S99917314,X83420610X,Mr.,Josue598,Hoeger474,,,M,black,hispanic,M,Belmont  Massachusetts  US,169 Ankunding Station,Boston,Massachusetts,Suffolk County,,42.35290087014425,-71.20093604540169,1061627.49,5101.96
2bffcdf6-f7d5-4494-9d6e-5e234a9500a1,1952-04-09,,999-23-3098,S99957982,X8201080X,Mrs.,Rachele486,Rau926,,Skiles927,M,white,nonhispanic,F,Milford  Massachusetts  US,512 Windler Promenade Suite 59,Weymouth,Massachusetts,Norfolk County,2188.0,42.12239373894814,-70.95685225604478,1411096.41,17432.339999999997
d8f09e08-2078-495e-a97b-923aca17b8ad,1984-10-04,,999-53-6708,S99956614,X73714934X,Mrs.,Tanna708,Connelly992,,Steuber698,M,white,nonhispanic,F,North Attleborough  Massachusetts  US,245 D'Amore Tunnel,Middleborough,Massachusetts,Plymouth County,,41.82910850555817,-70.8307807932391,794269.77,5446.959999999999
1d2c7e1c-a4cc-4174-a0b5-245d7d1a441f,1954-06-11,,999-76-1916,S99920331,X79406701X,Mrs.,Ariane992,Auer97,,Bechtelar572,M,white,nonhispanic,F,Milford  Massachusetts  US,216 Windler Camp,Hadley,Massachusetts,Hampshire County,,42.39562011952879,-72.58853922111473,1375137.15,9991.11
b1db974c-3487-4b2e-b9f5-5c7cced561f6,1925-12-28,2000-01-06,999-30-4031,S99991208,X51092089X,Mr.,Mariano761,Alfaro627,,,M,white,hispanic,M,Santiago de los Caballeros  Santiago  DO,913 Wiegand Port,Salisbury,Massachusetts,Essex County,,42.82339754921135,-70.80134787189296,1757425.01,11368.34
4a80613b-9497-4126-bdc4-5be635a5ce78,1981-07-14,,999-90-7362,S99923821,X88621762X,Mr.,Greg949,Jerde200,,,S,white,nonhispanic,M,Dudley  Massachusetts  US,815 Thompson Bridge,Attleboro,Massachusetts,Bristol County,2703.0,41.89636763091651,-71.32072668563818,15792.909999999994,0.0
61505757-6ea4-4505-8992-c962b88a63f5,1949-11-23,,999-23-7989,S99954850,X12961347X,Mr.,Florencio463,Ebert178,,,M,white,nonhispanic,M,Barnstable  Massachusetts  US,370 Rolfson Mission,New Bedford,Massachusetts,Bristol County,,41.59548142359928,-70.99703148314492,1583910.97,6977.719999999999
5ac206b3-05a5-41d2-b86b-693b83a8d3c8,2013-02-06,,999-60-8302,,,,Jerald662,Mertz280,,,,white,nonhispanic,M,Gloucester  Massachusetts  US,1032 Pouros Parade,Fall River,Massachusetts,Bristol County,2720.0,41.68902368929778,-71.16935838988232,22672.31,2839.5
80a1f535-41cb-4327-8bd1-4b2f2581e4cf,1993-02-17,,999-29-2226,S99946716,X86109291X,Ms.,Caitlyn56,Corkery305,,,S,asian,nonhispanic,F,Boston  Massachusetts  US,507 Keebler Ville,Colrain,Massachusetts,Franklin County,,42.66206904764785,-72.74019409192555,629194.3200000001,6180.33
6628937e-16bd-4550-8f82-cb7c78b6ff09,1979-04-17,,999-86-1476,S99991270,X15366994X,Ms.,Bonita405,Larson43,,,S,white,nonhispanic,F,Boston  Massachusetts  US,979 Braun Haven,Middleton,Massachusetts,Essex County,,42.60881315187613,-70.96073737860812,857254.82,23343.86
fb1ba626-5854-4d15-941c-1104d9221ab1,1937-11-23,2011-12-07,999-83-1575,S99939646,X42515446X,Mr.,Colin861,Hegmann834,,,M,white,nonhispanic,M,Somerville  Massachusetts  US,995 Jacobi Skyway,Boston,Massachusetts,Suffolk County,2118.0,42.29919237828721,-71.11498487350728,1163038.65,14409.009999999998
5217af27-4b1a-4721-995e-43ab76b63dd5,1989-04-18,2020-03-22,999-92-4229,S99937980,X24222790X,Mrs.,Casimira119,Koss676,,Fisher429,M,white,nonhispanic,F,Westwood  Massachusetts  US,786 Ferry Fort Unit 11,Melrose,Massachusetts,Middlesex County,2176.0,42.44214509150172,-71.0819279633006,729436.03,7699.08
e7f7b4a0-3feb-454d-a3d4-c0dc99ea4640,1997-08-25,,999-73-8009,S99958837,X89106548X,Ms.,Leida589,Schiller186,,,,black,nonhispanic,F,Pittsfield  Massachusetts  US,228 Hintz Route,Springfield,Massachusetts,Hampden County,,42.05214408376182,-72.53852210755349,71539.08,4800.44
583b1f6b-1467-47e4-8388-3442bb04be1b,1945-09-24,,999-82-7367,S99959034,X39404421X,Mrs.,Gala823,Hilpert278,,Jenkins714,M,black,nonhispanic,F,Winchendon  Massachusetts  US,973 Baumbach Parade,Boston,Massachusetts,Suffolk County,2130.0,42.35521715751574,-71.04376837229279,203757.6,18373.93
51f469d5-4b45-4fb8-8071-70a5b505dbbc,2013-02-24,,999-96-4740,,,,Sanora914,Daniel959,,,,white,nonhispanic,F,Hubbardston  Massachusetts  US,1076 Strosin Fork,Lawrence,Massachusetts,Essex County,1840.0,42.665563884564186,-71.18594865748906,22058.9,2435.25
39768268-b4a5-48c5-ae71-ac65f07deb30,1925-12-28,,999-49-7511,S99969786,X45349531X,Mr.,Daniel959,Candelaria844,,,M,white,hispanic,M,Bogota  Bogota  CO,987 Gleason Parade,Salisbury,Massachusetts,Essex County,,42.86917246850307,-70.8107779083522,1941858.77,138638.34999999998
ed06aa7e-46c0-4251-8571-3df6a897b6e5,1988-08-02,,999-26-7808,S99990097,X38339198X,Mr.,Jack927,Bode78,,,M,white,nonhispanic,M,Belmont  Massachusetts  US,548 Romaguera Dam Apt 70,Beverly,Massachusetts,Essex County,,42.60838555005719,-70.89813646684068,27979.93,294.96
1e8cf554-1b15-40f5-8467-3a59505b148b,1986-10-02,,999-88-1780,S99983008,X19644556X,Mrs.,Yu876,Jacobi462,,Champlin946,M,white,nonhispanic,F,Tewksbury  Massachusetts  US,302 Kovacek Frontage road,Lowell,Massachusetts,Middlesex County,1850.0,42.66362162268866,-71.3697979260858,107786.98,9099.1
1d219881-608c-495f-8c4f-2b478dab5571,1978-03-16,,999-96-4603,S99951616,X63655953X,Mrs.,Melodee943,Kilback373,,Kuvalis369,M,white,nonhispanic,F,Dedham  Massachusetts  US,460 Balistreri Way,North Attleborough,Massachusetts,Bristol County,,42.020301072665774,-71.3268089484479,41163.62,751.5999999999999
762523e0-197b-4fc4-b50f-dacf36d961ed,1974-12-08,,999-15-4413,S99955746,X29430978X,Ms.,Shela13,Bosco882,,,S,white,nonhispanic,F,Holbrook  Massachusetts  US,253 Lemke Throughway,Harvard,Massachusetts,Worcester County,,42.47411289550124,-71.54063164678668,914921.5,10195.27
78b60fa1-c8c8-42d5-ae33-44fd234388c9,1998-02-21,,999-42-6991,S99942339,X14790536X,Ms.,Christina143,Kozey370,,,,white,nonhispanic,F,Boston  Massachusetts  US,398 Ryan Station,Concord,Massachusetts,Middlesex County,,42.42752344685264,-71.38670407744607,493855.25,17252.21
5a93da92-8741-40e9-a982-2cdbda929ae9,1946-06-16,,999-49-8916,S99995099,X31539388X,Mr.,Terence292,Ferry570,,,M,white,hispanic,M,Boston  Massachusetts  US,1098 Stanton Parade,Wilmington,Massachusetts,Middlesex County,,42.53340683426041,-71.13545754039254,1366344.49,9201.32
f6472832-8d02-4c48-822e-ee6887658293,1959-12-29,,999-52-1003,S99930305,X54310264X,Mrs.,Carmelina668,Koss676,,Williamson769,M,white,nonhispanic,F,Leominster  Massachusetts  US,465 Daugherty Rest Suite 18,Chelmsford,Massachusetts,Middlesex County,,42.6375191026525,-71.36842149084111,1250755.4,14885.02
2f5082fe-1d39-46a5-8838-225dd1fbf49b,1989-11-26,,999-91-5938,S99966042,X5484292X,Mrs.,Florinda19,Nicolas769,,Simonis280,M,asian,nonhispanic,F,Busan  Busan  KR,433 Sporer Light Apt 93,Dracut,Massachusetts,Middlesex County,,42.67779623210913,-71.33613179018468,597000.03,8258.239999999998
5ee29149-b989-4100-af32-8f2968856c51,1999-09-22,,999-40-5184,S99989430,X28252008X,Mr.,Yong583,Bechtelar572,,,,white,hispanic,M,Northfield  Massachusetts  US,357 Kling Loaf,Haverhill,Massachusetts,Essex County,1835.0,42.715927273612266,-71.13727416805645,525428.32,3813.88
a6354535-1220-45e0-b30d-99d287fd8d33,1955-02-23,,999-56-8493,S99919928,X81054480X,Mr.,Miquel905,Bartoletti50,,,M,black,nonhispanic,M,Newton  Massachusetts  US,332 Metz Viaduct Apt 66,Shrewsbury,Massachusetts,Worcester County,,42.33146190351706,-71.71864977490421,1643221.17,6383.639999999999
55780217-74cd-4cf3-a6dc-9046ad9c4d52,1943-01-11,,999-42-1603,S99946329,X43564251X,Mrs.,Xenia801,Murazik203,,Champlin946,M,asian,nonhispanic,F,Mumbai  Maharashtra  IN,678 Kessler Lane,Gloucester,Massachusetts,Essex County,1930.0,42.63354233200253,-70.7274438174828,1561230.85,18143.18
1ca6c4a5-3167-4fe5-98c4-8c2b5f9bca65,1967-07-06,,999-20-1827,S99944395,X75659230X,Mr.,Brock407,Schaefer657,,,M,white,nonhispanic,M,Methuen  Massachusetts  US,559 Homenick Glen Unit 77,Wellesley,Massachusetts,Norfolk County,2492.0,42.35624280776291,-71.26084621792181,1337904.75,5390.36
f935fcfd-f2ce-4442-8077-eba1b11b3791,1980-10-31,,999-40-2305,S99999564,X6204315X,Mr.,Lorenzo669,Hidalgo930,,,M,black,hispanic,M,Mexico City  Mexico City  MX,1019 Kuphal Byway,Boston,Massachusetts,Suffolk County,2115.0,42.29458767625525,-71.03217678374122,960711.73,5273.719999999999
9075d784-c51a-406e-880e-84fd3f636376,1912-10-08,1970-11-24,999-73-8764,S99976441,X1978675X,Mrs.,Krystal150,Parisian75,,Abbott774,M,white,nonhispanic,F,Athol  Massachusetts  US,402 Schroeder Rapid,Wellesley,Massachusetts,Norfolk County,2457.0,42.29895876320687,-71.29889718901833,1133449.9,18276.169999999995
6f707ecb-0651-468e-8314-87715a1523d2,1993-12-21,,999-46-5818,S99970042,X80231979X,Ms.,Inés791,Gallardo890,,,,white,hispanic,F,Tegucigalpa  Francisco Morazán  HN,776 Zemlak Parade,Boston,Massachusetts,Suffolk County,2115.0,42.32915787079658,-71.06793741481776,621238.79,10029.25
cf6b0dc2-567e-4675-9319-459bb70bd1e1,1953-07-07,2005-08-22,999-64-2355,S99930751,X81553624X,Mr.,Clemente531,Véliz274,,,M,white,hispanic,M,San Salvador  El Salvador  SV,358 Pollich Track,Boston,Massachusetts,Suffolk County,2122.0,42.36382557570062,-71.05127308397071,1426912.91,4449.599999999999
35425283-509f-45ca-bb98-858c3960fcdc,1960-05-16,,999-91-3762,S99923444,X17379701X,Mrs.,Nichol11,Wyman904,,Blanda868,M,white,nonhispanic,F,Boston  Massachusetts  US,477 Beatty Rapid Suite 75,Lexington,Massachusetts,Middlesex County,,42.46536271033319,-71.18510857353903,1213571.54,10058.929999999998
81dcb2d2-89b5-4f21-8a34-d013be57a942,1994-01-16,,999-50-6038,S99991765,X48011326X,Mr.,Deandre599,Larkin917,,,,white,nonhispanic,M,Westford  Massachusetts  US,211 Mills Mission Suite 54,Peabody,Massachusetts,Essex County,1940.0,42.50124605444211,-71.00389478873332,85996.35,19098.89
1a912a8e-334c-4947-aae1-37ca9cd50076,1993-09-18,,999-36-4239,S99978997,X51947310X,Ms.,Delmy607,Greenfelder433,,,,asian,nonhispanic,F,Taunton  Massachusetts  US,160 Bartoletti Mission,Boston,Massachusetts,Suffolk County,2134.0,42.40825205587952,-71.08047936932799,684086.0,3375.56
1e621e0e-ac0f-407a-b01a-289bec28cbd2,1912-10-08,,999-24-4536,S99976644,X41444222X,Mrs.,Jacklyn830,Okuneva707,,Yost751,M,white,nonhispanic,F,Billerica  Massachusetts  US,623 Graham Trail Suite 54,Wellesley,Massachusetts,Norfolk County,2457.0,42.29761199105363,-71.30975072221362,1502772.3,21611.53
36211327-3f07-406a-8d2c-cd5bbb40065b,2004-01-09,2018-02-23,999-25-1534,,,,Karolyn830,Predovic534,,,,asian,nonhispanic,F,Boston  Massachusetts  US,898 Bechtelar Gate Apt 30,Lowell,Massachusetts,Middlesex County,1851.0,42.61909850494906,-71.29419560067575,307761.01,4275.98
b4e82405-e238-4df5-8acd-16a07c058f26,1975-12-13,,999-41-5463,S99980993,X35650970X,Mrs.,Lissa828,Conn188,,McClure239,M,white,nonhispanic,F,Boston  Massachusetts  US,934 Goyette Forge Suite 44,Seekonk,Massachusetts,Bristol County,,41.81140636093746,-71.31352426749908,915832.26,15535.239999999998
52fdab9c-8733-4938-9b5f-95f845849d77,1920-01-04,1985-06-23,999-41-8976,S99933638,X22182761X,Mr.,Cleo27,Schmidt332,,,M,white,nonhispanic,M,Somerville  Massachusetts  US,949 Wintheiser Parade Apt 6,Duxbury,Massachusetts,Plymouth County,2332.0,42.04674920147863,-70.70815804680028,1412197.83,4855.24
60c7931d-188d-4728-87fe-10271d9c60ba,1971-07-25,,999-64-8631,S99935259,X89575718X,Mrs.,Mandi759,O'Reilly797,,Bins636,M,white,nonhispanic,F,Spencer  Massachusetts  US,964 Haag Wall,Braintree,Massachusetts,Norfolk County,2184.0,42.18782150573371,-71.00607614378276,1060849.45,5816.079999999999
aee7db3a-851c-43bd-a3df-7ffca346c81a,2015-01-27,,999-54-9511,,,,Landon622,Lubowitz58,,,,white,nonhispanic,M,Attleboro  Massachusetts  US,460 Bechtelar Crossing Unit 78,Pittsfield,Massachusetts,Berkshire County,,42.429268980005965,-73.25994430155873,24134.84,970.7599999999998
b4d250d0-09f9-42dd-83ed-81fda8680ef5,1937-03-10,2017-05-02,999-84-9917,S99946516,X62933350X,Mrs.,Torri758,Beier427,,Halvorson124,M,white,nonhispanic,F,Nahant  Massachusetts  US,531 Von Trafficway,Raynham,Massachusetts,Bristol County,,41.89246391011786,-71.07870580802147,1371105.29,16792.37
09746982-e348-479d-b2d6-0bf257663367,1956-05-03,,999-90-6934,S99958826,X12800953X,Ms.,Orpha286,Lubowitz58,,,S,white,nonhispanic,F,Boston  Massachusetts  US,793 Windler Frontage road,Billerica,Massachusetts,Middlesex County,,42.51607157337212,-71.28991773406764,1295687.87,10928.039999999995
2d4540ba-b49c-4b64-8d03-3ede2298a4cd,1948-01-01,2000-02-05,999-49-1162,S99912982,X14385698X,Mr.,Humberto482,Yundt842,,,S,white,nonhispanic,M,Acton  Massachusetts  US,1055 Ernser Wynd Apt 24,Middleborough,Massachusetts,Plymouth County,,41.883404833064624,-70.85013139990922,1526278.4300000002,5204.49
89c60744-a6c9-4751-b3b0-a04d8a2adbad,1959-08-15,,999-87-9298,S99942908,X39026774X,Mrs.,Louetta798,Hahn503,,Sawayn19,M,white,nonhispanic,F,Bellingham  Massachusetts  US,650 Bernier Track,North Attleborough,Massachusetts,Bristol County,,41.97773101429336,-71.35184466757738,964788.04,25360.119999999995
47e2355d-1fc2-4322-a67b-bccad49ac20e,1956-05-11,,999-28-3930,S99982383,X89953684X,Mrs.,Billi682,Mayer370,,Johnson679,M,white,nonhispanic,F,Chelsea  Massachusetts  US,473 Marks Corner Apt 12,Fall River,Massachusetts,Bristol County,2747.0,41.724378120056,-71.18129512787074,1360230.06,21046.15
0fe31674-a1e3-405f-99f1-f263905cf858,2001-12-05,,999-46-7165,S99930823,,Ms.,Tonia627,Pfeffer420,,,,white,nonhispanic,F,Mendon  Massachusetts  US,155 Brakus Neck,Wilbraham,Massachusetts,Hampden County,1095.0,42.13352099774804,-72.39390294668365,446197.28,3155.6
37d32c85-5181-41c7-a5ea-c2ed7e57b6c8,1968-01-21,,999-33-1015,S99988858,X87439423X,Mr.,Otis335,Schoen8,,,M,black,hispanic,M,Boston  Massachusetts  US,222 Sanford Heights,Boston,Massachusetts,Suffolk County,2118.0,42.355913543812974,-71.10314045296384,11429.43,0.0
b43ae53f-b808-4b53-a779-1db5ea0a0789,1947-09-04,1982-10-14,999-47-8851,S99921763,X42979357X,Mrs.,Vikki110,Hammes673,,Cummerata161,M,white,nonhispanic,F,Stoneham  Massachusetts  US,913 Jones Light Unit 91,Easthampton,Massachusetts,Hampshire County,1027.0,42.25173818792664,-72.68273632837415,230231.6,8130.329999999997
4608629f-5f16-4e2c-b1f4-bfc16c7b15c0,1927-10-16,2013-09-22,999-30-4774,S99961312,X14586475X,Mr.,Daniel959,Agosto501,,,S,white,hispanic,M,Gaudalajara  Jalisco  MX,825 Skiles Row Apt 55,Fall River,Massachusetts,Bristol County,2724.0,41.7551374441882,-71.08324201721864,331510.59,8628.57
0509f72a-a056-4cf4-be7a-6820d18caf88,1996-02-17,,999-26-9152,S99969245,X83780193X,Ms.,Gina573,Brown30,,,,black,nonhispanic,F,Attleboro  Massachusetts  US,161 Mosciski Burg Apt 41,Lexington,Massachusetts,Middlesex County,2421.0,42.43285806435882,-71.257210225228,8471.67,0.0
94debee6-c84b-4af8-b718-e0dd64facbbd,1944-02-22,1974-05-28,999-43-9963,S99983232,X74234881X,Mr.,Rocco842,Gutmann970,,,M,white,hispanic,M,Fitchburg  Massachusetts  US,343 Klocko Row Unit 52,Worcester,Massachusetts,Worcester County,1605.0,42.26495213537903,-71.68447503941823,697100.45,2603.04
e46d1779-fea1-45b8-a896-98228044d8b6,1969-06-27,,999-42-2072,S99945347,X32505050X,Mrs.,Helaine42,Kemmer137,,Okuneva707,M,white,nonhispanic,F,Arlington  Massachusetts  US,1045 VonRueden Highlands Suite 90,Clarksburg,Massachusetts,Berkshire County,,42.71081849126857,-73.13688710166936,1020687.32,7339.749999999999
fab256f7-2f6d-42e5-92dd-6f751e9ce3bc,1983-11-04,,999-34-4280,S99971945,X72570947X,Mrs.,Justin359,Ziemann98,,Fisher429,M,white,nonhispanic,F,Dedham  Massachusetts  US,494 Gutmann Green,Norton,Massachusetts,Bristol County,,41.963529060636816,-71.15535061681557,862524.63,9060.169999999998
a6983cce-a7b8-4a38-bd17-aaf54acec3e6,1967-01-31,,999-18-3907,S99937632,X86110304X,Mrs.,Sandra485,Feeney44,,Thiel172,M,white,nonhispanic,F,Dedham  Massachusetts  US,172 Auer Corner,Lynnfield,Massachusetts,Essex County,,42.53653223441085,-71.04421531219872,1131945.43,11999.009999999998
5b367250-885b-40dc-8af7-aa30958ccbb4,1989-06-02,,999-53-4431,S99963346,X469009X,Mr.,Samual455,Trantow673,,,S,white,nonhispanic,M,Everett  Massachusetts  US,1001 Stehr Lodge Unit 96,Boston,Massachusetts,Suffolk County,2199.0,42.37920817006193,-71.00003109294316,787800.97,4643.8
e3dec008-b36d-4626-b7c5-23f2cd0c2d0e,1927-10-16,2020-03-21,999-32-8982,S99968076,X24970657X,Mr.,Lorenzo669,Adame662,,,M,white,hispanic,M,San Jose  San Jose  CR,674 Romaguera Brook Suite 42,Fall River,Massachusetts,Bristol County,2790.0,41.69208923836044,-71.07645196316025,369368.47,9744.84
7771367c-385b-43af-bcf2-061b8dd06df1,1971-09-04,,999-12-5955,S99958803,X49976671X,Mr.,Osvaldo336,Gerlach374,,,M,white,nonhispanic,M,Boston  Massachusetts  US,978 Block View Apt 26,Northbridge,Massachusetts,Worcester County,,42.11810171521805,-71.69918524249735,73265.76,354.9599999999999
1a58e643-c1d8-48af-ac4e-ade4d2e15c5b,1977-09-30,,999-17-4802,S99956035,X7269073X,Mr.,Valentine262,Kassulke119,,,M,white,hispanic,M,Fitchburg  Massachusetts  US,1095 Block Trafficway Suite 23,Haverhill,Massachusetts,Essex County,1830.0,42.80197542707069,-71.17668334996944,1033016.95,8152.519999999999
1fadb18d-299f-44fb-9f56-2207b14d3ccb,1986-11-05,,999-74-1560,S99947713,X79805468X,Mr.,Hank686,Walsh511,,,M,white,nonhispanic,M,Malden  Massachusetts  US,359 Bergstrom Plaza,Westborough,Massachusetts,Worcester County,1581.0,42.29614740291637,-71.57007005676368,768326.0,2716.4
019ad204-db16-4d35-b2ae-b50f8fb1a4b5,1968-12-27,,999-41-4173,S99930717,X13206158X,Mr.,Asa127,Cassin499,,,S,white,nonhispanic,M,Ashland  Massachusetts  US,1073 Osinski Orchard,Fall River,Massachusetts,Bristol County,2720.0,41.64348798505819,-71.17971533457592,1378020.06,5145.44
48d4a88a-4ede-4050-9d8c-9e474a2ec060,1994-01-22,,999-63-9174,S99913159,X58477324X,Ms.,Clelia416,Wolf938,,,,white,nonhispanic,F,Petersham  Massachusetts  US,392 Nader Wall,Sutton,Massachusetts,Worcester County,,42.121544291132366,-71.77014536875089,670502.07,3633.88
2288c453-bf11-4c0d-b480-6e550fa8c82e,1973-09-23,2009-08-16,999-16-8397,S99920139,X64381092X,Mrs.,Rhona164,Gerhold939,,Monahan736,M,white,nonhispanic,F,New Bedford  Massachusetts  US,558 Kohler Brook,Dennis,Massachusetts,Barnstable County,2638.0,41.722841212795615,-70.12296495576032,832695.66,7172.039999999999
9dacac17-5465-439f-a681-94e19258f37b,1976-11-09,1994-10-04,999-74-5294,S99999399,,,Jarvis643,Gulgowski816,,,,white,nonhispanic,M,Dover  Massachusetts  US,816 Harber Parade Apt 65,Boston,Massachusetts,Suffolk County,2128.0,42.37003554818082,-71.14726879050934,372161.3,1671.4399999999998
63783991-8cf4-4512-b9e4-a6571bc47073,1986-04-19,,999-87-1907,S99915216,X28484305X,Mr.,Hershel911,Bauch723,,,S,white,nonhispanic,M,Ashburnham  Massachusetts  US,232 Ortiz Gardens,Haverhill,Massachusetts,Essex County,1835.0,42.774010675054974,-71.17537268109072,827535.15,4310.48
de0dfc40-71ba-454e-95a1-e452788289cc,2007-08-17,,999-69-9674,,,,Marvel321,Hammes673,,,,white,nonhispanic,F,Lynnfield  Massachusetts  US,270 Casper Course Apt 97,Bridgewater,Massachusetts,Plymouth County,,41.9621865817556,-70.95386685713689,279946.37,7598.9
fcc09c46-5b4f-4424-930c-c5ff1061285c,1976-06-14,,999-25-4795,S99919240,X80101880X,Mrs.,Laurence43,Gleason633,,Daugherty69,M,white,nonhispanic,F,Yarmouth  Massachusetts  US,1069 Goyette Ville Unit 98,Hopedale,Massachusetts,Worcester County,1747.0,42.10290021505599,-71.53410057444077,137180.68,6374.11
d2b31ff6-a19f-4c9d-8ebe-762d4e38fae8,1977-12-11,,999-35-4520,S99914601,X85898785X,Mrs.,Genny123,Steuber698,,Dickinson688,M,white,nonhispanic,F,Pembroke  Massachusetts  US,503 Mertz Knoll Unit 47,Westfield,Massachusetts,Hampden County,1086.0,42.15271269183879,-72.80242508590219,132768.88,6653.559999999999
b96b91c4-90b3-4847-99a2-b8721d3936ec,1998-07-28,,999-19-3743,S99966045,X76056859X,Ms.,Ladonna785,Ritchie586,,,,white,nonhispanic,F,Duxbury  Massachusetts  US,743 Smith Rue,Brookline,Massachusetts,Norfolk County,2446.0,42.363551109926206,-71.13378802078559,582367.11,2736.48
c33e9241-8757-4db1-a37b-567e4dc021b2,2003-07-08,,999-53-7153,S99957349,,,Carmon128,Weimann465,,,,black,nonhispanic,F,Dracut  Massachusetts  US,665 Fisher Track,Hamilton,Massachusetts,Essex County,,42.60476470987186,-70.83857063385902,348707.5,2723.96
7e5848bf-9de5-4b85-ac85-0b1d818ed6f8,1978-08-05,,999-97-2489,S99918298,X27683367X,Mr.,Adrian111,Wyman904,,,M,white,nonhispanic,M,Salem  Massachusetts  US,639 Runolfsson Mews,Fairhaven,Massachusetts,Bristol County,,41.6475185930383,-70.86117692837051,987097.53,10453.089999999998
8737afac-49e3-4666-a8e9-a0ad1a82d197,1937-05-22,,999-37-1228,S99922216,X79727607X,Mr.,Jeffery551,Effertz744,,,M,black,nonhispanic,M,Dedham  Massachusetts  US,774 Wiza Passage,Hampden,Massachusetts,Hampden County,,42.05647492611517,-72.42857315446686,1546428.93,11441.3
437fc4ab-4806-4e88-914e-8422c45eebe1,1989-05-22,,999-74-6624,S99932530,X81138313X,Mr.,Lucas404,Hudson301,,,M,white,nonhispanic,M,Pembroke  Massachusetts  US,172 Becker Track,Bedford,Massachusetts,Middlesex County,1730.0,42.51767436595746,-71.271147155901,829721.02,3662.24
d4f1e9df-ff7e-4493-b1b0-998f8c7deb86,1961-03-21,,999-21-9281,S99946832,X69590960X,Mrs.,Doreen575,Hartmann983,,Krajcik437,M,asian,nonhispanic,F,Delhi  Delhi  IN,277 Witting Viaduct,Newton,Massachusetts,Middlesex County,2464.0,42.32374832895458,-71.27134039210395,53237.08,6431.880000000001
a701d8a0-68cf-49d8-80ef-5536a19bfdc5,1969-09-10,,999-47-2777,S99997565,X83814356X,Mr.,Merlin721,Stamm704,,,M,white,nonhispanic,M,Brockton  Massachusetts  US,517 Legros Route,Watertown,Massachusetts,Middlesex County,,42.41700339165055,-71.19070130134057,1051499.96,5083.639999999999
d032865c-57da-41b6-ae74-3505720a5a0d,1913-04-28,1972-11-14,999-74-8975,S99954289,X5656864X,Mrs.,Deane47,Brakus656,,Lang846,M,white,nonhispanic,F,Winchester  Massachusetts  US,1007 Hilpert Walk,North Attleborough,Massachusetts,Bristol County,,41.99272186178635,-71.29234325869918,1402393.34,12529.649999999998
2d1c3ade-02cf-4075-ab3f-dced399ab39e,1966-07-27,,999-30-9829,S99992598,X84377643X,Mrs.,Chantal971,Upton904,,Osinski784,M,black,hispanic,F,Gloucester  Massachusetts  US,500 Hamill Skyway Unit 85,Springfield,Massachusetts,Hampden County,1119.0,42.076512711889976,-72.58643882986114,1190976.11,17765.17
c18125a2-1443-4ecb-9c7d-50ccd9a6d546,1962-01-24,,999-96-1535,S99971779,X45894368X,Mr.,Mauro926,Keeling57,,,M,white,nonhispanic,M,Arlington  Massachusetts  US,1079 Emard Station Apt 22,Quincy,Massachusetts,Norfolk County,2170.0,42.26886454670787,-71.10856987366392,1406749.74,5399.52
fb1e413d-8564-4cbe-a6f4-42668a2ae2df,1997-01-17,,999-47-9272,S99950611,X72687276X,Ms.,Kourtney511,Murphy561,,,,white,nonhispanic,F,Weymouth  Massachusetts  US,246 Howe Village,Reading,Massachusetts,Middlesex County,1867.0,42.51137341412579,-71.1227821272517,592432.41,3417.24
994a12aa-4ba3-4e7e-bf69-a71440592934,1948-01-04,2020-01-14,999-60-4549,S99974211,X4868176X,Mr.,Angel97,Kessler503,,,M,white,nonhispanic,M,Westborough  Massachusetts  US,692 Heaney Quay Unit 49,Wilmington,Massachusetts,Middlesex County,,42.53267964138861,-71.17575935443344,1440476.21,27684.1
41835b82-b8b4-4aba-b9b5-0f51179bbe10,1983-12-14,,999-58-3504,S99953019,X3301533X,Mrs.,Natalia964,Escobar593,,Canales95,M,white,hispanic,F,Santiago  Santiago Province  CL,1060 Vandervort Vista,Holyoke,Massachusetts,Hampden County,1040.0,42.23300850492902,-72.68858923573063,735074.23,4882.799999999999
16bab462-0875-4e63-9e08-78b20a2661c9,1929-12-02,1994-06-26,999-99-5090,S99939187,X85468870X,Mrs.,Ashly243,Crist667,,Streich926,M,asian,nonhispanic,F,Worcester  Massachusetts  US,325 Ortiz Terrace Suite 3,Arlington,Massachusetts,Middlesex County,,42.41266826875747,-71.21750960937892,1476002.48,13216.78
1976dc81-1793-40a1-948e-06f0da4fd84c,1948-01-04,,999-90-9818,S99949170,X71408456X,Mr.,Donovan745,Hyatt152,,,M,white,nonhispanic,M,Tyngsborough  Massachusetts  US,780 Kulas Knoll,Wilmington,Massachusetts,Middlesex County,1887.0,42.59240657517106,-71.17596840488446,1510519.18,6271.9
7c97172c-8659-4f43-8b0a-a00e6ae6006e,1977-01-27,,999-54-6098,S99915736,X62416173X,Mr.,Saul605,Hand679,,,S,white,nonhispanic,M,Middleborough  Massachusetts  US,803 Mayer View Apt 77,Medway,Massachusetts,Norfolk County,,42.16567871822993,-71.41108356084877,888449.81,3202.12
988fd770-4272-4089-b8ef-82bf91c3f2be,2001-04-27,,999-13-3057,S99995473,,Mr.,Mark765,Johnson679,,,,white,nonhispanic,M,Plymouth  Massachusetts  US,377 Rippin Trailer Apt 69,Ludlow,Massachusetts,Hampden County,,42.2068040938,-72.45174668436493,404792.03,5790.199999999999
512bd186-4f89-4e6f-8408-973a0444f19a,1953-02-16,,999-99-9276,S99983710,X68130603X,Mr.,Kristopher775,Mraz590,,,M,white,nonhispanic,M,Hull  Massachusetts  US,775 Zieme Bay Unit 61,Sutton,Massachusetts,Worcester County,,42.15776378979541,-71.78558177680208,1504627.14,7564.66
15b3ee94-1147-49ce-b187-38c5eaabee71,1997-01-02,,999-53-9436,S99911064,X81203902X,Ms.,Sonia106,Moen819,,,,white,nonhispanic,F,Boston  Massachusetts  US,345 O'Connell Fort Suite 27,Chicopee,Massachusetts,Hampden County,1022.0,42.18613337181005,-72.56516632306823,75899.7,15155.819999999998
01dd6275-00f7-486f-b74a-0e961bbfb8ff,1969-11-09,,999-50-2419,S99935495,X39355031X,Mrs.,Norma469,Abeyta738,,Valle770,M,white,hispanic,F,Salisbury  Saint Joseph Parish  DM,785 Gusikowski Lodge Apt 83,Pittsfield,Massachusetts,Berkshire County,,42.42274126495229,-73.24488525036374,1195554.22,8015.039999999999
9404d204-96b8-4af2-9c9d-a71d96155a7f,1950-09-15,,999-45-2089,S99990066,X9339585X,Mr.,Rupert654,Grady603,,,M,asian,nonhispanic,M,Natick  Massachusetts  US,639 Doyle Trace Unit 91,Lowell,Massachusetts,Middlesex County,1854.0,42.59366726221887,-71.35617604926836,229390.62,9614.63
23f658eb-d9cf-4fda-b758-0e3355434e0d,1947-07-24,,999-11-3475,S99986720,X58920872X,Mrs.,Myrtie622,Volkman526,,Murray856,M,black,hispanic,F,Wilbraham  Massachusetts  US,931 Erdman Wall,Arlington,Massachusetts,Middlesex County,2476.0,42.413672364616055,-71.10714423648616,1433755.66,8867.439999999999
21130462-1018-456a-938b-af5254251d34,1997-10-30,,999-84-1232,S99958751,X67467031X,Ms.,Rosa195,Mondragón635,,,,white,hispanic,F,Santo Domingo  National District  DO,263 Moore Crossing Apt 65,Agawam,Massachusetts,Hampden County,1001.0,42.05990200693936,-72.58443825495416,456087.8,4966.199999999999
441143a0-3a87-4e3a-9f79-5e55d3ab90b5,1954-09-14,,999-32-6824,S99922389,X28975262X,Mr.,Abram53,Heaney114,,,S,white,nonhispanic,M,Wilbraham  Massachusetts  US,245 Morar Meadow Unit 63,Chatham,Massachusetts,Barnstable County,,41.60051299243393,-70.00745003713176,1416873.6,11304.55
ca32e83e-73d6-4422-9c1f-0f2fbefb2494,1920-01-04,2006-02-09,999-94-5224,S99986340,X13438193X,Mr.,Vito638,Hilpert278,,,M,white,nonhispanic,M,South Hadley  Massachusetts  US,429 Kris Neck Unit 91,Duxbury,Massachusetts,Plymouth County,,42.05202338641109,-70.74276534095318,1539765.24,475885.9600000001
f49d89e3-39c1-4436-bb4f-9d4a0ed829ea,1949-08-20,2015-04-25,999-85-6441,S99993276,X38549333X,Mr.,Horacio317,Jáquez824,,,M,white,hispanic,M,Mexico City  Mexico City  MX,783 Koelpin Union Apt 43,Boxborough,Massachusetts,Middlesex County,,42.48335360844318,-71.50677256527477,1353313.6,6240.73
fb616912-4c23-469c-827f-5d6821f46fcc,1967-02-13,,999-52-4707,S99996215,X54815594X,Mrs.,Lore422,Veum823,,Leannon79,M,white,nonhispanic,F,Worcester  Massachusetts  US,680 Schoen Bridge Apt 15,Boston,Massachusetts,Suffolk County,2114.0,42.368149086911046,-71.0478197613203,1393028.64,5902.21
abc92cf9-404a-4a74-b714-a5bd414afed0,1975-11-13,,999-31-7457,S99938742,X52060676X,Mrs.,Angelia425,Koepp521,,Lang846,M,black,nonhispanic,F,Brockton  Massachusetts  US,577 Purdy Neck,Wilmington,Massachusetts,Middlesex County,,42.54278680367727,-71.17186018288349,1046315.84,4700.359999999999
ee7e3f6b-7f82-4d44-b2aa-b09771750de1,1962-03-14,,999-25-2638,S99922358,X84752967X,Mr.,Jackson413,Schaden604,,,M,white,hispanic,M,Groveland  Massachusetts  US,635 Frami Junction,Cambridge,Massachusetts,Middlesex County,2472.0,42.37025329790277,-71.10831090782168,1205439.16,5544.4
aff96d0b-1984-442f-88ea-cf65776196de,1985-02-23,,999-30-9043,S99937943,X72794634X,Mrs.,Lorinda137,Weber641,,Koelpin146,M,white,nonhispanic,F,Fall River  Massachusetts  US,153 Bogan Green,Dover,Massachusetts,Norfolk County,,42.1961551862601,-71.26576295861543,776957.33,8944.839999999998
58af101b-bd6d-40fe-b39a-fe75ab3e5350,1950-04-04,,999-55-6977,S99982194,X18626953X,Mrs.,Marta91,Crist667,,Crooks415,M,white,nonhispanic,F,Haverhill  Massachusetts  US,798 Altenwerth Course Suite 34,Taunton,Massachusetts,Bristol County,2767.0,41.95029268801538,-71.00282794479578,1389549.63,18488.13
5225d947-9b0e-4646-9595-2125760c1371,1963-06-29,2018-07-22,999-81-3240,S99965124,X38486564X,Mr.,Raul814,O'Connell601,,,M,white,nonhispanic,M,Billerica  Massachusetts  US,712 Sipes Bypass,Lawrence,Massachusetts,Essex County,1840.0,42.72938865733656,-71.12356099025344,1392276.73,5113.719999999999
b74fa44d-3fcb-439a-8e40-b54065d4cced,1959-05-21,,999-89-7640,S99959879,X36475270X,Mr.,Cory323,Hilll811,,,M,white,nonhispanic,M,Lawrence  Massachusetts  US,845 Hartmann Brook,Stoneham,Massachusetts,Middlesex County,2180.0,42.42480315225026,-71.06951857329337,1267743.2,6036.0
68aaa910-56fd-41d3-beea-fb6e444f6774,1955-02-07,,999-32-6512,S99936334,X55481975X,Mrs.,Leanora120,Gutkowski940,,Eichmann909,M,white,nonhispanic,F,East Bridgewater  Massachusetts  US,687 Von Trailer Apt 23,Whitman,Massachusetts,Plymouth County,,42.05131811779398,-70.96906469710976,1012295.61,9201.559999999998
330713b5-9296-4999-9ed9-491666069d34,2000-01-18,,999-30-5630,S99995512,X32872030X,Ms.,Antonia30,Runolfsson901,,,,white,nonhispanic,F,Boston  Massachusetts  US,761 Witting Road,Northampton,Massachusetts,Hampshire County,1063.0,42.37137393274745,-72.72336190586402,449015.36,4653.56
4b48105d-47e5-406e-a7a5-cf9cbf6b010b,1942-08-11,2016-05-15,999-19-2901,S99922808,X54674559X,Mr.,Lowell343,Rau926,,,M,white,nonhispanic,M,Fall River  Massachusetts  US,823 Kunze Mission Unit 58,Norton,Massachusetts,Bristol County,,41.98460867098942,-71.20379982571542,1614578.38,267276.6600000001
00eb9682-1e26-4a14-ab47-3e4c0dd8d33f,2002-08-03,,999-35-4277,S99937636,,,Hortencia577,Herman763,,,,white,nonhispanic,F,Newburyport  Massachusetts  US,649 Kulas Fort Unit 70,Lancaster,Massachusetts,Worcester County,,42.43437215033897,-71.63628913670924,366801.39,3018.92
1182a8be-c0bd-413f-a9a7-786cb7440f08,1965-11-21,,999-57-1982,S99981871,X88632922X,Mrs.,Tonisha838,McCullough561,,Gerhold939,M,white,nonhispanic,F,Hingham  Massachusetts  US,834 Heidenreich Park,Hardwick,Massachusetts,Worcester County,,42.376859226907285,-72.21797543789758,1080555.78,13078.429999999998
ce3dfa62-c91a-4c27-b090-04f4f6761a1d,1959-09-12,,999-77-4824,S99929130,X32025084X,Ms.,Marline710,Cummerata161,,,S,white,nonhispanic,F,Freetown  Massachusetts  US,324 Wilkinson Rue Apt 87,Millbury,Massachusetts,Worcester County,,42.22462227126042,-71.82166905000945,1426704.35,13778.98
c0cf477a-ac5c-4f82-8172-4cf6ece098a8,2001-03-08,,999-16-4181,S99951497,,Mr.,Monte325,Halvorson124,,,,white,nonhispanic,M,Tyngsborough  Massachusetts  US,1026 Parker Esplanade Apt 64,Worcester,Massachusetts,Worcester County,1603.0,42.246667766455,-71.78873454185782,39368.51,513.2799999999999
9bb766eb-f10d-4a97-9013-fb0a25c767d9,1958-11-16,,999-80-5851,S99974546,X60687006X,Mr.,Reinaldo138,Hartmann983,,,M,white,nonhispanic,M,Boston  Massachusetts  US,773 Brakus Viaduct Unit 9,Worcester,Massachusetts,Worcester County,1609.0,42.23672655434328,-71.85502465151194,1336789.25,6368.95
1b1f54a1-3eb4-46b4-bb04-f2570744de37,1976-11-08,,999-89-6479,S99923693,X16926472X,Mrs.,Brigida296,Hodkiewicz467,,Gibson10,M,white,nonhispanic,F,Woburn  Massachusetts  US,959 Rolfson Street,Quincy,Massachusetts,Norfolk County,2186.0,42.265836524818,-71.02089337141925,63859.65,3291.4
7517bcb0-84e8-4856-bbcf-c68e3fc36c3d,1972-06-02,,999-72-5355,S99994517,X82339945X,Mr.,Cristobal567,Hettinger594,,,M,black,hispanic,M,Boston  Massachusetts  US,1047 Stoltenberg Green,Boston,Massachusetts,Suffolk County,2163.0,42.38768220329475,-71.07306674380217,1215237.53,5823.639999999999
4998dee3-64ef-434b-b1a7-207b942b7e97,1971-10-01,,999-98-7844,S99998916,X21491737X,Ms.,Talisha682,West559,,,S,asian,nonhispanic,F,Macau  Macao Special Administrative Region of the People's Republic of China  CN,789 Dicki Village Apt 16,Everett,Massachusetts,Middlesex County,2149.0,42.44356727049078,-71.0528576329741,69756.51000000001,2638.19
31ec3f4d-14b9-486d-a5d1-1087ab492349,2015-06-11,,999-74-9425,,,,Alvera113,Ritchie586,,,,white,nonhispanic,F,Fall River  Massachusetts  US,457 Lemke Plaza,Weymouth,Massachusetts,Norfolk County,2189.0,42.1674423058858,-70.95195029569476,102355.61,1906.56
1ee334fd-12c3-4b57-8e92-3c06acaf9c30,2002-02-06,,999-52-3063,S99945064,,Mr.,Marcus77,Upton904,,,,asian,nonhispanic,M,Westfield  Massachusetts  US,133 Carroll Bridge,Melrose,Massachusetts,Middlesex County,,42.50554885300914,-71.03181962938055,445697.14,7519.32
dffb9c07-5c09-4082-a27f-5542f84b0282,1987-07-14,,999-42-9428,S99935464,X77335048X,Mr.,Benedict104,Macejkovic424,,,M,white,nonhispanic,M,Agawam  Massachusetts  US,749 Jacobson Port Suite 56,Boston,Massachusetts,Suffolk County,2215.0,42.38267366810697,-71.06285864651011,721959.0,7199.159999999998
683a5a8b-20c2-4e00-a46d-a0bb5f0ee044,1992-05-27,,999-36-4291,S99917213,X82287439X,Mrs.,Jonell764,Hackett68,,Lang846,M,white,hispanic,F,Newton  Massachusetts  US,655 Turcotte Overpass,Boston,Massachusetts,Suffolk County,2116.0,42.38430230024459,-71.11791453894315,543403.96,4431.2
8e8ba65a-2acd-47f8-8eb4-b48a03853fea,1959-07-22,,999-78-4192,S99919164,X9728787X,Mr.,Germán350,Lovato727,,,M,white,hispanic,M,Ponce  Puerto Rico  PR,1035 Gaylord Trace Unit 18,Southampton,Massachusetts,Hampshire County,,42.24555045100813,-72.76860758062608,1275295.36,7787.44
e620ab58-5999-4a1e-bce1-0d85612b1fc3,2012-04-13,,999-13-2615,,,,Spring819,Klein929,,,,white,nonhispanic,F,Cologne  North Rhine-Westphalia  DE,628 King Ville,Marlborough,Massachusetts,Middlesex County,1752.0,42.38864782231306,-71.56620885257189,176923.21,2520.68
4379f641-df8e-4d0c-81e2-bcdcab2938d1,1991-04-21,,999-45-7477,S99916243,X85152562X,Mr.,Blake449,Bailey598,,,M,white,nonhispanic,M,Winchendon  Massachusetts  US,1013 Thiel Wall Apt 97,Lawrence,Massachusetts,Essex County,1841.0,42.707066438570216,-71.12532294040497,739565.6900000001,4021.36
8ce510e6-0cfd-4142-aad9-d17c182c4dcd,1978-02-10,,999-15-8118,S99972540,X35705730X,Mrs.,Louisa875,Koelpin146,,Beier427,M,white,hispanic,F,Everett  Massachusetts  US,909 Reinger Annex,Palmer,Massachusetts,Hampden County,1095.0,42.1315603195457,-72.27770801142152,146199.89,79797.44000000013
b1bf434f-dcf8-4010-b917-abf125f337b9,1968-10-29,,999-11-5666,S99945632,X49807246X,Mr.,Will178,Mante251,,,M,white,nonhispanic,M,Greenfield  Massachusetts  US,1066 Bogisich Way Unit 31,Hingham,Massachusetts,Plymouth County,,42.23194264976952,-70.84585017440101,1242350.3,4497.92
2871e77a-f3ed-4903-9c01-440e6dfe0d41,1964-07-23,,999-89-2103,S99976872,X26655773X,Mrs.,Oneida64,Konopelski743,,Heller342,M,white,nonhispanic,F,Dudley  Massachusetts  US,675 Wunsch Promenade,Everett,Massachusetts,Middlesex County,2149.0,42.40521327690975,-71.06017248805516,1251054.99,6807.699999999999
f6e9cae0-11c3-4ae8-8c5c-b93f9f945e1e,1961-05-06,,999-49-1595,S99969421,X70076888X,Mr.,Billie243,Nienow652,,,M,asian,nonhispanic,M,Worcester  Massachusetts  US,135 Towne Bridge,Tewksbury,Massachusetts,Middlesex County,,42.61717032013769,-71.26687161972983,1356339.76,5680.28
3c6463e6-1693-4f81-a5f2-2951597a39b1,1974-02-19,,999-79-4645,S99976360,X44404002X,Mrs.,Jeraldine574,Stroman228,,Crist667,M,white,nonhispanic,F,Holbrook  Massachusetts  US,321 Grant Annex,Amherst,Massachusetts,Hampshire County,,42.39950818087619,-72.54447123154102,151613.63999999998,17194.6
0b4f1529-cd0e-4334-9c84-0579510766c4,1970-07-11,,999-43-7825,S99973104,X33702633X,Mrs.,Brittney657,Breitenberg711,,Padberg411,M,black,nonhispanic,F,Marshfield  Massachusetts  US,466 Ondricka Run Apt 98,Lowell,Massachusetts,Middlesex County,1852.0,42.63531814360424,-71.35185907283856,49881.94,2126.82
0fde6ac0-3fc5-4e18-bb45-dbea3506cfab,1982-11-05,,999-14-9318,S99918997,X24234826X,Mr.,Damion480,Hahn503,,,M,white,nonhispanic,M,Dartmouth  Massachusetts  US,1034 Gutkowski Estate,Rockland,Massachusetts,Plymouth County,,42.08923596964445,-70.92746304691936,950480.21,3827.16
181f2cf5-8035-4d64-9f24-651838d31ef9,1996-10-10,,999-75-2225,S99964070,X59603898X,Ms.,Helaine42,Pfannerstill264,,,,white,nonhispanic,F,Worcester  Massachusetts  US,527 Casper Wall,Lowell,Massachusetts,Middlesex County,1852.0,42.65917245387997,-71.32859866134228,479427.38,3810.44
d28f9bd4-8304-443f-9a49-c1e0d45b83de,1951-02-08,,999-69-7019,S99936684,X15420066X,Mr.,Ignacio928,Von197,,,M,white,nonhispanic,M,Holden  Massachusetts  US,722 Schaefer Village,South Hadley,Massachusetts,Hampshire County,,42.29095747503937,-72.5966248369972,1502769.13,6778.52
b52492b0-a98c-4b25-9b21-409416de7915,1970-03-24,,999-77-2914,S99923125,X2486809X,Mrs.,Olene159,Witting912,,McClure239,M,white,nonhispanic,F,Swampscott  Massachusetts  US,1085 Emard Row Suite 13,Melrose,Massachusetts,Middlesex County,,42.49891393798184,-71.0671569031582,62073.71,1729.0
10876c74-0535-4627-a4c0-b02613be5bcf,1956-01-07,,999-99-3072,S99912704,X8380505X,Ms.,Olevia458,Bednar518,,,S,white,nonhispanic,F,Milford  Massachusetts  US,854 Kemmer Fort Apt 14,Westford,Massachusetts,Middlesex County,,42.56543413430478,-71.40964841587767,1540306.54,13321.589999999998
063af9eb-9b7e-4bd2-9b33-8f6c2907e7f3,1990-12-26,,999-28-2205,S99930835,X22957770X,Ms.,Latosha740,Abshire638,,,S,white,nonhispanic,F,Springfield  Massachusetts  US,163 VonRueden Row,Lowell,Massachusetts,Middlesex County,1854.0,42.66070144625861,-71.32800105856535,92136.79,7971.61
e6cb573d-94df-45b8-a541-ae407d27c08d,1979-07-08,,999-35-4146,S99947418,X80564250X,Mrs.,Jonnie215,Daugherty69,,Bernhard322,M,white,nonhispanic,F,Shrewsbury  Massachusetts  US,107 Carroll Way Suite 55,Middleborough,Massachusetts,Plymouth County,,41.86827052981739,-70.87724009895602,952226.15,12114.86
3b92af3e-bb14-4b73-b0a6-8b4023b78446,1998-03-26,2001-11-22,999-15-9589,,,,Pete38,Collier206,,,,white,nonhispanic,M,Marseille  Provence-Alpes-Cote d'Azur  FR,403 Orn Ramp Apt 89,Everett,Massachusetts,Middlesex County,2148.0,42.4315614421046,-71.06614257336618,4610.8,0.0
f670104b-a3ea-41d4-a845-b5dbe7a25518,1968-03-14,,999-75-5200,S99999933,X73946616X,Mr.,Adan632,Green467,,,S,white,nonhispanic,M,Brockton  Massachusetts  US,796 Dooley Orchard Unit 68,Melrose,Massachusetts,Middlesex County,2176.0,42.50341873929676,-71.09846018933386,164888.57,10171.62
394b564c-e6f1-466a-b52f-ec6a73508b25,1991-10-05,,999-74-2847,S99937238,X80572059X,Mrs.,Le457,Leannon79,,Larson43,M,white,nonhispanic,F,Pittsfield  Massachusetts  US,828 Orn Dale,Warren,Massachusetts,Worcester County,1585.0,42.1988818721625,-72.22126669107745,644911.8,5366.37
08f58d38-50f0-46be-988a-42f727eec47f,1967-11-09,1995-04-20,999-20-1362,S99924101,X81597057X,Mr.,Toney527,Mante251,,,S,asian,nonhispanic,M,Shanghai  Shanghai Municipality  CN,525 Fritsch Vale Apt 62,Concord,Massachusetts,Middlesex County,,42.50595476042984,-71.35502672841226,571108.71,5358.439999999999
d89b1adf-6093-4677-bba3-b24b6b258f2a,1966-07-31,,999-32-7633,S99928204,X22230722X,Mr.,Lance203,Kovacek682,,,M,white,hispanic,M,Salisbury  Massachusetts  US,441 Ratke Branch,Berkley,Massachusetts,Bristol County,,41.81000324041312,-71.12453598461677,1171205.96,13776.33
5806abee-4a2a-4ccc-b155-f6a7068a5778,1967-11-09,,999-73-8138,S99976928,X18062025X,Mr.,Antione404,Jaskolski867,,,M,asian,nonhispanic,M,Macau  Macao Special Administrative Region of the People's Republic of China  CN,163 Champlin Branch,Concord,Massachusetts,Middlesex County,,42.46149036126808,-71.37734619182837,1140195.66,4120.4
2915ffcd-c94b-4476-8b9e-71722977337f,1985-07-11,,999-65-8233,S99919173,X31144069X,Mrs.,Caitlyn56,Keebler762,,Greenfelder433,M,white,nonhispanic,F,Foxborough  Massachusetts  US,922 Walter Byway,Berkley,Massachusetts,Bristol County,,41.856414754356734,-71.12291254324342,848686.97,5953.179999999999
7fd56c9d-aa72-4b09-bf6e-0c8f92c4e5b1,1935-07-01,,999-21-7716,S99916789,X14069099X,Mr.,Jorge Luis88,León820,,,M,white,hispanic,M,Tegucigalpa  Francisco Morazán  HN,858 Greenfelder Flat,Shrewsbury,Massachusetts,Worcester County,,42.24445549262581,-71.7448605423017,1575904.9500000002,22123.12
a8ccf97c-a50c-44ac-8920-219121d41a35,1973-10-11,,999-37-2802,S99986393,X78895841X,Mr.,Jermaine675,Volkman526,,,M,black,nonhispanic,M,Boston  Massachusetts  US,357 Hoeger Well,Medford,Massachusetts,Middlesex County,,42.4098325238295,-71.13414193964213,1077288.4,5427.84
28b34921-a304-44e1-9afb-183a97356ef3,1947-08-29,,999-98-6907,S99973841,X47737610X,Ms.,Saundra460,Gutmann970,,,S,black,nonhispanic,F,Westford  Massachusetts  US,710 Walsh Orchard Unit 29,Waltham,Massachusetts,Middlesex County,2453.0,42.44222386813404,-71.28469185623369,1428762.85,26111.66
f8d6cf8d-f92d-485f-8de3-c22422d8475d,2017-11-28,,999-87-8596,,,,Francisco472,Feest103,,,,white,nonhispanic,M,Springfield  Massachusetts  US,253 Roberts Skyway Suite 58,Attleboro,Massachusetts,Bristol County,2861.0,41.899163975960334,-71.2998772739701,21933.28,645.8
9f882f9e-7e24-4995-9ad6-f6649587e868,1970-03-19,,999-31-8853,S99985942,X48928721X,Mrs.,Violet769,Hagenes547,,Strosin214,M,white,nonhispanic,F,Bridgewater  Massachusetts  US,330 Murray Esplanade,Falmouth,Massachusetts,Barnstable County,,41.6084044846658,-70.5694212682821,1205140.47,7865.289999999999
6cf4bb1f-dcd5-4a04-a1da-da27b617bb9e,2004-01-10,,999-25-7012,S99920364,,,Erich201,Stroman228,,,,black,hispanic,M,Randolph  Massachusetts  US,570 Abbott Promenade Apt 77,Boston,Massachusetts,Suffolk County,2210.0,42.29337606284246,-71.02090804321368,56465.57,16892.05
f003e168-78a7-4934-8e59-5491515c47ad,1990-12-12,,999-56-6024,S99953384,X75371265X,Mrs.,Ursula220,Cormier289,,Wiegand701,M,white,nonhispanic,F,North Reading  Massachusetts  US,1069 Daugherty Forge,North Attleborough,Massachusetts,Bristol County,,41.9682691710176,-71.33593451447314,640980.35,5090.509999999999
9130704b-44d1-42d5-ad3d-99fa6cd21d21,1981-11-20,,999-10-7964,S99935793,X78824827X,Mrs.,Guadalupe206,Kuhn96,,Dach178,M,black,nonhispanic,F,Boston  Massachusetts  US,126 Hilll Landing,Boston,Massachusetts,Suffolk County,2151.0,42.32379430925994,-71.0736623230495,739571.84,7004.989999999999
df0756c1-07f8-4285-926d-0ab39e22ee75,1949-11-26,,999-13-2054,S99973034,X37447637X,Mrs.,Ima629,Wolff180,,Jenkins714,M,white,nonhispanic,F,Adams  Massachusetts  US,456 Hayes Ranch,Danvers,Massachusetts,Essex County,1937.0,42.5667474017888,-70.98067111921968,1614673.7,31661.65
08620fb6-8e81-4ed9-842a-480862c46307,1992-02-08,,999-97-1026,S99940363,X14617776X,Mrs.,Eugene421,Schiller186,,Bednar518,M,white,nonhispanic,F,Hubbardston  Massachusetts  US,596 Huels Boulevard Suite 12,Auburn,Massachusetts,Worcester County,,42.148838085767935,-71.82475684578931,629083.17,7053.899999999999
a5d4a8a4-3a15-45c1-ac36-ea8d72de732c,1990-10-25,,999-55-2932,S99939793,X29232705X,Mrs.,Claudie965,Rice937,,Waters156,M,white,nonhispanic,F,Danvers  Massachusetts  US,1045 Gibson Ferry,Framingham,Massachusetts,Middlesex County,1701.0,42.3197076135419,-71.4592611056805,678224.64,4399.599999999999
51622385-e3d1-4186-8508-0845cd6dfcf8,1967-08-31,,999-84-4097,S99939323,X13359625X,Mr.,Lesley194,Runolfsdottir785,,,M,white,nonhispanic,M,Westfield  Massachusetts  US,314 Kozey Highlands,Quincy,Massachusetts,Norfolk County,2169.0,42.28204434161938,-70.97191882326355,1144868.55,5406.78
8aa70ccc-eed0-4746-9078-f3af04ec354c,1960-11-22,,999-17-1477,S99940592,X76812774X,Mrs.,Jacquetta148,Runolfsdottir785,,Funk324,M,white,nonhispanic,F,Taunton  Massachusetts  US,1039 Schaden Parade Apt 95,Newton,Massachusetts,Middlesex County,2468.0,42.309332416508695,-71.21443111675681,1313394.2,7401.48
9c515c64-431e-4f76-b666-75d35e023efc,1935-11-22,2008-06-29,999-19-6117,S99948339,X59526071X,Mr.,Hal307,Marquardt819,,,M,white,nonhispanic,M,Lawrence  Massachusetts  US,719 Cruickshank Village Suite 79,Chelmsford,Massachusetts,Middlesex County,,42.64107162701895,-71.3456632125884,1676686.22,267427.7600000001
53a8ceaf-b146-40ed-a4a2-10bf87d2fd0f,1945-07-24,,999-42-8058,S99930301,X79269369X,Mrs.,Valorie864,Hilpert278,,Howell947,M,white,nonhispanic,F,Holliston  Massachusetts  US,433 Mayer Extension Apt 80,Somerville,Massachusetts,Middlesex County,2143.0,42.34973270137188,-71.13233324390202,62345.72,4512.959999999999
c8f637fc-3f27-4404-85aa-e6d285a090ee,1985-08-14,,999-96-2253,S99978383,X38724103X,Mr.,Gil594,Runolfsson901,,,M,white,nonhispanic,M,Needham  Massachusetts  US,256 Price Parade,Plymouth,Massachusetts,Plymouth County,,41.86220017689607,-70.67351259873524,802946.74,4766.24
19299632-01a0-41a5-988a-6f1c19fffd37,2005-09-14,,999-77-3455,,,,Carson894,Marquardt819,,,,white,nonhispanic,M,New Bedford  Massachusetts  US,703 Wisoky Heights Unit 45,Methuen,Massachusetts,Essex County,1844.0,42.74660511396883,-71.2019671892423,302307.53,3222.28
a2b0c715-8005-42e0-aae6-11bd3bb714ad,1993-03-20,,999-34-9194,S99924109,X46870918X,Mrs.,Madalene903,Stracke611,,Breitenberg711,M,white,nonhispanic,F,Webster  Massachusetts  US,114 McLaughlin Burg Unit 3,Brockton,Massachusetts,Plymouth County,2301.0,42.05131488265573,-71.04820723240871,639667.63,8318.359999999999
989e1455-e007-4c5f-9cdf-0bb0257a7c10,1935-11-22,2004-11-06,999-57-3651,S99917200,X75842355X,Mr.,Elden718,Conroy74,,,S,white,nonhispanic,M,Scituate  Massachusetts  US,712 Roob Tunnel Unit 82,Chelmsford,Massachusetts,Middlesex County,,42.632620722537176,-71.3265725358589,1712853.57,28875.93
285e19d6-4219-4126-9596-fc100af3cd5f,1984-11-11,1986-04-13,999-81-2379,,,,Jennette837,O'Connell601,,,,white,nonhispanic,F,Concord  Massachusetts  US,759 Ferry Flat,Shrewsbury,Massachusetts,Worcester County,,42.32259271233118,-71.74146162495202,33150.0,1133.94
879f12af-aca4-4a80-8030-73bad8ab1a58,1944-03-29,,999-96-4913,S99983597,X53410816X,Mr.,Keneth579,Casper496,,,S,black,nonhispanic,M,Belmont  Massachusetts  US,358 Schimmel Mall,Boston,Massachusetts,Suffolk County,2116.0,42.318376665963406,-71.07013310093923,238983.53,25354.53
1768e33d-96a0-47ab-8349-ea7c82bc70a4,1962-09-15,,999-91-1164,S99938205,X16551423X,Mr.,Jordan900,Rogahn59,MD,,S,white,hispanic,M,Holyoke  Massachusetts  US,559 Toy Glen Unit 67,Attleboro,Massachusetts,Bristol County,2861.0,41.8894628948934,-71.26813610731979,42446.27,354.9599999999999
1da3dbf8-7816-4996-80ae-9548a435876c,1970-07-17,,999-30-7049,S99982069,X34795812X,Mrs.,Carmella421,Schuster709,,Crona259,M,white,nonhispanic,F,Pittsfield  Massachusetts  US,289 Macejkovic Gate Apt 70,Norwood,Massachusetts,Norfolk County,2090.0,42.25014446773622,-71.19415085144614,1210594.19,9803.969999999998
180b2ca2-cec0-42e7-a3c7-159084e6687d,1977-05-11,,999-60-3650,S99926643,X5795289X,Mrs.,Heidy529,Upton904,,Jacobson885,M,white,nonhispanic,F,New Bedford  Massachusetts  US,806 Hettinger Row Unit 7,Attleboro,Massachusetts,Bristol County,2703.0,41.886282339709865,-71.26634251895976,912033.35,7840.759999999999
ee02bc98-421a-443c-9e38-8d54c29eee23,1986-08-22,,999-83-1482,S99940011,X48425292X,Mrs.,Lolita963,Mueller846,,Connelly992,M,white,nonhispanic,F,North Adams  Massachusetts  US,1059 Von Orchard,Weymouth,Massachusetts,Norfolk County,2190.0,42.22828473418783,-70.96004896454542,783806.7,4624.56
dbead253-973c-4b7e-a69f-1a60060a525a,1935-11-22,,999-67-8514,S99944901,X69740914X,Mr.,Bruno518,Rau926,,,M,white,nonhispanic,M,Fitchburg  Massachusetts  US,432 O'Kon Ferry,Chelmsford,Massachusetts,Middlesex County,,42.55847766349353,-71.39701992672018,1416695.6700000002,16154.34
a964e043-4286-471b-9f06-05704e8b1936,1995-12-01,,999-64-7338,S99980388,X48093131X,Mr.,John539,Connelly992,,,,white,nonhispanic,M,Bedford  Massachusetts  US,886 Homenick Mall,Everett,Massachusetts,Middlesex County,2148.0,42.35806619734088,-71.07674187560065,504363.3,3528.84
456d2b67-5226-472f-a08b-ddf771ecb626,1915-01-14,2016-01-14,999-82-1598,S99929254,X62608425X,Mr.,Herman763,Bradtke547,,,M,white,nonhispanic,M,Chicopee  Massachusetts  US,908 Mertz Wall,Duxbury,Massachusetts,Plymouth County,2332.0,42.06485083199826,-70.72424632066914,1841309.46,20440.01
38c25b5d-f91d-4a02-95d6-742729ee5a1b,1987-11-09,,999-33-2818,S99925907,X29218149X,Mr.,Jamey282,Satterfield305,,,M,white,nonhispanic,M,Springfield  Massachusetts  US,729 Thompson Glen,Boston,Massachusetts,Suffolk County,,42.30580596146273,-71.05139017067305,5443.99,0.0
fc97ab8d-33b3-4e9e-a97e-cd04fb60c914,1974-06-13,,999-94-9192,S99952584,X57823129X,Mrs.,Anna632,Lowe577,,Christiansen251,M,white,nonhispanic,F,North Reading  Massachusetts  US,1014 Parker Neck,Brookline,Massachusetts,Norfolk County,2467.0,42.341711625320606,-71.12859370224189,908326.11,10386.69
fd15156e-eea3-4ee2-86b4-2b2a83c7b341,1980-09-30,,999-39-8385,S99917909,X79419033X,Mrs.,Chara19,Eichmann909,,Simonis280,M,white,nonhispanic,F,Westhampton  Massachusetts  US,137 Buckridge Well Suite 48,East Bridgewater,Massachusetts,Plymouth County,,42.05132015606516,-70.93019788369678,1062630.96,4384.679999999999
3f9ce612-bc94-47ed-9fb3-f75e1b6770a0,1992-07-27,,999-74-2359,S99990976,X88292534X,Mrs.,Sherlyn657,Frami345,,Pfannerstill264,M,white,nonhispanic,F,Framingham  Massachusetts  US,330 Balistreri Station Apt 29,Pittsfield,Massachusetts,Berkshire County,1201.0,42.40049079368606,-73.22423163958334,623268.02,4692.879999999999
56a22b46-011b-41fc-bf94-13fa9021ef5a,1990-09-17,,999-32-7592,S99923833,X42489756X,Mr.,Brice635,Gorczany269,,,M,white,nonhispanic,M,Wakefield  Massachusetts  US,328 Davis Branch,Littleton,Massachusetts,Middlesex County,,42.51261176481577,-71.47249208628811,698199.64,8197.519999999999
6a5b85df-14bd-4dc1-b9d4-3e17ce87e231,1984-12-20,,999-77-2571,S99961128,X78770995X,Mrs.,Ling534,Padberg411,,Metz686,M,asian,nonhispanic,F,Macau  Macao Special Administrative Region of the People's Republic of China  CN,1066 Torp Alley Suite 29,Dracut,Massachusetts,Middlesex County,,42.68464579248287,-71.29381786040899,826324.92,6840.159999999998
ec2db6c2-fe50-4414-ade8-04ffc8b0dc35,1956-01-23,2009-06-16,999-79-3013,S99995135,X2136851X,Mr.,Luis923,Crona259,,,M,white,nonhispanic,M,Medway  Massachusetts  US,137 Jones Track,Northampton,Massachusetts,Hampshire County,1063.0,42.31977685757305,-72.6783886709458,1353464.82,5357.839999999999
0ed6023d-c72c-40b3-bd3b-679dd60bfeeb,1973-07-09,,999-47-1045,S99982769,X21260381X,Mrs.,Eugenie836,Bogan287,,Hauck852,M,white,nonhispanic,F,Lawrence  Massachusetts  US,900 Keeling Loaf,Billerica,Massachusetts,Middlesex County,,42.58236040473203,-71.2469086495604,1020307.72,9317.649999999998
976d096f-8b0d-4b37-a73f-e92e71982866,1976-03-02,,999-12-3403,S99910592,X8231223X,Mr.,Joel444,Morar593,,,M,white,hispanic,M,Chelsea  Massachusetts  US,1034 Koelpin Viaduct Unit 77,Springfield,Massachusetts,Hampden County,1013.0,42.11744547658397,-72.62689896013903,42326.64,354.9599999999999
5e33cdc6-e466-4778-8eb3-032cde844470,1951-07-03,,999-30-7053,S99963798,X34585003X,Mrs.,Andra606,Stroman228,,Deckow585,M,white,nonhispanic,F,Quincy  Massachusetts  US,1012 D'Amore Bridge,Tyngsborough,Massachusetts,Middlesex County,,42.62536705099022,-71.40535336528028,1580623.07,11239.8
a4d4d3ea-743b-44f6-9a81-f5c38a5b015f,1956-01-23,2020-03-14,999-66-6230,S99969294,X48416932X,Mr.,Elmo857,Fritsch593,,,S,white,nonhispanic,M,Harvard  Massachusetts  US,526 Jakubowski Street,Northampton,Massachusetts,Hampshire County,1060.0,42.28753683852361,-72.67845105197861,1317148.98,5249.44
736cd35c-9354-4a03-bb71-583acd29acbb,2002-09-17,,999-39-5229,S99968634,,,Armandina361,Tillman293,,,,white,nonhispanic,F,South Hadley  Massachusetts  US,197 Cronin Pathway,Pittsfield,Massachusetts,Berkshire County,1201.0,42.41210985592832,-73.2685474062569,365964.94,3018.92
c8a01737-6064-42c9-88e6-5e87321bce47,1940-02-25,2019-09-11,999-82-4507,S99976905,X52839150X,Mr.,Kyle55,Langosh790,,,S,black,nonhispanic,M,Boston  Massachusetts  US,157 Greenholt Divide Suite 14,Bellingham,Massachusetts,Norfolk County,,42.029457837770174,-71.49786416198384,1769870.29,9210.54
5e0a49f5-fb18-4b3c-a4f1-d1af436e9503,1953-07-07,2011-01-31,999-69-8750,S99995070,X20109043X,Ms.,Violeta106,Spencer878,,,S,white,nonhispanic,F,Lynn  Massachusetts  US,610 Franecki Ramp Suite 69,Shirley,Massachusetts,Middlesex County,,42.57917385633888,-71.63394881636532,179721.44,8115.079999999999
20a3767b-d7f9-4681-b4d2-b8fca1633afb,1961-08-03,,999-85-2819,S99932190,X61704806X,Mrs.,Micaela928,Rubio813,,Cepeda588,M,white,hispanic,F,Port-au-Prince  Haiti  HT,591 Ratke Pathway,Natick,Massachusetts,Middlesex County,,42.24687853994566,-71.36007115331,1271911.44,24146.789999999997
71a7197c-a2d9-4f7e-9ba3-c240b11f095b,1915-01-14,1980-06-26,999-46-3960,S99963172,X49866163X,Mr.,Jermaine675,Lind531,,,M,white,nonhispanic,M,Taunton  Massachusetts  US,354 Kozey Junction,Duxbury,Massachusetts,Plymouth County,2332.0,42.06239624062105,-70.67347043492771,1492470.0,5022.5
f24af392-c611-4375-814c-1433cb4b15bd,2003-11-15,,999-65-6665,S99921928,,,Steven797,Becker968,,,,white,nonhispanic,M,Burlington  Massachusetts  US,925 Heidenreich Parade Suite 39,Watertown,Massachusetts,Middlesex County,2472.0,42.32554847202776,-71.13387602266917,418942.46,3242.28
aec908c0-faa4-42f2-8295-ae20c4eb32dc,1983-03-26,,999-52-1157,S99935661,X35593062X,Mr.,Ernie189,Heathcote539,,,S,white,nonhispanic,M,Boston  Massachusetts  US,410 Heathcote Haven Unit 48,Everett,Massachusetts,Middlesex County,,42.40565787813952,-71.09782770755238,875684.01,9203.239999999998
fcfad5b1-dd55-40bb-ae60-87fdf189dca2,1969-06-18,,999-19-8601,S99959560,X66868366X,Mr.,Mitchel812,Howe413,,,M,white,nonhispanic,M,Boston  Massachusetts  US,664 Kemmer Passage Apt 5,Falmouth,Massachusetts,Barnstable County,2540.0,41.637941787525,-70.62910136655216,1048580.62,4394.48
1123045d-0cce-443a-ba1e-4f6042bcc5ce,1998-05-30,2007-06-23,999-97-2241,,,,Jamison785,Hyatt152,,,,white,nonhispanic,M,Methuen  Massachusetts  US,869 Medhurst Corner Suite 19,Boston,Massachusetts,Suffolk County,2118.0,42.33138953104144,-71.0801646519032,210536.25,1264.04
b97fadcc-5764-46bb-b039-88d3ef9d6bdb,1932-09-18,,999-39-1150,S99945742,X81604859X,Mrs.,Trudie215,Wunsch504,,Littel644,M,white,nonhispanic,F,Wakefield  Massachusetts  US,472 Jones Fort Suite 31,Andover,Massachusetts,Essex County,1810.0,42.6175919390068,-71.20289326770347,1586417.25,14270.499999999998
15942763-709e-41a0-bd95-a0fbf8f94edc,1924-01-04,1938-09-02,999-94-7490,,,,Era940,Aufderhar910,,,,white,nonhispanic,F,Fairhaven  Massachusetts  US,707 Mueller Center,Lowell,Massachusetts,Middlesex County,1854.0,42.64471359567659,-71.34219045686504,319249.48,1733.12
c66db7a8-7908-41b7-988e-dcb5d2633cb3,1982-05-25,,999-99-3980,S99926829,X81439304X,Mrs.,María Cristina383,Rosas160,,Ulloa39,M,white,hispanic,F,Santo Domingo  National District  DO,670 Hackett Tunnel,Boston,Massachusetts,Suffolk County,2108.0,42.3724983402588,-71.10818123080064,801161.72,9113.589999999998
05b44978-9cc3-4de1-86c6-d54c80fc41ca,1989-09-03,1993-10-24,999-33-8786,,,,Drew592,Daniel959,,,,white,nonhispanic,M,Scituate  Massachusetts  US,249 Schamberger Arcade,Hudson,Massachusetts,Middlesex County,,42.43389439751287,-71.50571894403572,87457.85,737.4
065329ef-90e1-4ca3-bc38-b7e0638a5f01,1960-10-09,,999-17-4056,S99989502,X47880300X,Mr.,Jan231,Padberg411,,,S,white,nonhispanic,M,Whitman  Massachusetts  US,610 Legros Lane,North Attleborough,Massachusetts,Bristol County,,41.96614252930205,-71.37611143895809,1455432.13,8352.56
6d3a2357-a378-4bb1-8367-f373475337fb,2007-11-14,,999-55-6553,,,,Gary33,Windler79,,,,white,hispanic,M,Lanesborough  Massachusetts  US,970 Hegmann Course,Wakefield,Massachusetts,Middlesex County,1940.0,42.457478189984855,-71.09553254205653,272326.14,3037.32
d058f819-919f-45d5-91e9-c4a98487ed23,1992-12-01,,999-94-1826,S99921659,X25268500X,Mrs.,Esther279,Stehr398,,Ritchie586,M,white,nonhispanic,F,Holyoke  Massachusetts  US,852 Cruickshank View,Revere,Massachusetts,Suffolk County,,42.40673546339387,-70.97114670423619,634136.85,4381.28
c61f6748-8aca-46dd-87af-3ce44aff6d2d,1957-02-03,,999-22-6676,S99925700,X65344427X,Mr.,Kent912,Bergstrom287,,,M,white,nonhispanic,M,Wilmington  Massachusetts  US,1039 Shields Parade,Northfield,Massachusetts,Franklin County,,42.68190574414326,-72.432235172212,1616617.86,7686.84
4a8c971a-ff0b-41ec-9efd-b64673b81886,1998-12-04,,999-85-8352,S99930885,X21181113X,Mr.,Bernardo699,Schmidt332,,,,white,nonhispanic,M,Brookline  Massachusetts  US,297 Boehm Loaf Suite 71,Wilbraham,Massachusetts,Hampden County,1095.0,42.15017945186717,-72.39252261150403,70268.0,8781.43
ac2ae9f1-e5c7-4045-b925-415f4cf2a345,1964-04-21,,999-80-4847,S99982927,X84118948X,Ms.,Florencia449,McLaughlin530,,,S,white,nonhispanic,F,Heraklion  Heraklion Prefecture  GR,618 Nolan Fort,Springfield,Massachusetts,Hampden County,1128.0,42.16423641129454,-72.44122201202471,1494186.99,3887.2
16ff236d-bd5a-4823-9963-8e602b916734,1990-08-29,,999-16-1080,S99980236,X17618319X,Mrs.,Gwen761,Homenick806,,Fisher429,M,white,nonhispanic,F,Orange  Massachusetts  US,1026 Ernser Common,Northborough,Massachusetts,Worcester County,,42.34937678759939,-71.68286074913883,680714.4600000001,6375.409999999999
baea6396-7735-4f36-85ed-52f33ca6c842,2003-09-13,,999-20-6720,S99992366,,,Brandee895,Greenholt190,,,,white,nonhispanic,F,Mattapoisett  Massachusetts  US,228 Schroeder Green Apt 28,Boston,Massachusetts,Suffolk County,2130.0,42.292058807942695,-71.0257466591954,444580.72,2734.0
19e2c80c-ea6a-4365-9eae-533e840d1a6f,1982-01-01,,999-28-6815,S99989693,X51290596X,Mr.,Jimmie93,Kreiger457,,,M,white,nonhispanic,M,Boston  Massachusetts  US,144 Shanahan Light,Fall River,Massachusetts,Bristol County,,41.71533360381231,-71.12940294988628,6381.81,0.0
5a2177a4-2ff4-4ab8-9283-8b7b39046bcc,1982-01-15,,999-78-4950,S99938871,X57810749X,Ms.,Minna389,Haag279,,,S,white,nonhispanic,F,Worcester  Massachusetts  US,1063 Osinski Parade Suite 21,Rochester,Massachusetts,Plymouth County,,41.7365572910662,-70.82602572516956,836501.43,8951.3
a8ac8632-c11f-4d6b-923a-7dd062cc9c7b,1924-11-16,2015-05-11,999-17-9689,S99942843,X19680642X,Mr.,Deshawn686,Koepp521,,,M,white,nonhispanic,M,Brockton  Massachusetts  US,532 Sanford Ranch Suite 29,Medford,Massachusetts,Middlesex County,2145.0,42.40360274272651,-71.11367615918714,1567532.67,8508.439999999999
6e140ba5-498e-4b1b-849d-cbe381e57d11,2016-08-05,,999-66-5565,,,,Lelia627,Abbott774,,,,white,nonhispanic,F,Boston  Massachusetts  US,217 Heller Mission,Gloucester,Massachusetts,Essex County,,42.61757068847009,-70.7060625684197,78759.27,1697.4
a2cdf962-8c5b-4733-ac6e-6d201b293c02,1973-04-20,2019-08-30,999-87-5581,S99991600,X36007505X,Mr.,Emery884,Mueller846,,,S,white,nonhispanic,M,Barnstable  Massachusetts  US,976 Schamberger Fork Apt 76,South Hadley,Massachusetts,Hampshire County,,42.27860933206128,-72.5844385670817,142736.76,4990.25
447a5819-f006-4a5b-b056-361619730323,1936-11-24,,999-56-9762,S99956303,X87363351X,Mrs.,Debbie941,Toy286,,Mayert710,M,black,nonhispanic,F,Stow  Massachusetts  US,269 Zieme Gateway,Whitman,Massachusetts,Plymouth County,,42.118771559177794,-70.94867201814007,1581630.14,34129.55
5b3370e8-344c-4400-a514-e4ccf298cb3d,1924-11-16,,999-68-8784,S99934926,X87749761X,Mr.,Nolan344,Satterfield305,,,S,white,nonhispanic,M,Westwood  Massachusetts  US,545 Shields Well Unit 50,Medford,Massachusetts,Middlesex County,2145.0,42.437977017434925,-71.14514943774348,1738229.98,10530.8
e04c8298-f9cf-40c5-b946-defd453ceafe,2007-04-23,,999-34-2764,,,,Velma961,Trantow673,,,,white,hispanic,F,Northampton  Massachusetts  US,1063 Leuschke Fort,Peabody,Massachusetts,Essex County,,42.56049613977832,-70.94049666180986,318783.89,3418.96
0d59f625-f2a9-4f63-b74c-4ce84800553b,1968-08-05,,999-65-7975,S99939752,X23968050X,Ms.,Dawna21,Christiansen251,,,S,white,nonhispanic,F,Lawrence  Massachusetts  US,728 Baumbach Key Unit 20,Fall River,Massachusetts,Bristol County,2790.0,41.617811246718674,-71.05867506846461,1106164.38,8268.599999999999
bf03984b-82f1-4af7-8275-e8c1051eb9c4,1932-06-09,,999-23-1641,S99940497,X57337128X,Mrs.,Meg231,Schroeder447,,Fay398,M,asian,nonhispanic,F,Pittsfield  Massachusetts  US,686 Treutel Forge,Hanover,Massachusetts,Plymouth County,,42.15212751339181,-70.80846755384832,864685.25,17326.079999999998
e574af7c-9402-45bc-80c2-231dafc69061,1963-03-16,,999-83-8274,S99916498,X69306622X,Mr.,Marcos263,DuBuque211,,,M,white,nonhispanic,M,Worcester  Massachusetts  US,173 Effertz Common Apt 78,Fitchburg,Massachusetts,Worcester County,1420.0,42.56491399437581,-71.80913209378532,1360334.74,9203.24
88b35dc7-ba07-4ca7-9a0a-d7a1937b6476,1986-07-03,,999-79-5011,S99914279,X57646378X,Mr.,Alfonso758,Prosacco716,,,S,white,nonhispanic,M,Dalton  Massachusetts  US,956 Ebert Passage Suite 64,Marlborough,Massachusetts,Middlesex County,,42.31629186312746,-71.54263439223973,780475.02,4233.8
4b9f19f9-fa04-4bf3-9f0c-45de22c6a9ac,1940-01-28,2011-08-15,999-28-2311,S99971594,X84762839X,Mr.,Elliott563,Mohr916,,,M,white,hispanic,M,Westborough  Massachusetts  US,891 Kiehn Wynd,Attleboro,Massachusetts,Bristol County,,41.9341193646608,-71.25420204424454,1587248.96,8650.26
2171ef85-cc2a-4c0c-91e3-7b4a542cc2fc,1988-01-15,,999-56-1419,S99919916,X8069919X,Mrs.,Marisol435,Chacón810,,Esquibel766,M,white,hispanic,F,Juarez  Chihuahua  MX,898 Kovacek Plaza,Holden,Massachusetts,Worcester County,,42.33520706054293,-71.82381627090241,699583.03,4965.57
8f30e459-c993-420a-ba7c-fc9a1b22d952,2007-04-19,,999-15-9230,,,,Dexter530,McClure239,,,,white,nonhispanic,M,Brewster  Massachusetts  US,119 Abernathy Rest,Belmont,Massachusetts,Middlesex County,2472.0,42.407735851679774,-71.19161134478617,269384.46,3136.48
8e425b85-3700-4397-9523-29ebd4d53357,1980-11-28,,999-80-4342,S99941731,X81708427X,Mrs.,Margorie48,Hammes673,,Bechtelar572,M,white,nonhispanic,F,Tewksbury  Massachusetts  US,882 Wunsch Fort,Boston,Massachusetts,Suffolk County,2114.0,42.32119335409392,-71.02184805723307,899875.4,7150.159999999999
495ad4ba-ef12-4121-951d-ff19a1f5982b,2008-12-07,,999-23-3179,,,,Doretha289,Gottlieb798,,,,white,nonhispanic,F,Reading  Massachusetts  US,978 Lubowitz Fork Unit 73,Methuen,Massachusetts,Essex County,,42.71520829282186,-71.19479926471101,279763.41,3417.28
ce8cae24-ef38-44ca-baa9-2d9df6cdd9b3,1980-06-04,,999-57-4223,S99969970,X44015077X,Mr.,Ozzie259,Stracke611,,,M,white,nonhispanic,M,Haverhill  Massachusetts  US,666 Langworth Path Suite 35,Lowell,Massachusetts,Middlesex County,1851.0,42.675601981796575,-71.31784421289088,915446.67,3119.68
97fd853b-2eee-4238-95ea-b6746c395a8a,1960-06-12,,999-27-5812,S99947515,X13711572X,Mr.,Darell496,Mraz590,,,S,white,nonhispanic,M,Tyngsborough  Massachusetts  US,895 Schmidt Viaduct Unit 88,Dunstable,Massachusetts,Middlesex County,,42.71275153031412,-71.54431550336365,1300682.14,4948.81
b8048e69-0d34-4d76-8639-fb2952f290f3,1982-05-11,,999-28-9536,S99968054,X20243958X,Ms.,Yuki258,Carter549,,,S,white,nonhispanic,F,Wakefield  Massachusetts  US,125 Marvin Way,Dudley,Massachusetts,Worcester County,,42.053118709936506,-71.96674401607939,866618.97,7175.159999999999
2b05d02e-0750-4d46-980f-7a32cab06340,1940-01-28,2008-09-17,999-78-1531,S99929592,X39050506X,Mr.,Sterling124,Hayes766,,,S,white,hispanic,M,Chicopee  Massachusetts  US,589 Heller Fort,Attleboro,Massachusetts,Bristol County,2861.0,41.89996033410898,-71.34478120861202,1765043.79,313136.51000000007
c2186c03-95ce-4350-8aad-eb179dd6b76b,1976-04-03,,999-26-6679,S99987835,X66177473X,Ms.,Caryl47,Durgan499,,,S,white,nonhispanic,F,Quincy  Massachusetts  US,1019 Tremblay Fork,Reading,Massachusetts,Middlesex County,1867.0,42.55434526322863,-71.13460016917985,850999.8,9865.679999999998
f33b8fff-97f8-46c6-950e-f969b525b700,1972-03-13,,999-22-1992,S99963663,X79870543X,Mrs.,María Cristina383,Matos876,,Aguayo104,M,white,hispanic,F,Caracas  Capital District  VE,600 Schmeler View Unit 53,Brockton,Massachusetts,Plymouth County,,42.11854047505012,-71.00768539895392,65143.2,2708.0799999999995
03e29a4e-e28f-4b4e-ad7c-2ddf5a6ded35,1964-03-25,,999-57-1650,S99972859,X14548098X,Ms.,Whitley172,Kautzer186,,,S,white,nonhispanic,F,Pembroke  Massachusetts  US,905 Zulauf Promenade Suite 35,Cambridge,Massachusetts,Middlesex County,2138.0,42.40719491116447,-71.17153649576679,1201184.58,13977.55
eccc0aa9-a160-4e27-a795-a843d84a775f,1996-05-07,,999-15-5355,S99972610,X17706350X,Ms.,Jenelle653,Cartwright189,,,,white,nonhispanic,F,Webster  Massachusetts  US,650 Kulas Trace Suite 9,Granby,Massachusetts,Hampshire County,1033.0,42.230622502063646,-72.45861612442847,496209.59,3745.48
8c807438-0a76-45ce-bbd4-1820f00bf947,1979-10-29,,999-31-9452,S99940788,X26770685X,Mr.,Grover559,Lemke654,,,M,white,nonhispanic,M,Holliston  Massachusetts  US,686 Ebert Trafficway Suite 46,Easton,Massachusetts,Bristol County,,42.034940657714486,-71.13911087163461,887009.62,6820.039999999998
1d71ce7a-7823-47a0-87e2-7985c30342d0,1924-11-05,1998-11-17,999-89-3290,S99917894,X69916995X,Mrs.,Tanya49,Schinner682,,Koelpin146,M,white,nonhispanic,F,Boston  Massachusetts  US,624 Parisian Camp,Weymouth,Massachusetts,Norfolk County,2191.0,42.18565000548441,-70.91548760390305,1381728.34,20449.01
b577c740-04ba-4b45-8176-e9080fb648d0,1956-08-30,2018-01-04,999-18-2971,S99933118,X3168451X,Mrs.,Deborah357,Crist667,,Parisian75,M,white,nonhispanic,F,Somerville  Massachusetts  US,455 Bernier Port,Orange,Massachusetts,Franklin County,1364.0,42.62203250280686,-72.26917999503972,1335371.69,7128.569999999999
76ae3694-bbfd-4606-9c0c-69dc4eeb2ff9,1956-08-30,,999-20-5644,S99967728,X63694797X,Mrs.,Andree11,Lueilwitz711,,Baumbach677,M,white,nonhispanic,F,Northfield  Massachusetts  US,134 Dare Plaza,Orange,Massachusetts,Franklin County,,42.60940800970851,-72.32528262010968,1416440.43,13506.88
4645e804-a17c-4273-8902-25f0bf89d1be,2010-12-25,,999-10-4019,,,,Kathi607,Stehr398,,,,white,nonhispanic,F,Quincy  Massachusetts  US,442 Schaden Crossing Apt 37,Auburn,Massachusetts,Worcester County,,42.16196332615756,-71.83587104441824,204240.13,2920.64
b296420a-696c-4649-be4e-2b0b3a7c5435,1999-11-25,,999-92-7331,S99920218,X18222388X,Mr.,Raymundo71,Schinner682,,,,white,nonhispanic,M,West Boylston  Massachusetts  US,438 Bosco Byway,North Andover,Massachusetts,Essex County,,42.65412566386965,-71.04490787980097,425535.41,6054.319999999998
f9f24fa7-4e50-48ec-8346-598b6bf1f5de,1994-02-23,,999-18-2893,S99926174,X30863079X,Ms.,Susana117,Montañez267,,,,white,hispanic,F,Kingston  Kingston  JM,153 Kub Mill Apt 40,Boston,Massachusetts,Suffolk County,2127.0,42.32351495826408,-71.04742463704798,644526.45,4127.16
e16ae0c4-0e27-4c1b-9f4b-78bf83d344fa,1980-07-12,2016-03-12,999-75-2391,S99912289,X68084583X,Mr.,Taylor21,Ziemann98,,,M,white,nonhispanic,M,Westford  Massachusetts  US,684 Stokes Union Apt 78,Sudbury,Massachusetts,Middlesex County,,42.402628349635066,-71.4221060560898,737346.79,3503.8
fc31df0d-cf83-43c5-bc0c-1b66bcbf5a48,1991-10-23,,999-53-5260,S99976229,X32774895X,Mrs.,Tambra47,Dibbert990,,Klocko335,M,white,nonhispanic,F,Ware  Massachusetts  US,583 Littel Trailer,New Bedford,Massachusetts,Bristol County,2740.0,41.529645441202845,-70.98098449754059,46816.01,2313.3
eb9b95da-a460-4e9c-9670-7006bf3b4c1d,1950-09-20,,999-85-2516,S99916349,X25825290X,Mrs.,Josephine273,Witting912,,Lind531,M,white,nonhispanic,F,Rochester  Massachusetts  US,611 Stiedemann Ferry Apt 9,Auburn,Massachusetts,Worcester County,,42.196558803065344,-71.85207241391389,1373350.66,9855.56
77defdb7-ed7e-4de3-88b0-9a7836e6eaab,1916-06-18,1978-01-04,999-75-9546,S99963582,X87502982X,Mr.,Brooks264,McCullough561,,,M,black,nonhispanic,M,Acton  Massachusetts  US,427 Waters Spur,Dedham,Massachusetts,Norfolk County,,42.234850471555816,-71.13527028692918,1264382.53,3539.5199999999995
992dc0bc-5c92-48d0-859e-7e1e67351dba,1973-06-27,,999-60-4000,S99995539,X69078336X,Mrs.,Audry167,Dicki44,,Schaden604,M,asian,nonhispanic,F,Westborough  Massachusetts  US,1091 O'Kon Annex Suite 70,Worcester,Massachusetts,Worcester County,1545.0,42.33020364135163,-71.81389824251681,1004079.67,16551.399999999998
0077effd-1123-49b2-9f46-aedfcf9f4859,2002-06-19,,999-75-1478,S99991516,,,Alyssa971,Nienow652,,,,black,nonhispanic,F,Framingham  Massachusetts  US,508 Bergstrom Parade,Topsfield,Massachusetts,Essex County,1983.0,42.61855421246745,-70.98560586657361,460317.62,3606.4
3a15b508-9fa8-4eff-839c-805cb44f4c9a,1935-11-22,2020-03-21,999-52-3944,S99979369,X80672337X,Mr.,Luke971,Hoppe518,,,M,white,nonhispanic,M,Shrewsbury  Massachusetts  US,892 Fay Park,Townsend,Massachusetts,Middlesex County,1469.0,42.65342152080774,-71.72749532507683,1785632.17,13870.88
f952a153-e8fb-458b-8f80-0ae4a27f6708,1992-02-27,,999-91-5436,S99940384,X75052881X,Mr.,Rupert654,Murazik203,,,S,white,nonhispanic,M,Marlborough  Massachusetts  US,1053 Green Fork Suite 3,Wakefield,Massachusetts,Middlesex County,1940.0,42.54519382253228,-71.0282976812299,687290.67,8822.46
00f0a868-a8a6-4cf5-9ef0-504edca1befb,1985-04-06,,999-72-2329,S99976308,X28778539X,Mr.,Wade235,Harvey63,,,M,white,nonhispanic,M,Boston  Massachusetts  US,489 Becker Tunnel,New Bedford,Massachusetts,Bristol County,,41.61507399783833,-70.9985347778929,115142.19,28337.86
503892db-621e-4187-9d0b-4ea7236a7a0d,1959-12-01,,999-54-9743,S99939911,X40388488X,Ms.,Coretta598,Schuppe920,,,S,white,nonhispanic,F,Seekonk  Massachusetts  US,558 Weimann Well,Auburn,Massachusetts,Worcester County,,42.20707459938392,-71.83603576945829,1340101.07,12132.89
d8989a1f-3f5e-4682-a372-92cf99f362fa,1959-12-27,,999-49-7635,S99982963,X75179310X,Mr.,George991,Hahn503,,,S,white,nonhispanic,M,Berkley  Massachusetts  US,847 Bechtelar Meadow,New Bedford,Massachusetts,Bristol County,2747.0,41.70888496213906,-70.91546083820815,188698.54,15610.98
671c54f8-b9d7-43b3-93c5-55a81c3f2aed,2003-10-10,,999-72-4960,S99973620,,,Marcel580,Hudson301,,,,white,nonhispanic,M,Hanover  Massachusetts  US,627 Kuphal Lodge,Brookline,Massachusetts,Norfolk County,,42.29683698269409,-71.10751969661574,424874.57,7668.519999999999
d28846bc-424a-4b78-a38d-961f7ae416c1,1935-11-22,2020-03-24,999-21-7641,S99942848,X58415709X,Mr.,Tory770,Schuster709,,,M,white,nonhispanic,M,Worcester  Massachusetts  US,824 Tromp Rapid Apt 54,Townsend,Massachusetts,Middlesex County,1469.0,42.67439673779736,-71.7098494435543,1476793.13,22756.55
1df9925f-d740-44a4-a5d7-33c1e5383138,1976-07-07,,999-91-5064,S99936343,X13524435X,Mrs.,Cristen212,Funk324,,Gorczany269,M,white,nonhispanic,F,Lancaster  Massachusetts  US,517 Crist Camp,North Brookfield,Massachusetts,Worcester County,1535.0,42.22053727752441,-72.08602043183166,958399.24,7877.409999999999
616a1b74-a1e3-4573-815d-217cd752f346,2001-11-14,,999-94-8472,S99931232,,Mr.,Edwardo860,Torp761,,,,white,nonhispanic,M,Danvers  Massachusetts  US,1093 Effertz Gate Suite 28,Plymouth,Massachusetts,Plymouth County,,41.899805353019495,-70.68009284983827,492373.93,2772.32
0e51f3c5-3bb4-4df4-a7bc-aa9905404d87,1978-04-17,,999-80-8846,S99963753,X63690396X,Ms.,Argentina169,Greenfelder433,,,S,white,nonhispanic,F,Wareham  Massachusetts  US,713 Schuppe Trail,Amesbury,Massachusetts,Essex County,,42.837088158680864,-70.96550602360169,970449.17,9702.679999999998
6d5d3c05-1fb9-419a-b419-6c1788c1508e,1993-08-08,,999-61-3322,S99985743,X64095989X,Mr.,Tyron580,Heaney114,,,,white,hispanic,M,Leominster  Massachusetts  US,342 Goodwin Trail Unit 14,Somerville,Massachusetts,Middlesex County,2155.0,42.39574367609176,-71.14587275962629,621212.5,7605.919999999998
29ee8c24-596e-4d55-9895-211331f8331e,1970-01-06,,999-26-9118,S99959780,X8828322X,Ms.,Veta780,Gleichner915,,,S,white,nonhispanic,F,Gardner  Massachusetts  US,558 Stiedemann Street Suite 49,Gloucester,Massachusetts,Essex County,,42.5905020990962,-70.69735437255025,1015050.25,8355.759999999998
2d650230-d9e7-4874-ac1c-73e77ca6e5cc,1972-04-11,,999-46-4942,S99970186,X24079597X,Ms.,Jeanice469,Shields502,,,S,black,nonhispanic,F,Worcester  Massachusetts  US,840 Pacocha Highlands Apt 62,Franklin,Massachusetts,Norfolk County,,42.10436063029599,-71.38197174169137,1064940.52,11731.919999999998
03a28a44-f999-4c4b-a13d-25162bdcf40f,1981-01-08,,999-89-4902,S99942065,X30085091X,Mrs.,Trudy596,Yundt842,,Bernier607,M,white,nonhispanic,F,Holden  Massachusetts  US,143 McCullough Trail,Pittsfield,Massachusetts,Berkshire County,1201.0,42.415382655375794,-73.26708114065023,877558.42,5443.639999999999
bc9a09b1-eb6c-4096-b4c6-ad168004e3f4,1990-03-29,2013-10-24,999-19-7756,S99968288,X49935777X,Ms.,Lavina533,Dickens475,,,,white,nonhispanic,F,Holyoke  Massachusetts  US,376 Runolfsson Manor,Boston,Massachusetts,Suffolk County,2113.0,42.31865072715976,-71.03550650608956,531885.24,4836.999999999999
a911addc-6bdf-4bcc-b055-760eef817e0e,1973-04-05,,999-21-2457,S99943639,X6892862X,Mrs.,Arlena205,D'Amore443,,VonRueden376,M,white,nonhispanic,F,Boston  Massachusetts  US,944 Bauch Dam,Everett,Massachusetts,Middlesex County,2148.0,42.44749612413781,-71.06528292138775,1203111.27,3963.0
73e4cc08-cca3-46d1-92ab-31c036e1e0a1,1942-04-16,,999-10-2536,S99967114,X59448564X,Mrs.,Ashly243,Hermiston71,,Prohaska837,M,white,nonhispanic,F,Danvers  Massachusetts  US,648 Dach Crossing Apt 43,Yarmouth,Massachusetts,Barnstable County,,41.68197976106589,-70.18403874951062,1511507.28,29614.82
d43144e9-2917-4487-8157-fff5ca259d70,1980-03-10,,999-43-6227,S99987915,X84113289X,Mr.,Jonathon205,Fay398,,,M,white,nonhispanic,M,Waltham  Massachusetts  US,297 McKenzie Club Suite 36,New Bedford,Massachusetts,Bristol County,2746.0,41.681894374333964,-70.88524515782535,827356.12,3152.96
72520034-e98e-4178-b88e-8763ac78c179,1965-12-25,,999-64-2876,S99929999,X59263099X,Mrs.,Jacqulyn231,Jacobs452,,Kuphal363,M,white,nonhispanic,F,Springfield  Massachusetts  US,487 Lesch Annex,New Bedford,Massachusetts,Bristol County,2746.0,41.724729347132325,-70.95212352437493,181327.25,45112.85
c4264478-f7b4-42f2-a298-20802ca80cc3,1973-01-15,,999-97-5673,S99964140,X86245638X,Mr.,Abram53,Howell947,,,M,white,nonhispanic,M,Boston  Massachusetts  US,135 Carter Harbor Suite 15,Spencer,Massachusetts,Worcester County,1562.0,42.27735923887074,-71.98213544394922,981698.51,4315.4
ef15424f-eb92-4eec-bac6-1234dfab8e4e,1971-09-11,,999-71-8165,S99931869,X67838308X,Mrs.,Livia401,Barton704,,Lockman863,M,white,nonhispanic,F,Methuen  Massachusetts  US,344 Quigley Branch,Gloucester,Massachusetts,Essex County,1930.0,42.5956203504881,-70.73000999662244,1040973.26,14649.479999999998
a3efe791-bbc7-459d-900b-ac64e2089b03,1963-07-10,,999-18-5441,S99943389,X38789441X,Mrs.,Tracey100,Nicolas769,,Romaguera67,M,black,nonhispanic,F,Everett  Massachusetts  US,217 Cummings Camp,Boston,Massachusetts,Suffolk County,2114.0,42.27286424986809,-71.20796950601665,1230566.6800000002,9003.58
5081f55f-bb7d-498b-ad3c-c453a0fc6af8,1993-04-22,,999-62-2211,S99918689,X59845802X,Mr.,Fidel864,Corkery305,,,S,white,nonhispanic,M,Lenox  Massachusetts  US,1009 Ledner Bridge Unit 29,Bridgewater,Massachusetts,Plymouth County,2324.0,42.00645448233785,-70.95947448449911,87372.88,15441.91
12edbda5-3423-4e9e-a266-4ae302ea78fd,1916-06-18,1995-12-31,999-26-9812,S99922893,X47968353X,Mr.,Jonas187,Prosacco716,,,M,black,nonhispanic,M,Medway  Massachusetts  US,240 Hegmann Trail,Dedham,Massachusetts,Norfolk County,2090.0,42.27022245633548,-71.22694770855064,1537447.43,9996.4
1ff458f5-9093-43e9-8368-5c7acd9820a7,1949-03-23,,999-23-6035,S99976713,X84281036X,Mrs.,Rosina706,Kozey370,,Ebert178,M,black,nonhispanic,F,Ashburnham  Massachusetts  US,860 Oberbrunner Approach,Boston,Massachusetts,Suffolk County,2199.0,42.3210617189581,-71.06016006065188,1599331.56,10051.86
e4fe1a56-de01-4fa5-8c5b-d669862a114c,1954-02-15,,999-41-3400,S99968974,X83954762X,Mrs.,Felicidad691,Weissnat378,,Wiegand701,M,white,nonhispanic,F,Lancaster  Massachusetts  US,542 Hand Road,Wakefield,Massachusetts,Middlesex County,,42.559218296888126,-71.03008606553713,228612.52,63297.22
06fe76be-dd4c-4d4f-9d8d-426166d7519a,1940-07-15,,999-14-6054,S99910820,X79458841X,Mr.,Wilbur107,Hane680,,,M,white,nonhispanic,M,North Attleborough  Massachusetts  US,999 O'Conner Crossing,Medfield,Massachusetts,Norfolk County,,42.19415615556406,-71.29651676628319,1851770.94,105871.13999999998
df48d3b3-4ae9-46e9-bac3-cef2c8952d74,1994-10-16,,999-20-2079,S99925152,X75450439X,Ms.,Wai719,Zemlak964,,,,white,nonhispanic,F,Peabody  Massachusetts  US,545 Reichel Well Unit 84,New Bedford,Massachusetts,Bristol County,,41.70044484471353,-70.97429728523156,80805.03,6440.16
a457c1f3-1fa0-4603-9488-303943b2d8c8,1933-04-16,2020-03-13,999-32-9150,S99979962,X82436985X,Ms.,Iona921,Emard19,,,S,white,nonhispanic,F,Boston  Massachusetts  US,1086 Kassulke Station Unit 27,Williamstown,Massachusetts,Berkshire County,1267.0,42.66090677685629,-73.24922053864532,130237.17,28352.08
4dd83bb7-a9ba-470e-a563-c098f63594b5,1966-06-15,,999-85-4448,S99927274,X83279258X,Mr.,Brent147,Beier427,,,M,white,nonhispanic,M,Newton  Massachusetts  US,872 Keeling Road Suite 60,Chelmsford,Massachusetts,Middlesex County,,42.58633576302344,-71.35896056059006,1236529.7,4830.36
2f06343a-0fb3-4ee2-80af-ca2efddfcc7a,1985-08-06,,999-38-5358,S99948384,X55802500X,Mr.,Carl856,Lueilwitz711,,,S,asian,nonhispanic,M,Incheon  Incheon  KR,952 Vandervort Path,Worcester,Massachusetts,Worcester County,1603.0,42.18206651338751,-71.83761772988039,848026.0,4304.599999999999
8c23ab05-cb65-41d9-ad62-8f4e73cd6021,1980-08-21,,999-50-8708,S99999113,X13351515X,Ms.,Caprice565,Casper496,,,S,white,nonhispanic,F,Foxborough  Massachusetts  US,126 Herzog Divide Unit 49,Boston,Massachusetts,Suffolk County,2110.0,42.362341054499005,-71.14866924007359,794408.91,13133.469999999998
72264de8-9720-41da-ae8c-2f1754df402f,1925-07-07,2004-01-26,999-24-9344,S99994514,X32327124X,Mr.,Brendon298,Fay398,,,M,white,nonhispanic,M,Brockton  Massachusetts  US,755 Mraz Fort,Bourne,Massachusetts,Barnstable County,,41.78125674886777,-70.55408577198638,1770605.31,6768.599999999999
64c3a318-f876-44fc-9a89-07a4601b95b7,1961-12-01,,999-68-6575,S99953462,X32188049X,Mrs.,Cheryll577,Brakus656,,Barrows492,M,white,nonhispanic,F,Waltham  Massachusetts  US,419 Jacobson Mission,Seekonk,Massachusetts,Bristol County,,41.8246689022299,-71.3082606096496,1243030.36,10198.38
109ad06b-4171-45c8-9bfb-0bddcd6e26bd,1964-08-04,,999-48-4135,S99973758,X70370993X,Mrs.,Phung894,O'Connell601,,Bernier607,M,white,nonhispanic,F,Westford  Massachusetts  US,634 Heathcote Track Apt 87,Lynn,Massachusetts,Essex County,1905.0,42.50691869320322,-70.9500183428125,1278751.21,7069.359999999999
827658d0-0512-47c4-b9e9-021a41625394,2015-09-06,,999-90-1580,,,,Dean966,Christiansen251,,,,white,nonhispanic,M,Weston  Massachusetts  US,704 Rowe Route Apt 48,West Springfield,Massachusetts,Hampden County,1089.0,42.13142804219017,-72.60700465212244,120082.48,1955.72
b12b675f-4ca7-40ca-8185-42cb421084cc,1952-10-12,2020-03-02,999-25-1587,S99938579,X43644356X,Mrs.,Bebe406,Effertz744,,Reilly981,M,white,nonhispanic,F,Dracut  Massachusetts  US,136 Marks Passage Suite 52,Braintree,Massachusetts,Norfolk County,2184.0,42.22369942580145,-70.98351067869898,52346.83,1651.23
1f47d39a-80fa-4e53-a382-9237ae00cab9,1983-01-26,,999-84-4043,S99941046,X64730591X,Mrs.,Jon665,Osinski784,,Dicki44,M,native,nonhispanic,F,Revere  Massachusetts  US,284 O'Conner Ville,Weymouth,Massachusetts,Norfolk County,2190.0,42.20244605964002,-70.91935357950966,741553.9500000001,8788.839999999998
d437991b-b530-4ee0-b0e9-321e8adb4924,1986-01-01,,999-45-7840,S99988723,X26360214X,Mrs.,Elina789,Stoltenberg489,,Skiles927,M,white,hispanic,F,Maynard  Massachusetts  US,1085 Schneider Annex,Boston,Massachusetts,Suffolk County,2113.0,42.46576185687872,-71.020219356356,656268.78,4998.599999999999
c6804390-46a5-415a-8d1e-e68bcbb9ba38,1978-09-14,,999-39-3823,S99948732,X12673419X,Mr.,Pablo44,Kreiger457,,,M,white,nonhispanic,M,Monson  Massachusetts  US,561 Crooks Estate,West Bridgewater,Massachusetts,Plymouth County,,41.99771869526976,-70.98216612603794,38174.41,0.0
5d62c9ba-e197-4be3-bb0d-4f034702d8da,2004-05-06,,999-98-9519,S99933448,,,Laurence43,Nikolaus26,,,,white,nonhispanic,F,Wenham  Massachusetts  US,873 Larkin Byway Unit 53,Marlborough,Massachusetts,Middlesex County,1752.0,42.30128219210741,-71.5959312146839,387140.24,3028.96
e4270b7b-d4c9-490e-aea4-c437c77d118d,1993-11-26,,999-22-9023,S99971220,X65474271X,Ms.,Priscilla527,Rath779,,,,white,nonhispanic,F,Hinsdale  Massachusetts  US,258 Reilly Orchard,New Bedford,Massachusetts,Bristol County,2746.0,41.60175980489154,-70.92012448309876,548515.17,3030.52
b12f4d66-a3ac-499a-9f25-441f0553d13a,1967-03-04,,999-13-3837,S99959498,X20394115X,Mrs.,Leticia253,Aparicio848,,Delvalle807,M,white,hispanic,F,Puebla  Puebla  MX,1019 Pagac Green Unit 68,Erving,Massachusetts,Franklin County,,42.59951863257944,-72.43856434705415,1357781.4,6995.24
d07e264f-1904-4d10-bc4f-edf6fa15dd20,1990-03-06,,999-96-1990,S99989960,X59250732X,Mrs.,Deandrea896,Yundt842,,Parker433,M,white,nonhispanic,F,Weymouth  Massachusetts  US,949 Hane Throughway,Lynn,Massachusetts,Essex County,1902.0,42.45855938533085,-70.95255458652737,641846.93,5624.999999999999
22d5d32b-2f03-4070-b56e-6b6b24015c44,1934-06-02,,999-60-2447,S99929927,X60876419X,Mr.,Gabriel934,Altenwerth646,,,M,black,nonhispanic,M,Lawrence  Massachusetts  US,685 Maggio Wynd,Dedham,Massachusetts,Norfolk County,,42.177636763512346,-71.20745982526824,1481184.97,31119.01
322ad9db-61c1-4800-ad01-9a4d860777a5,1955-09-13,,999-57-5702,S99913570,X8786393X,Mrs.,Bernetta267,Dietrich576,,Walsh511,M,native,nonhispanic,F,East Bridgewater  Massachusetts  US,472 Oberbrunner Divide Unit 78,Methuen,Massachusetts,Essex County,,42.70377855843255,-71.18703666381528,1629493.11,9665.509999999998
8b5c3056-1ec9-4048-a8f4-cdb40baa0d65,1956-04-14,,999-11-8470,S99924925,X86417939X,Mrs.,Han309,Swift555,,Goyette777,M,white,hispanic,F,Reading  Massachusetts  US,197 Okuneva Camp,Malden,Massachusetts,Middlesex County,2155.0,42.42266584664122,-71.13602990199271,201477.65,12269.649999999998
025d27ff-c398-4a50-9d09-a25ca48b803d,1956-11-18,2020-03-09,999-27-7500,S99946709,X29497954X,Mr.,Raphael767,Pollich983,,,M,white,nonhispanic,M,Arlington  Massachusetts  US,698 Hoppe Extension Suite 35,Leominster,Massachusetts,Worcester County,,42.48185706184329,-71.7724234452315,197160.63,11875.3
16abdb3d-db1d-4cee-8e1d-f47b8541a059,2011-03-18,,999-30-4913,,,,Elma843,Robel940,,,,white,nonhispanic,F,Milford  Massachusetts  US,1038 Runolfsson Forge,Waltham,Massachusetts,Middlesex County,2453.0,42.398473695157634,-71.25034813420096,233591.94,2878.16
e639a0bd-bdca-425f-9647-71dc2b3e02ae,1922-08-22,2004-04-06,999-88-4738,S99948235,X31382421X,Mrs.,Florida645,Powlowski563,,Rutherford999,M,white,nonhispanic,F,Hingham  Massachusetts  US,1077 Brown Parade Suite 80,Leominster,Massachusetts,Worcester County,1420.0,42.57257314060944,-71.78117479068463,1457877.03,21974.35
e5466711-af51-47cf-ad45-79b488e4e375,1990-08-19,,999-96-6523,S99962245,X34111277X,Mrs.,Winter723,Leannon79,,Crona259,M,white,nonhispanic,F,Westfield  Massachusetts  US,828 Wilkinson Trafficway,Barnstable,Massachusetts,Barnstable County,2637.0,41.69041643576025,-70.31070763113667,699520.12,3914.64
627fb882-1609-4486-bba0-ab6434a43c6b,1948-05-24,,999-65-9455,S99946206,X1034908X,Mrs.,Louanne686,Schmeler639,,Hintz995,M,white,nonhispanic,F,Hopedale  Massachusetts  US,260 Koss Spur,Brookline,Massachusetts,Norfolk County,2467.0,42.33238933906143,-71.1427812430618,1512903.08,12550.79
61477bb7-0350-4014-9f58-985f7158076d,1979-11-07,,999-18-6555,S99925934,X32443519X,Mr.,Wilburn655,Kunde533,,,M,white,nonhispanic,M,Worcester  Massachusetts  US,1033 Bruen Parade,Dedham,Massachusetts,Norfolk County,2090.0,42.20066911611317,-71.14569850174951,834979.37,3595.4
5bdbdda9-5c93-4865-958f-98f6878e343f,1963-05-22,,999-16-3637,S99922891,X22503698X,Mrs.,Shanelle862,Kilback373,,White193,M,white,nonhispanic,F,Fairhaven  Massachusetts  US,1017 Abernathy Ramp,Boston,Massachusetts,Suffolk County,2129.0,42.354510185853485,-71.08096123763401,184676.85,24092.39
471d7632-fd39-451f-843d-9bbea0b1137c,1967-03-02,,999-36-2747,S99923465,X52393452X,Mr.,Landon622,Daugherty69,,,M,white,nonhispanic,M,Malden  Massachusetts  US,621 Donnelly Trailer Apt 26,Worcester,Massachusetts,Worcester County,1603.0,42.26429149914115,-71.7627351899498,1413156.97,3683.88
602a1c88-abb9-4658-b032-afe5dc2876e8,1973-09-19,,999-22-6974,S99970765,X5209662X,Mrs.,Yuri475,Altenwerth646,,Schneider199,M,white,nonhispanic,F,Marlborough  Massachusetts  US,703 Pfannerstill Ferry Unit 62,Dedham,Massachusetts,Norfolk County,2026.0,42.26876452330056,-71.18857559887802,1011002.2,14591.77
3196de08-4c3f-4be7-94ff-ba02c6610c1b,2005-02-27,,999-95-6180,,,,Cyrus914,Raynor401,,,,white,nonhispanic,M,Quincy  Massachusetts  US,804 Mueller Route Apt 18,Boston,Massachusetts,Suffolk County,2134.0,42.30521250083998,-71.14501005897351,46738.66,3575.9
73c55bc8-0ad7-4377-959d-ea642dc69d17,1991-05-02,,999-29-8824,S99974892,X46587082X,Mrs.,Bernadine674,Kilback373,,Abshire638,M,black,nonhispanic,F,Rochester  Massachusetts  US,1035 Hermiston Underpass,Gloucester,Massachusetts,Essex County,,42.59348957200101,-70.71776346849288,93123.64,7465.159999999999
cc5e6489-0476-4e0c-a7c5-592d2f115523,2002-02-08,,999-74-7481,S99938323,,Ms.,Dinah304,Stehr398,,,,white,nonhispanic,F,Springfield  Massachusetts  US,590 Wilderman Fork,Belchertown,Massachusetts,Hampshire County,1007.0,42.23681744545436,-72.38409092454201,485799.35,2827.32
61a2b4b0-a9be-48a1-a4f7-8368efd60dca,2019-08-06,,999-58-6514,,,,Whitney250,McLaughlin530,,,,white,nonhispanic,F,Salisbury  Massachusetts  US,526 Gleason Key Apt 76,Wilmington,Massachusetts,Middlesex County,,42.58265880551474,-71.15985154951626,22516.64,645.8
0051bcde-de63-4bbc-9d32-a20dae549c22,1910-05-28,1951-10-06,999-99-6697,S99999805,X80212315X,Mr.,Lanny564,Pacocha935,,,M,white,nonhispanic,M,Lowell  Massachusetts  US,415 Herzog Corner,Dennis,Massachusetts,Barnstable County,2638.0,41.72385153381569,-70.24610084806159,1062301.82,4287.92
c1b6478a-5ac6-41c9-8b89-c8f632a91d30,1938-10-22,2020-02-16,999-43-8652,S99963179,X59109032X,Mrs.,Ivy932,Lehner980,,Abshire638,M,white,nonhispanic,F,Andover  Massachusetts  US,1039 Monahan Center,Lee,Massachusetts,Berkshire County,,42.32266313665906,-73.25383945097465,1524612.04,11070.95
c5866271-6a30-43dd-9b46-e7ca5a10d709,1922-08-22,2018-05-08,999-83-1972,S99924441,X59940225X,Mrs.,Chassidy418,Kassulke119,,Bruen238,M,white,nonhispanic,F,Warwick  Massachusetts  US,964 Carroll Byway Apt 78,Leominster,Massachusetts,Worcester County,1453.0,42.559559673536334,-71.79417108621351,1537121.45,16503.82
e4b3d901-7705-4eb4-b177-f864ec8c6b1f,1971-07-07,2017-06-26,999-84-3576,S99970835,X23083587X,Mrs.,Madge238,Eichmann909,,Collins926,M,white,hispanic,F,Billerica  Massachusetts  US,616 Flatley Drive Apt 85,Amesbury,Massachusetts,Essex County,1913.0,42.84628340617429,-70.95808549803095,972701.16,12004.86
a81b0fba-b9e9-4886-8c73-1a4731ed2a45,1910-05-28,1986-05-27,999-49-7001,S99921320,X89846473X,Mr.,Otha286,Emard19,,,M,white,nonhispanic,M,Hancock  Massachusetts  US,176 Weissnat Parade Suite 71,Dennis,Massachusetts,Barnstable County,,41.66321420738601,-70.13997316180496,1385566.82,74503.85000000002
830fc1ab-f910-443d-a519-f39f07128537,1954-07-24,,999-24-4561,S99925801,X17934448X,Ms.,Olene159,Mante251,,,S,white,nonhispanic,F,Lawrence  Massachusetts  US,567 Krajcik Forge Unit 59,Kingston,Massachusetts,Plymouth County,2364.0,41.95876178069598,-70.71294940471769,1397365.0,7307.599999999999
c6ef14ec-5976-4a2d-9611-c9629fcc526b,1985-02-14,,999-21-6024,S99931186,X36136241X,Mrs.,Pei116,Ondricka197,,Rice937,M,white,nonhispanic,F,Natick  Massachusetts  US,455 Rogahn Stravenue Suite 69,Braintree,Massachusetts,Norfolk County,,42.18197644999808,-71.01906685489142,762591.21,5981.079999999999
631537da-e328-42ba-9dc4-c2f9e051ed42,1951-02-25,,999-67-3386,S99940992,X71330089X,Mrs.,Elaina826,Labadie908,,Barrows492,M,black,nonhispanic,F,Peabody  Massachusetts  US,664 Homenick Promenade,Leominster,Massachusetts,Worcester County,1420.0,42.62342401531421,-71.83813857656513,1707615.84,13353.48
084cff03-24eb-4bef-a961-29915ae78db1,1971-07-07,,999-25-1852,S99950787,X4786055X,Mrs.,Carry843,O'Reilly797,,Hoppe518,M,white,hispanic,F,Lawrence  Massachusetts  US,619 Parker Station,Amesbury,Massachusetts,Essex County,,42.849371351303056,-70.95363099641192,1169055.22,7530.039999999999
416e5093-ed2f-4ac6-b5e4-ba80f32d9f45,2001-10-07,,999-64-2889,S99912305,,Mr.,Carter549,Jerde200,,,,white,nonhispanic,M,Bridgewater  Massachusetts  US,224 Flatley Skyway,Worcester,Massachusetts,Worcester County,1610.0,42.25041757485234,-71.87693805731386,450534.66,3604.72
f3c7a3ab-01e0-4f25-b43e-f63dc54b46a1,1942-01-19,1991-01-11,999-73-7782,S99997272,X40141090X,Mrs.,Edwina60,Gutkowski940,,Nader710,M,white,nonhispanic,F,Marlborough  Massachusetts  US,1087 Cole Skyway Apt 7,Worcester,Massachusetts,Worcester County,1609.0,42.38945862140868,-71.82703641908435,1087409.77,10290.829999999998
6f10a6d1-f0f6-4825-afa7-ae2a599b181d,1972-05-15,,999-46-7419,S99995762,X83430966X,Mr.,Lauren941,Cartwright189,,,M,white,nonhispanic,M,Billerica  Massachusetts  US,218 Metz Burg,Tyngsborough,Massachusetts,Middlesex County,,42.65373322943459,-71.43996688914439,1047550.23,11564.64
c3251142-56f9-4557-9c34-16e2012755ac,1987-04-12,,999-70-3622,S99922683,X16506620X,Mrs.,Marisa391,Goodwin327,,Barton704,M,asian,nonhispanic,F,Sudbury  Massachusetts  US,476 Hilpert Course,Pepperell,Massachusetts,Middlesex County,,42.68345175086744,-71.63951117784462,740605.38,7493.339999999998
e64cf420-e6c4-4f21-bd9a-13d96423fa1f,1976-07-17,,999-81-3630,S99980943,X38988758X,Mrs.,Sun500,Deckow585,,Pouros728,M,white,nonhispanic,F,Boston  Massachusetts  US,1088 Nienow Union Apt 90,Boston,Massachusetts,Suffolk County,2132.0,42.35978174507428,-71.04889202205058,34659.94,622.4399999999998
6321d8ef-b7d3-4e2c-8bc0-13396aca0f15,1910-05-28,2000-03-21,999-84-2208,S99941122,X33917454X,Mr.,Luther918,Predovic534,,,S,white,nonhispanic,M,Sutton  Massachusetts  US,954 Nolan Forge Suite 43,Dennis,Massachusetts,Barnstable County,2638.0,41.66560964021274,-70.1774180469604,1650463.42,19097.44
80f73a80-20a5-4ddb-9f0b-9198863456b9,1993-10-05,,999-54-9793,S99942715,X44094552X,Ms.,Avery919,McKenzie376,,,,white,nonhispanic,F,Saugus  Massachusetts  US,922 Tremblay Spur Apt 75,Chelmsford,Massachusetts,Middlesex County,,42.63609281037358,-71.39431454399147,538266.82,6488.519999999999
96726555-e6df-49f9-ba30-bf77eac8ce3b,2016-06-21,,999-75-8222,,,,Preston275,Padberg411,,,,white,nonhispanic,M,Marlborough  Massachusetts  US,660 Armstrong Ramp,Brockton,Massachusetts,Plymouth County,,42.12424984768479,-71.0012853730973,12320.5,1895.72
f90949e5-1d6a-4739-800d-b866f429374f,1952-01-11,,999-13-6583,S99911390,X26020374X,Mr.,Antione404,Renner328,,,M,white,nonhispanic,M,Stockbridge  Massachusetts  US,944 Zulauf Dale,Worcester,Massachusetts,Worcester County,1607.0,42.35567342781482,-71.79778012382576,1788603.09,26981.81
eabf5244-6110-46d1-8e8d-12a0cd8e2f2e,1978-10-25,,999-12-1295,S99957793,X60407734X,Mrs.,Larae985,Collier206,,Von197,M,white,nonhispanic,F,Gloucester  Massachusetts  US,1028 Predovic Park,Burlington,Massachusetts,Middlesex County,,42.46344680559591,-71.24086069503456,687027.29,15417.559999999998
8cee1349-a06f-44e9-b588-07757cb43768,1910-05-28,1991-12-16,999-46-5580,S99974788,X60032080X,Mr.,Leonardo412,Daugherty69,,,M,white,nonhispanic,M,Boston  Massachusetts  US,661 Quitzon Loaf Suite 96,Dennis,Massachusetts,Barnstable County,2638.0,41.75257569463414,-70.18448618910837,1460836.38,6437.639999999999
f3ceaa3e-04a1-4eef-b990-8dd2a29ea13f,1983-12-22,,999-43-2048,S99990020,X63997422X,Mr.,Preston275,Denesik803,,,M,white,nonhispanic,M,Dracut  Massachusetts  US,214 Kuhn Ville Unit 18,Cambridge,Massachusetts,Middlesex County,2138.0,42.40743912270589,-71.0747255089615,977163.12,2722.28
ca102114-787a-42b8-aeb8-8ceb847f9da4,1947-09-03,2020-03-25,999-61-8565,S99921229,X54277314X,Mrs.,Leanna255,Langworth352,,Bins636,M,white,nonhispanic,F,Westborough  Massachusetts  US,1060 McClure Walk,Lynn,Massachusetts,Essex County,1907.0,42.43588973508298,-71.01916613789435,1521908.65,18272.56
a0ab35dc-a81a-48b0-bebf-fab1c6965e6b,1958-07-12,,999-12-1171,S99967813,X39429532X,Mr.,Efren426,Zulauf375,,,M,white,nonhispanic,M,Boston  Massachusetts  US,261 Zieme Trail Suite 81,Grafton,Massachusetts,Worcester County,,42.164393043932535,-71.6893604596367,1491542.19,6131.099999999999
a37216b2-70b3-4de5-aab8-18e1cc24e82e,1999-03-17,,999-71-4768,S99974527,X77288094X,Ms.,Kyong970,Marvin195,,,,white,nonhispanic,F,Beverly  Massachusetts  US,180 Koelpin Path,Hamilton,Massachusetts,Essex County,,42.6030992038685,-70.85254598821206,487850.81,3346.4
c2c0f5f7-a448-4423-a707-743e0ef2fd81,1973-02-12,,999-16-4958,S99985303,X11707554X,Mrs.,Deidra675,O'Conner199,,Cruickshank494,M,white,nonhispanic,F,Lawrence  Massachusetts  US,667 Bechtelar Road,Groton,Massachusetts,Middlesex County,1450.0,42.65012543991852,-71.60371530075308,1117633.88,9772.8
60598127-0520-494d-93ec-145402c254c5,1974-11-02,,999-85-6387,S99949573,X6802104X,Mr.,Charles364,Wilkinson796,,,M,white,nonhispanic,M,Wilmington  Massachusetts  US,556 Hodkiewicz Well,Lawrence,Massachusetts,Essex County,1840.0,42.69215210481276,-71.1483564372064,8711.83,0.0
a10693be-acbe-4d35-b92d-5798f478af72,1947-09-03,,999-51-4304,S99979604,X87842525X,Mrs.,Nichol11,Harvey63,,Bashirian201,M,white,nonhispanic,F,West Bridgewater  Massachusetts  US,289 Hartmann Rest Suite 68,Lynn,Massachusetts,Essex County,1901.0,42.50975203835615,-70.89675369474516,1424701.65,8044.24
9e734073-a23f-4aee-b9ad-381f71011172,1958-02-08,,999-97-6596,S99980670,X85706724X,Mr.,Roland928,Windler79,,,M,white,nonhispanic,M,Southbridge  Massachusetts  US,1004 Nader Viaduct Unit 18,Brockton,Massachusetts,Plymouth County,,42.08068835067356,-70.99952464938389,1278500.04,5544.4
5113e51b-8403-4613-95f9-5ab2c10c14eb,1910-05-28,1990-12-16,999-13-5317,S99942869,X65051918X,Mr.,Millard193,Deckow585,,,M,white,nonhispanic,M,Springfield  Massachusetts  US,275 Howe Stravenue,Dennis,Massachusetts,Barnstable County,2638.0,41.72622567164442,-70.1435630134453,1611908.7300000002,108310.27999999996
c32e8467-16f6-4fe6-baf3-e7e5e995678a,1958-10-13,,999-92-3606,S99998468,X80424087X,Mrs.,Daniell603,Harber290,,McCullough561,M,asian,nonhispanic,F,Hanoi  Hà Đông  VN,765 Dicki Manor Unit 94,Dighton,Massachusetts,Bristol County,,41.863295017406976,-71.19684958550015,1361941.39,12304.07
2fed9de8-266d-4d84-b88d-a15c3f0139c1,1977-11-30,,999-79-9875,S99961846,X27046713X,Mrs.,Mozelle144,Hansen121,,Durgan499,M,white,nonhispanic,F,Wilbraham  Massachusetts  US,170 Yundt Way Unit 40,Boston,Massachusetts,Suffolk County,2128.0,42.26233284950101,-71.08262448273933,692463.16,7608.279999999998
bdcdccd6-f333-40e3-b5d6-7657165e5063,1940-09-30,,999-83-4121,S99926541,X75722519X,Mrs.,Elisha578,Gerlach374,,Quitzon246,M,black,nonhispanic,F,Shrewsbury  Massachusetts  US,724 Tillman Road,Boston,Massachusetts,Suffolk County,2109.0,42.2876606203845,-71.06442043649511,1407685.6,165966.93999999997
94bb4efb-5f3b-479f-ba91-6089f452756e,2004-01-12,,999-61-7029,S99949661,,,Alona471,Schroeder447,,,,black,nonhispanic,F,Lowell  Massachusetts  US,160 Fisher Well,Boston,Massachusetts,Suffolk County,2163.0,42.35866669562443,-71.19657087757037,50971.44,3657.24
8310c11c-8744-4d65-b91a-d3d6373051a8,1971-09-30,,999-43-4600,S99910579,X82074411X,Mr.,Greg949,Willms744,,,S,white,nonhispanic,M,Taunton  Massachusetts  US,124 Weber Heights,Charlton,Massachusetts,Worcester County,,42.15102390976274,-71.9815806138881,1002943.9,6428.359999999999
581e3e4e-726e-4f41-aa01-12ea15e12559,1977-03-24,,999-59-6870,S99985731,X43320831X,Mr.,Kermit56,Gottlieb798,,,M,white,nonhispanic,M,Reading  Massachusetts  US,643 Beatty Neck Apt 99,Milton,Massachusetts,Norfolk County,,42.27126995733232,-71.06381724160529,1155669.37,4552.16
c90b8143-df46-43da-9271-d9d8794eaa6b,1972-06-26,,999-17-7258,S99939597,X8298590X,Mrs.,Sarita454,Greenholt190,,Gaylord332,M,white,hispanic,F,Gloucester  Massachusetts  US,469 Stamm Mall Unit 66,Boston,Massachusetts,Suffolk County,,42.350528281578,-71.10801246148661,996587.94,17299.76
7188448e-a024-47df-abd5-333c3d9d451f,1910-05-28,1995-09-17,999-94-1495,S99963381,X15740699X,Mr.,Alex454,Gusikowski974,,,M,white,nonhispanic,M,Lawrence  Massachusetts  US,884 Schoen Ville,Dennis,Massachusetts,Barnstable County,,41.747937150586935,-70.17154457879775,1629938.49,11817.47
9be00452-8b1a-4c6f-873e-c666734fb5e6,1972-03-18,1988-05-14,999-47-4522,S99934246,,,Marcel580,Gulgowski816,,,,white,nonhispanic,M,Boston  Massachusetts  US,666 Cummerata Divide,Brockton,Massachusetts,Plymouth County,2301.0,42.05095578288566,-71.03716965013552,434160.11,1854.0
c7edd103-6276-4463-aeb2-fe287d3f9204,1912-08-03,1970-09-12,999-58-7187,S99981516,X241335X,Mr.,Hilton264,Strosin214,,,S,white,nonhispanic,M,Arlington  Massachusetts  US,935 Johnson Port Suite 82,Attleboro,Massachusetts,Bristol County,2861.0,41.91380460500631,-71.36015034486792,1579157.76,7140.969999999999
f93c04a1-b7b2-420d-9545-feab6d7dd1f0,1941-06-30,,999-48-3918,S99989041,X14539634X,Mr.,Saul605,Hessel84,,,M,black,nonhispanic,M,Boston  Massachusetts  US,419 Goodwin Passage,Boston,Massachusetts,Suffolk County,2125.0,42.386325907481485,-71.0426370008003,280020.99,189014.7500000003
9bf74b6e-ca03-4b8f-ae3f-ac7938936d5c,2018-02-09,,999-28-7459,,,,Harold594,O'Kon634,,,,white,nonhispanic,F,Easton  Massachusetts  US,482 Gleason Lodge Suite 81,Newton,Massachusetts,Middlesex County,2467.0,42.29049203145354,-71.18986134648092,58926.61,1300.76
59beb0a8-be45-4282-ae7c-4597e2516816,1962-01-02,,999-38-2539,S99979981,X30872038X,Mr.,Harvey63,Konopelski743,,,M,white,nonhispanic,M,Quincy  Massachusetts  US,1007 Morar Trail Apt 53,Holland,Massachusetts,Hampden County,1521.0,42.08290283778087,-72.17556398142489,1267102.98,5809.719999999999
207071f9-8af9-47c5-9786-f405614eb2ff,1977-01-30,,999-63-5569,S99931830,X35947359X,Ms.,Phyllis779,Balistreri607,,,S,white,nonhispanic,F,Wilbraham  Massachusetts  US,490 Predovic Junction,Douglas,Massachusetts,Worcester County,,42.070120640262864,-71.73029022789896,926013.4,6274.319999999999
58252da2-61ce-42f9-a1e7-88f0825c3e06,2005-11-25,,999-31-4124,,,,Elvera717,Feest103,,,,white,nonhispanic,F,Southbridge  Massachusetts  US,796 Hane Fork,Shrewsbury,Massachusetts,Worcester County,,42.28035755901863,-71.70599604738844,296663.28,3283.96
50f3a7a2-77df-455e-85c9-1e0632b52423,1976-12-27,,999-92-6705,S99975444,X54355212X,Mr.,Jasper743,Stoltenberg489,,,M,black,nonhispanic,M,Malden  Massachusetts  US,1056 Schuppe Harbor,Halifax,Massachusetts,Plymouth County,,42.008096401741874,-70.84268708993707,1160676.03,4552.16
2fb2e800-aaa8-4de9-87f7-83bdb4c93e81,1955-01-05,,999-73-9148,S99980795,X6206679X,Mr.,Ignacio928,Nikolaus26,,,M,white,nonhispanic,M,Brookfield  Massachusetts  US,1030 O'Kon Loaf,Holbrook,Massachusetts,Norfolk County,2368.0,42.0974686781078,-70.95115935086517,1589285.04,8659.199999999999
0de629ab-dce6-4f1b-b9fa-070532e28443,2003-03-11,,999-43-9734,S99930465,,,Bernetta267,Botsford977,,,,white,nonhispanic,F,Brookfield  Massachusetts  US,1048 Purdy Mews,Sterling,Massachusetts,Worcester County,,42.42191776657391,-71.74845873380046,53341.81,2716.48
10b3e6a4-40b1-4ef0-b60f-54148f9eb8d5,1949-03-22,,999-53-8988,S99953846,X73790474X,Mrs.,Lindsy319,Lebsack687,,Hessel84,M,white,nonhispanic,F,Dartmouth  Massachusetts  US,407 Bashirian Underpass Apt 48,Fitchburg,Massachusetts,Worcester County,,42.5618715800508,-71.7914621283361,1435020.53,8997.48
9602c0ba-03e1-4f9f-b9b4-a6cab0e571cd,1991-05-24,,999-62-7827,S99975352,X49795646X,Mrs.,Loyce848,Stehr398,,Hamill307,M,asian,nonhispanic,F,Lowell  Massachusetts  US,312 Kiehn Skyway Unit 46,Boston,Massachusetts,Suffolk County,2199.0,42.3108365648096,-71.0975223700235,736615.09,4753.969999999999
70ab5781-6590-4404-af63-c873432b0c0b,1976-12-29,1991-05-01,999-94-3071,,,,Grace552,McKenzie376,,,,white,nonhispanic,F,Natick  Massachusetts  US,981 Kub Mall,Marblehead,Massachusetts,Essex County,1945.0,42.49982254978464,-70.90150380259018,363256.62,2351.44
1e824ac2-6556-4e09-bbb4-f4116b8f6781,2013-10-20,,999-71-5615,,,,Stuart913,Flatley871,,,,white,nonhispanic,M,Boston  Massachusetts  US,844 Turcotte Passage Suite 10,Revere,Massachusetts,Suffolk County,,42.43931858736601,-70.99077883536373,146213.19,2156.53
88f34af2-242b-4931-aaa0-13e18b74cdf4,1915-08-22,1980-09-06,999-79-6375,S99983218,X31459037X,Mr.,Leo278,Buckridge80,,,S,white,nonhispanic,M,Chelmsford  Massachusetts  US,424 Hermann Promenade Suite 28,Springfield,Massachusetts,Hampden County,1108.0,42.00605330999033,-72.60172482295802,1571307.79,6697.639999999999
0688b5b6-1ee4-4ebf-a809-8a4dd3c86f00,1970-04-14,,999-39-9372,S99958195,X28588717X,Mrs.,Shakia673,Goldner995,PhD,Gorczany269,M,white,nonhispanic,F,Stow  Massachusetts  US,817 Gottlieb Well Suite 34,Norwood,Massachusetts,Norfolk County,2062.0,42.2137220278557,-71.20714590111288,1188184.42,7594.789999999999
3ff0b695-dffd-4073-939a-54ada2e3fa90,1963-08-06,1991-10-29,999-67-9778,S99965911,X59289599X,Mr.,Rene434,Kirlin939,,,M,white,nonhispanic,M,Sudbury  Massachusetts  US,434 Miller Rapid,Southbridge,Massachusetts,Worcester County,1550.0,42.09958029861543,-72.01585116609837,654394.65,3128.7499999999995
ab1f30b9-b857-4fbe-acce-f2881cfb3b4c,1977-10-04,,999-85-3749,S99923142,X55989504X,Ms.,Alverta45,Lemke654,,,S,white,nonhispanic,F,Falmouth  Massachusetts  US,310 McLaughlin Divide,Fall River,Massachusetts,Bristol County,,41.679728606114544,-71.16005970535602,821647.51,7196.469999999999
a5f79edf-44b6-4e6a-b88d-9e271a1647b1,1969-10-16,2020-01-30,999-93-9857,S99941985,X49735799X,Mrs.,Hermelinda327,Hand679,,Monahan736,M,white,nonhispanic,F,Walpole  Massachusetts  US,984 Hammes Ranch,Acushnet,Massachusetts,Bristol County,,41.76703655503611,-70.91247648548686,1196922.83,7899.279999999999
583bbf91-4bf7-4651-82d3-aba6dac1594b,1988-04-29,,999-84-8306,S99925932,X33856688X,Ms.,Nella762,Schumm995,,,S,white,nonhispanic,F,New Bedford  Massachusetts  US,226 Brakus Grove,Boylston,Massachusetts,Worcester County,,42.30558133656089,-71.73331024456324,628314.05,4543.639999999999
5b1b5f3f-a7a0-457d-b24a-679129f6f061,1995-03-20,,999-97-3746,S99973857,X77886017X,Mr.,Jasper743,Hegmann834,,,,white,nonhispanic,M,Marlborough  Massachusetts  US,1023 Bahringer Fort Unit 69,North Attleborough,Massachusetts,Bristol County,,42.00122469754488,-71.38044085439006,554441.07,6620.119999999998
36a973ee-be35-4dd8-b5fa-3887e828b238,1964-08-29,,999-58-5475,S99944058,X67810118X,Mr.,Johnson679,Cummerata161,,,S,white,nonhispanic,M,Brookline  Massachusetts  US,762 Yost Junction,Cambridge,Massachusetts,Middlesex County,2141.0,42.33638249629946,-71.1419124996154,170488.45,4957.08
bd41d5ae-8aea-4b24-bbba-2c2933e2a5c0,1992-08-19,,999-98-9515,S99984698,X13524917X,Mrs.,María842,Regalado83,,Yáñez198,M,white,hispanic,F,Guatemala City  Guatemala  GT,760 Funk Throughway,Malden,Massachusetts,Middlesex County,,42.42152328302601,-71.06909365936038,578075.58,6637.519999999998
a06b74ed-178c-43e4-9059-58c1be008da9,1990-01-10,,999-31-2544,S99942813,X37600356X,Mrs.,Josphine206,Bogan287,,Nienow652,M,white,nonhispanic,F,Chicopee  Massachusetts  US,160 Carroll Path Unit 17,Stoneham,Massachusetts,Middlesex County,2180.0,42.43645614197246,-71.11458061500021,677841.73,7490.879999999999
de58bbdd-0f76-4426-b516-0ec6353a74be,2000-11-19,,999-80-4342,S99997976,,Mr.,Shane235,Bernhard322,,,,white,nonhispanic,M,Gloucester  Massachusetts  US,293 Ullrich Route,Clinton,Massachusetts,Worcester County,,42.42716968201574,-71.66525318788425,473837.36,3283.92
f2fb7c81-7b8c-4a3c-90ed-b113bce97ad0,1965-06-03,,999-78-5478,S99971505,X20676289X,Mr.,Gail741,Dickinson688,,,S,white,nonhispanic,M,Boston  Massachusetts  US,380 Moore Parade,Brookline,Massachusetts,Norfolk County,2215.0,42.32596340289244,-71.15607994534389,1196685.56,13395.41
14e708ff-ddbe-4b12-907b-dd92223b49bf,1912-08-03,2008-08-16,999-42-1892,S99964630,X68445000X,Mr.,Sherwood961,Russel238,,,M,white,nonhispanic,M,Weymouth  Massachusetts  US,1015 Stracke Pathway Apt 70,Attleboro,Massachusetts,Bristol County,2861.0,41.90349828565668,-71.34330493307479,1604570.48,36041.5
c59e7dcd-8b22-4c2e-8821-ca7b3b8bfa6f,1974-10-04,,999-76-5144,S99933596,X85253514X,Mr.,Nelson403,Klocko335,,,M,white,nonhispanic,M,Chelsea  Massachusetts  US,693 Kozey Loaf Apt 7,Revere,Massachusetts,Suffolk County,,42.44325318374313,-70.96849806555113,1106916.1,4431.24
3b486851-a99e-46be-a3de-fb3b35a325a0,1955-08-20,,999-75-6289,S99979672,X6596376X,Mrs.,Lavina533,Eichmann909,,Murphy561,M,white,nonhispanic,F,Boston  Massachusetts  US,342 Hand Extension Apt 39,Boston,Massachusetts,Suffolk County,,42.30053504048109,-71.06562666166491,1556749.94,80614.76999999999
a864bf9b-95e8-4523-aff9-f9bef46990d1,1912-08-03,1993-09-03,999-76-5158,S99929894,X86014259X,Mr.,Alec433,Goldner995,,,M,white,nonhispanic,M,Canton  Massachusetts  US,118 Walker Station,Attleboro,Massachusetts,Bristol County,,41.94785525579509,-71.28809633184646,1693153.15,8662.56
5f5f8c13-ff9b-4ba9-8d52-d6c0f1009b52,1950-11-24,,999-68-1369,S99981708,X28066419X,Mr.,Jarrett354,Jacobi462,,,M,white,nonhispanic,M,Georgetown  Massachusetts  US,997 Cormier Estate Unit 40,Braintree,Massachusetts,Norfolk County,,42.16134552706514,-71.01990182050498,1442285.4,28070.95
506f8364-b5a5-486c-942a-ab4a4f024430,1961-05-21,,999-76-6355,S99961374,X48045867X,Mrs.,Lavone763,Lindgren255,,Cronin387,M,white,nonhispanic,F,Belmont  Massachusetts  US,1067 Zulauf Brook,Watertown,Massachusetts,Middlesex County,2472.0,42.40321138907267,-71.14353405475502,1296756.88,12853.06
10c53d7a-65da-44b6-83da-54c98204f5d9,1912-08-03,1993-09-03,999-86-3850,S99996301,X44751553X,Mr.,Caleb651,Rice937,,,S,white,nonhispanic,M,Natick  Massachusetts  US,1036 Rath Flat,Attleboro,Massachusetts,Bristol County,,41.970424210899424,-71.26562177429065,1464462.68,19449.17
76c75afa-7105-4682-93fe-c4ec8833e89e,1976-06-10,,999-51-9417,S99968889,X23348963X,Mrs.,Anna632,Von197,,Abbott774,M,white,nonhispanic,F,Boston  Massachusetts  US,746 O'Reilly Park,Haverhill,Massachusetts,Essex County,1835.0,42.76897288797991,-71.0693128538504,967930.77,8157.559999999999
6a18db91-d80e-4cdf-a620-f31e24eab724,2000-03-27,,999-62-7340,S99913774,X86124441X,Ms.,Eneida722,Baumbach677,,,,white,nonhispanic,F,Danvers  Massachusetts  US,631 Ortiz Common,Everett,Massachusetts,Middlesex County,2148.0,42.4009401634393,-71.02238728295859,463624.42,2991.44
5a63e899-e02a-4092-b421-627d25cd45f8,1972-08-16,,999-22-8499,S99999027,X10650796X,Mr.,Chad48,Hegmann834,,,M,white,nonhispanic,M,Newburyport  Massachusetts  US,818 Doyle Trailer,Bridgewater,Massachusetts,Plymouth County,,41.93502365074171,-70.95171321805618,1246792.45,8784.24
b6dcc410-df7a-4b81-9a93-738a82f66d29,1965-08-26,,999-93-8014,S99985242,X81342070X,Mrs.,Alex454,Armstrong51,,Pollich983,M,white,nonhispanic,F,Boston  Massachusetts  US,646 Wehner Forge,Pittsfield,Massachusetts,Berkshire County,,42.4303797843539,-73.30294813393355,1235296.62,9017.999999999998
fd666f4b-f50d-4902-acde-4ebc8aa01249,1985-08-23,,999-41-3515,S99921270,X2621481X,Mrs.,Amalia471,Hyatt152,,Kessler503,M,white,nonhispanic,F,Danvers  Massachusetts  US,1019 Towne Union Apt 72,Marlborough,Massachusetts,Middlesex County,1752.0,42.31930050776552,-71.58458642738424,850704.27,4108.799999999999
bd73bad7-b424-4dff-adda-a44c016568c0,1912-08-03,1992-09-20,999-41-9430,S99974725,X58065173X,Mr.,Minh326,Larkin917,,,M,white,nonhispanic,M,Springfield  Massachusetts  US,1097 Schultz Center Apt 12,Attleboro,Massachusetts,Bristol County,2703.0,41.93827153817164,-71.33612616672347,1466049.45,25384.09
876c8017-c643-47f6-bf43-37da4afe3de0,1915-08-22,1995-03-12,999-45-7438,S99995247,X37206994X,Mr.,Tom274,Purdy2,,,M,white,nonhispanic,M,Clinton  Massachusetts  US,483 Collins Spur,Springfield,Massachusetts,Hampden County,1119.0,42.00703835854014,-72.52626189067576,1627920.52,12201.85
654bdb0f-cbc4-4db7-ab86-7a9b464ce19d,1989-08-26,,999-97-1156,S99977887,X42420645X,Mrs.,Effie9,Zieme486,,Batz141,M,white,nonhispanic,F,Boston  Massachusetts  US,131 Gutmann Esplanade Suite 74,Lawrence,Massachusetts,Essex County,,42.703026608195394,-71.12318927972578,641799.33,21336.01
fb3da281-408d-4882-bcd8-2dcde5018488,2000-07-13,,999-27-5872,S99987123,,Ms.,Vallie201,Becker968,,,,white,nonhispanic,F,Clinton  Massachusetts  US,628 Braun Stravenue Suite 47,Beverly,Massachusetts,Essex County,1915.0,42.522029996007845,-70.82885547011117,427222.78,4783.69
627dfd6e-4ecc-4b22-b3a8-7c07a838bbe5,1935-07-12,,999-89-3497,S99958763,X20881666X,Mrs.,Tianna963,Upton904,,Anderson154,M,white,hispanic,F,Springfield  Massachusetts  US,272 Turcotte Lane Unit 96,Lenox,Massachusetts,Berkshire County,,42.34593732956642,-73.26630046650727,1431366.19,13618.27
43932bbe-1584-41d3-929b-922630cf8057,1986-12-30,,999-42-8868,S99911596,X3742008X,Mr.,Paris331,Kub800,,,M,white,nonhispanic,M,Waltham  Massachusetts  US,905 Boyle Road,Easthampton,Massachusetts,Hampshire County,,42.24356893133347,-72.7034922217436,894320.64,2648.12
d16d0629-57bc-4670-8a1c-31b8a8ba6496,1951-04-06,,999-85-9754,S99958954,X15289460X,Mrs.,Kevin729,Gleichner915,,Rice937,M,asian,nonhispanic,F,Millbury  Massachusetts  US,263 Langworth Union,North Reading,Massachusetts,Middlesex County,,42.5757086277432,-71.09986271489629,1430409.29,23928.59
b46454a0-fe28-492f-9a40-f11848fe6b0e,2004-08-13,,999-64-4115,,,,Charlott617,Buckridge80,,,,white,nonhispanic,F,Revere  Massachusetts  US,762 Boyle Spur Unit 32,Amherst,Massachusetts,Hampshire County,,42.33452775074616,-72.53388627743944,343572.22,3278.92
417922f8-22c6-4c76-879c-d8749ad4440d,1990-02-06,,999-41-2123,S99939570,X80473337X,Mrs.,Claude750,Davis923,,Hahn503,M,asian,nonhispanic,F,Braintree  Massachusetts  US,906 Satterfield Mews,Wakefield,Massachusetts,Middlesex County,1880.0,42.51245486313184,-71.02961135151008,798214.98,6214.129999999999
78c9405e-d331-44cf-a00b-89bad07c930f,2018-03-19,,999-22-9904,,,,Hobert364,Keeling57,,,,white,nonhispanic,M,Lincoln  Massachusetts  US,736 Bogan Plaza,Swansea,Massachusetts,Bristol County,,41.70993363416694,-71.18543445540227,53411.52,1221.6
3e9d28b6-db93-4aac-a005-1bd226b4dcd5,1974-03-29,,999-87-9427,S99969169,X1386955X,Mrs.,Samantha681,Brekke496,,Conn188,M,white,nonhispanic,F,Auburn  Massachusetts  US,682 Brekke Gateway,Sudbury,Massachusetts,Middlesex County,,42.388833021775305,-71.38596843498112,45467.63,0.0
f0fd0efd-027e-45f3-9a1f-cc94a75b437b,1951-02-16,,999-92-7713,S99976435,X79656985X,Mrs.,Karol905,Koelpin146,,Hirthe744,M,asian,nonhispanic,F,Boston  Massachusetts  US,1061 Wunsch Promenade Unit 92,Littleton,Massachusetts,Middlesex County,,42.54743180542969,-71.46087321821538,1388706.14,10706.27
247b8bd6-3c9c-4bce-870e-59cc9a05282c,1915-08-22,1919-11-30,999-99-6022,,,,Nestor901,Welch179,,,,white,nonhispanic,M,Marlborough  Massachusetts  US,188 Ratke Trail Suite 27,Springfield,Massachusetts,Hampden County,1129.0,42.136021048224976,-72.60873114318274,95274.27,2145.19
07156b0d-17ce-42bf-bdc3-4c5daef8c56c,1964-09-21,,999-40-4969,S99919740,X12209048X,Mrs.,Sima34,Jacobi462,,Abernathy524,M,white,nonhispanic,F,Chelsea  Massachusetts  US,275 Rohan Highlands Apt 31,Wareham,Massachusetts,Plymouth County,,41.755740089504975,-70.73833070537884,1177386.11,19056.2
a66f432d-d4a9-4304-95eb-fe2e864fbd1a,1989-10-13,,999-66-4454,S99953657,X83816479X,Mrs.,Loren192,Toy286,,Eichmann909,M,white,nonhispanic,F,Arlington  Massachusetts  US,427 Morissette View,Worcester,Massachusetts,Worcester County,1609.0,42.23991990071268,-71.7060615909458,768094.52,3656.36
21a2377c-2ff2-46a0-9a2c-c37fe0f1394d,2000-04-06,,999-82-1483,S99921759,X8252750X,Ms.,Gearldine455,Boyer713,,,,white,nonhispanic,F,Sterling  Massachusetts  US,341 Beahan Center,Boston,Massachusetts,Suffolk County,2115.0,42.407227376005615,-71.04705683707881,537879.4,2846.48
ea3e9f3e-f51e-4922-ab6e-387d047e903f,1981-11-06,,999-89-6881,S99939625,X20593590X,Mrs.,Bev675,McGlynn426,,Cummerata161,M,white,nonhispanic,F,Lowell  Massachusetts  US,795 Rowe Overpass,Brockton,Massachusetts,Plymouth County,2302.0,42.04094073928284,-71.07449827722105,924326.78,7352.849999999999
bb427585-ab91-4570-b5bd-ea478adac37c,1978-07-28,,999-50-2359,S99975302,X35474739X,Mrs.,Fabiola106,Lowe577,,Hermann103,M,white,nonhispanic,F,Framingham  Massachusetts  US,334 Olson Trail,Lakeville,Massachusetts,Plymouth County,,41.81204161972423,-71.00029044528556,996287.33,9763.24
f324fc95-f423-4746-b113-e60aa638c14c,1943-09-05,,999-61-8496,S99952427,X15935733X,Mr.,Hugo693,Márquez847,,,S,asian,hispanic,M,Marigot  Saint Andrew Parish  DM,367 Langworth Rest Unit 37,Northampton,Massachusetts,Hampshire County,1053.0,42.32075977636677,-72.61854650865155,1400559.36,15186.87
4c7d13ac-20ff-48f6-afbe-df804ddd80c4,1977-03-01,,999-25-9312,S99967055,X27641578X,Mrs.,Arianne988,Steuber698,,Hettinger594,M,white,nonhispanic,F,Marshfield  Massachusetts  US,1076 Mante Frontage road,Taunton,Massachusetts,Bristol County,2780.0,41.929140532317945,-71.08595906540371,932400.42,8342.609999999999
dcb3f3b1-78af-49d7-9c31-04cc1a960380,1973-01-30,,999-49-1741,S99989407,X34231351X,Mr.,Randal152,Wuckert783,,,M,white,hispanic,M,New Bedford  Massachusetts  US,545 Jacobi Harbor,Peabody,Massachusetts,Essex County,,42.48988488863428,-71.07545841357096,1236691.19,5819.52
cfd181c5-bed8-4dcc-8e47-d39453579c1b,1986-11-02,,999-95-7444,S99947447,X80904496X,Mr.,Jimmy858,Kuhn96,,,S,white,nonhispanic,M,Lynn  Massachusetts  US,894 Fisher Crossroad,Somerville,Massachusetts,Middlesex County,2143.0,42.37567959934461,-71.08386018781037,728514.9,2866.36
1d5f034b-9a1a-422b-affc-306e2aee9964,1912-06-25,1988-11-22,999-60-7905,S99948978,X50735198X,Mrs.,Hilaria948,Bosco882,,Fisher429,M,white,nonhispanic,F,Worcester  Massachusetts  US,186 Graham Forge,Franklin,Massachusetts,Norfolk County,,42.08253149536096,-71.41124153436508,1479920.45,10640.23
753132a6-eb3d-4a27-8f58-26e96f65b900,1914-06-11,1995-07-07,999-33-4600,S99972255,X31681560X,Mrs.,Illa976,Ritchie586,,Weber641,M,white,hispanic,F,Boston  Massachusetts  US,133 Lebsack Annex,Brockton,Massachusetts,Plymouth County,2301.0,42.0934242757189,-70.97064498046933,1486707.16,13013.759999999998
7b1836e7-4f47-4614-909d-885926dcb03b,1989-03-14,,999-14-4519,S99979775,X54901598X,Mr.,Carol737,Shanahan202,,,M,white,nonhispanic,M,Lowell  Massachusetts  US,155 Rice Port Unit 40,Weymouth,Massachusetts,Norfolk County,2191.0,42.21635207656641,-70.99132911926509,836472.13,3662.24
1c97c4ca-dd61-44f7-a2e8-82575c8f7253,1945-12-08,,999-44-6782,S99933428,X16276746X,Mr.,Hipolito984,Larkin917,,,S,white,nonhispanic,M,Topsfield  Massachusetts  US,847 Lemke Path,Malden,Massachusetts,Middlesex County,2155.0,42.46981985843926,-71.0683994074966,1674423.8,8509.279999999999
dcfaebd7-f8e0-4a9f-8f3d-4e7a46231480,1914-06-11,2004-10-07,999-34-2171,S99995471,X27720370X,Mrs.,Tai836,Powlowski563,,Stanton715,M,white,hispanic,F,Fitchburg  Massachusetts  US,869 Cartwright Promenade Unit 28,Brockton,Massachusetts,Plymouth County,2351.0,42.09652535709999,-71.01539041331695,1522605.99,28441.689999999995
b0ed5310-832a-4ccb-b706-a085eabb065a,2008-05-10,,999-16-8296,,,,Junior695,Beier427,,,,white,nonhispanic,M,Dennis  Massachusetts  US,1046 Bailey Well Unit 95,Newton,Massachusetts,Middlesex County,2465.0,42.32285298192839,-71.23781753542306,246900.0,2829.0
2f198049-6d0a-41cc-88d9-fa97e6ade001,1991-12-01,,999-71-5710,S99934374,X40251874X,Mr.,Laurence43,Jakubowski832,,,M,asian,nonhispanic,M,Boston  Massachusetts  US,630 Yundt Union,Boston,Massachusetts,Suffolk County,2131.0,42.33189009423637,-71.00214721232965,598208.3,4444.56
57f079c7-933f-49ae-baf5-a33f53f4be55,1957-06-03,,999-82-8207,S99943796,X14531751X,Mr.,Bertram873,Bashirian201,,,M,white,nonhispanic,M,Framingham  Massachusetts  US,366 Kuphal Green Suite 57,Attleboro,Massachusetts,Bristol County,2703.0,41.91465723529183,-71.29824622489609,1372863.6,8990.679999999998
b67d3c49-7537-4c8e-988b-870d1b2b7fc8,1967-10-13,,999-36-9971,S99917532,X83518977X,Mrs.,Desire394,Heathcote539,,Wisozk929,M,white,nonhispanic,F,Bedford  Massachusetts  US,1069 Dooley Pathway Unit 2,Marshfield,Massachusetts,Plymouth County,2050.0,42.13097995386965,-70.72464619279388,166824.19,16314.12
a827de67-3b76-4855-b677-38457b33f2d4,1957-09-27,,999-67-6084,S99950175,X21344320X,Mr.,Joey457,Ernser583,,,M,white,nonhispanic,M,Brookline  Massachusetts  US,276 Romaguera Lane,Woburn,Massachusetts,Middlesex County,,42.52554984714946,-71.1589465325635,1285637.5,5071.12
7f387dda-e5a5-40ce-9a35-337ee331feeb,1960-12-24,,999-42-3152,S99925177,X85682369X,Mrs.,Annalisa973,Reinger292,,Kuhn96,M,white,nonhispanic,F,East Longmeadow  Massachusetts  US,311 Sauer Union Unit 50,Bridgewater,Massachusetts,Plymouth County,,41.9686671150254,-70.96579618759786,1223928.03,15551.469999999998
d63cb915-8772-4ec1-8208-577d7eb6755a,1954-01-14,,999-13-6891,S99973784,X51143505X,Mr.,Jere230,Russel238,,,S,white,nonhispanic,M,Norwood  Massachusetts  US,897 Graham Stravenue,Malden,Massachusetts,Middlesex County,,42.42568212687581,-71.07105214025255,32151.07,307.48
64c827ce-fa79-45b1-939f-81e35e33f205,1914-06-11,2007-12-22,999-84-8710,S99977906,X16047313X,Mrs.,Page791,Runolfsdottir785,,Collins926,M,white,hispanic,F,North Andover  Massachusetts  US,1093 Barton Lane,Brockton,Massachusetts,Plymouth County,2302.0,42.11136049796372,-71.00980478235738,1606925.32,12704.64
ae697c82-7d32-491d-b1ba-334c8f5d92bd,1939-06-12,,999-69-6287,S99992832,X7024865X,Ms.,Ula130,Schimmel440,,,S,white,nonhispanic,F,Fitchburg  Massachusetts  US,749 Anderson Alley Apt 71,Medford,Massachusetts,Middlesex County,2155.0,42.43854246167365,-71.06297101309619,106878.23,14272.579999999998
f9190377-e141-4f1c-8de8-e28ddbefaf5b,1981-11-24,,999-10-8935,S99981732,X87353766X,Mr.,Virgil85,Stroman228,,,M,white,nonhispanic,M,Worcester  Massachusetts  US,454 Muller Burg Unit 93,Springfield,Massachusetts,Hampden County,1013.0,42.07948369840384,-72.50254601616855,123647.23,14363.589999999998
e2d4561a-ed01-4379-be3a-01e2705d507e,1973-01-31,,999-68-2969,S99930385,X8077307X,Mr.,Jeffery551,Hegmann834,,,M,white,nonhispanic,M,Acushnet  Massachusetts  US,700 Swift Flat Apt 16,Fitchburg,Massachusetts,Worcester County,,42.56555080404615,-71.80499703109606,1221731.31,12009.679999999998
850f7579-0dc7-4683-8b48-8ac70de3e28c,2001-06-15,,999-12-9293,S99980318,,Ms.,Valeria950,Wintheiser220,,,,white,nonhispanic,F,New Bedford  Massachusetts  US,655 Bogisich Crossroad Unit 91,Boston,Massachusetts,Suffolk County,2134.0,42.38876176866932,-71.10863624349028,18219.96,0.0
2bcad0e8-fee2-404c-8979-13c7e43c2ca1,2002-01-12,,999-83-5802,S99939108,,Ms.,Dena356,Stehr398,,,,white,nonhispanic,F,Boston  Massachusetts  US,933 Rohan Dale Apt 94,Falmouth,Massachusetts,Barnstable County,2540.0,41.56757626281157,-70.63593600996273,378565.71,2889.76
3708bc77-0c3d-4d1d-93a2-2dc1e0f2d0ee,2018-01-05,,999-87-2416,,,,Oren284,MacGyver246,,,,white,nonhispanic,M,Dudley  Massachusetts  US,690 Little Underpass Unit 27,Billerica,Massachusetts,Middlesex County,,42.52652753185236,-71.27427245210798,23354.0,824.1199999999999
8e137af0-efc4-46c3-acff-8f4384f7c18b,1913-04-16,2004-06-05,999-64-6738,S99967215,X7656420X,Mrs.,Annemarie794,Romaguera67,,Considine820,M,white,nonhispanic,F,Somerville  Massachusetts  US,176 O'Keefe Corner Suite 13,Shrewsbury,Massachusetts,Worcester County,,42.31712813084803,-71.74999896089781,1340946.54,20378.43
2d5ff94c-20d7-438f-ab78-7a7eac10633d,1941-02-28,,999-60-1125,S99931766,X32863048X,Mr.,Avery919,Spinka232,,,S,black,hispanic,M,Winchester  Massachusetts  US,799 Gottlieb Mission,Springfield,Massachusetts,Hampden County,,42.11247208367979,-72.63608840665071,91639.89,8683.94
9becd564-5253-406d-8696-c1ff82d1bc06,1985-12-08,,999-86-6258,S99955716,X74479971X,Mr.,Frankie174,Farrell962,,,M,white,nonhispanic,M,Revere  Massachusetts  US,418 Rath Trailer,Brockton,Massachusetts,Plymouth County,,42.07735832242789,-71.08379318029777,13749.32,0.0
7783e693-0f15-47b6-a0e3-78ec30624d62,1916-09-19,1988-03-31,999-73-4602,S99935748,X815441X,Mrs.,Tarra676,Waelchi213,,Carroll471,M,white,nonhispanic,F,Chelmsford  Massachusetts  US,717 Crona Pathway Apt 65,Leicester,Massachusetts,Worcester County,,42.241514450001226,-71.91655057411937,77216.03,7188.119999999999
706b28e3-6a1f-4646-933f-939e2375aa55,1984-10-27,,999-74-4948,S99945458,X11256441X,Mrs.,Terry864,Langosh790,,Dickens475,M,white,nonhispanic,F,Gardner  Massachusetts  US,752 Maggio Camp Suite 16,Longmeadow,Massachusetts,Hampden County,1106.0,42.06848351577049,-72.5235546653893,806809.85,8855.759999999998
e539f642-401f-4e77-86fe-e64f1238b46d,1940-06-07,,999-12-7973,S99927730,X37705443X,Mr.,Darryl392,Ratke343,,,M,white,nonhispanic,M,Randolph  Massachusetts  US,611 Sanford Lane Unit 58,Andover,Massachusetts,Essex County,,42.692170365767886,-71.12321623857721,1616416.13,10686.77
5fe28070-1ca5-446a-aa1b-c1c455fabb8a,1974-09-29,,999-53-1475,S99924826,X44459707X,Mr.,Olen518,Thompson596,,,M,white,nonhispanic,M,Boston  Massachusetts  US,1036 Erdman Street Unit 77,Wayland,Massachusetts,Middlesex County,,42.37128807139519,-71.39667216735072,1218332.46,3018.92
e6801e11-0089-4448-b3c4-7fb0bc61857b,1975-12-12,,999-72-8980,S99911542,X62461329X,Mrs.,Marlena558,Price929,,Mante251,M,white,nonhispanic,F,Barnstable  Massachusetts  US,665 Smitham Well Suite 51,Quincy,Massachusetts,Norfolk County,2171.0,42.273912552659496,-71.04745505973098,1107783.18,13418.72
81ea204a-2af5-4ee9-9b7b-5a58143d71b6,1996-10-28,,999-65-1989,S99948912,X7198780X,Ms.,Shalanda398,Von197,,,,white,nonhispanic,F,Westborough  Massachusetts  US,853 Beahan Loaf Suite 28,Randolph,Massachusetts,Norfolk County,2368.0,42.20988867008383,-71.07748695602054,545311.33,5575.36
43f5d38e-6518-4f89-83cb-7829c18613c9,1913-04-16,1992-11-05,999-75-8769,S99986814,X73101322X,Mrs.,Almeda560,Kessler503,,Muller251,M,white,nonhispanic,F,Stockbridge  Massachusetts  US,800 Rippin Trailer Apt 26,Shrewsbury,Massachusetts,Worcester County,,42.27892978251304,-71.69103990346802,1410427.95,13939.02
168cc036-ac85-4f2f-8b56-387e35e01f1c,1945-04-20,,999-51-6609,S99999002,X35330604X,Mr.,Hubert238,Nienow652,,,M,white,nonhispanic,M,Norfolk  Massachusetts  US,682 Emard Dam,Amherst,Massachusetts,Hampshire County,,42.40583918012932,-72.48212880907889,1442035.81,6440.2
d8bc7d5d-caf5-42cd-be90-742ae985d14e,1964-12-17,,999-94-3099,S99944621,X13025843X,Mr.,Clayton230,Kuhlman484,,,M,black,nonhispanic,M,Clinton  Massachusetts  US,507 Kirlin Lodge Unit 99,Worcester,Massachusetts,Worcester County,1602.0,42.26249043571258,-71.84522215912897,1419000.34,8170.96
34127de8-18ac-41a9-b74c-5775f0fd6718,1924-06-06,1940-03-22,999-15-5606,,,,Eugenio846,Wyman904,,,,white,hispanic,M,Worcester  Massachusetts  US,1089 Fritsch Throughway,Southbridge,Massachusetts,Worcester County,,42.09316604421413,-72.04605576940645,327287.92,1769.7599999999998
6edc5a83-a916-4ded-84c4-ec4ee6f15b0a,1987-07-05,,999-51-5268,S99969812,X55632879X,Mr.,Christian753,D'Amore443,,,S,asian,nonhispanic,M,Shanghai  Shanghai Municipality  CN,1012 Rippin Pathway Apt 12,Waltham,Massachusetts,Middlesex County,,42.37220440329951,-71.2234898258926,819291.27,5016.24
b15799a0-3158-4c45-9ec4-a13844f8dc66,1973-10-11,,999-52-7778,S99914129,X12857535X,Mrs.,Luisa710,Romaguera67,,Cartwright189,M,white,nonhispanic,F,Revere  Massachusetts  US,548 Schiller Passage Suite 0,Medford,Massachusetts,Middlesex County,2145.0,42.446162528142025,-71.08691551747881,1025984.14,7199.319999999999
cd43f8c2-f8f4-404a-b579-e708acbd77be,1915-03-22,1993-10-10,999-43-4425,S99990101,X14322339X,Mrs.,Gertrudis163,Christiansen251,,Pfannerstill264,M,white,nonhispanic,F,Middleborough  Massachusetts  US,664 Simonis Ramp,Wellesley,Massachusetts,Norfolk County,2481.0,42.34461481909847,-71.24722336489336,1556358.13,16785.59
57304f34-58d1-40ca-b128-399ddc9b2b39,1989-05-19,,999-75-6120,S99960267,X88983551X,Ms.,Dayle885,Rippin620,,,S,white,nonhispanic,F,Weymouth  Massachusetts  US,582 Turcotte Arcade,Swansea,Massachusetts,Bristol County,,41.76639138447596,-71.17346379076419,735887.8,9190.759999999998
a36e0c51-2d42-4127-9ff5-be907041067f,1914-06-11,1953-06-05,999-26-5457,S99952101,X24241006X,Mrs.,Cristy798,Upton904,,Grady603,M,white,hispanic,F,Lincoln  Massachusetts  US,568 Romaguera Parade,Brockton,Massachusetts,Plymouth County,2301.0,42.10280470048792,-70.99580114375071,940549.9,6010.079999999999
3e2e0274-6fc0-411e-b775-ecf0279c1939,1924-06-06,1995-05-19,999-62-9696,S99978129,X55892457X,Mr.,Long300,Buckridge80,,,S,white,hispanic,M,Arlington  Massachusetts  US,402 Gibson Lodge,Southbridge,Massachusetts,Worcester County,1550.0,42.0577903036723,-72.04059730368839,1370451.07,178378.95000000007
a839b776-95d7-49d2-bb81-99f91de1e97c,1913-04-16,1983-10-13,999-11-7207,S99961563,X51118707X,Mrs.,Tiffany303,Herman763,,Daugherty69,M,white,nonhispanic,F,Lakeville  Massachusetts  US,650 Sanford Fork Unit 92,Shrewsbury,Massachusetts,Worcester County,,42.25952938832327,-71.73104673310152,1513457.25,8442.679999999998
f16e1a14-4e62-46e5-8c8a-49c0f5fb5541,1976-07-26,,999-48-6658,S99959276,X70289107X,Mrs.,Margie619,Stracke611,,Robel940,M,white,nonhispanic,F,Tewksbury  Massachusetts  US,1062 Conn Lodge Suite 33,Dover,Massachusetts,Norfolk County,,42.22284909746508,-71.32408521841755,1061650.0,5506.179999999999
30b96df5-55e5-49a1-a214-d9cd18e28ee8,1977-08-29,,999-77-9008,S99920320,X16699523X,Mrs.,Alejandra902,Hoeger474,,Wiza601,M,white,nonhispanic,F,Kingston  Massachusetts  US,178 Armstrong Union,Yarmouth,Massachusetts,Barnstable County,,41.70965339695471,-70.25926234561886,900706.74,11654.619999999995
6ac7d2cb-d2a5-468e-b120-c8de834f69ea,1913-04-16,2020-03-28,999-59-6610,S99982936,X35873902X,Mrs.,Kayla528,Barrows492,,Glover433,M,white,nonhispanic,F,Hamilton  Massachusetts  US,232 Nitzsche Trail Suite 10,Shrewsbury,Massachusetts,Worcester County,,42.24775810488345,-71.75180184091413,1546600.55,25789.96
ce84e142-5627-4854-b00e-752c75ffac5f,1913-04-16,1915-10-29,999-98-5881,,,,Love546,Sipes176,,,,white,nonhispanic,F,Foxborough  Massachusetts  US,259 Block View,Shrewsbury,Massachusetts,Worcester County,,42.2804516641601,-71.68877728279217,59670.0,650.7599999999999
edc2cd91-d719-4b68-99e7-2e2efda6ed1f,1924-06-06,1982-12-24,999-27-4085,S99936797,X43269097X,Mr.,Chas63,Daniel959,,,M,white,hispanic,M,Newburyport  Massachusetts  US,527 Weber Manor Suite 74,Southbridge,Massachusetts,Worcester County,,42.03046016264207,-72.04669227948033,1424085.85,6480.16
559f49d6-2f7d-4f53-a780-879e189c76dd,1916-09-19,2020-03-18,999-14-2136,S99999249,X16721337X,Ms.,Marian936,Ruecker817,,,S,white,nonhispanic,F,Fall River  Massachusetts  US,593 Koch Arcade Apt 56,Leicester,Massachusetts,Worcester County,,42.20103494753032,-71.95677665928659,188449.55,38686.22
32714325-29a3-4450-b017-fde873c6847c,1947-07-17,2014-12-25,999-78-4721,S99982515,X16765652X,Ms.,Shea825,Becker968,,,S,white,nonhispanic,F,Sharon  Massachusetts  US,142 Bauch Gateway,Brookline,Massachusetts,Norfolk County,,42.34871477639754,-71.1297578871602,1461063.69,27279.12
2213178c-f046-4b1d-b4a5-4ac29a73b084,1998-10-03,,999-15-9403,S99957709,X80461321X,Ms.,Johnie961,Roberts511,,,,white,nonhispanic,F,Quincy  Massachusetts  US,547 Reilly Port,Worcester,Massachusetts,Worcester County,1610.0,42.324002818662166,-71.75932143413404,470723.59,3763.33
ec48b9a5-97cf-4d46-ab18-610ecada5dfa,1958-04-26,1988-08-20,999-76-8257,S99912364,X12046537X,Mr.,Dewitt635,Medhurst46,,,S,white,nonhispanic,M,Malden  Massachusetts  US,546 Wilkinson Key Unit 89,Lowell,Massachusetts,Middlesex County,1852.0,42.69185847518105,-71.33091567641192,699195.55,3017.16
d7611f64-f658-43d2-b927-0bdd2fbbd6d3,1947-07-17,,999-73-1175,S99987626,X66948124X,Mrs.,Delia459,Blick895,,Weissnat378,M,white,nonhispanic,F,Chelmsford  Massachusetts  US,728 Grimes Lock,Brookline,Massachusetts,Norfolk County,,42.35342481497963,-71.0574850983962,1440203.99,12102.55
107d260c-4115-4c11-b18a-4a6d688a2497,1958-04-26,,999-62-6811,S99964999,X33994985X,Mr.,Alec433,Pfeffer420,,,M,white,nonhispanic,M,Medfield  Massachusetts  US,233 Mante Burg Suite 91,Lowell,Massachusetts,Middlesex County,1854.0,42.659312666411154,-71.30410855002124,1287300.54,6183.48
b4b26792-b98e-4bb0-b58a-eafea13067b9,1992-02-06,2020-03-23,999-35-1955,S99920455,X85777200X,Mr.,Byron202,Streich926,,,M,white,nonhispanic,M,Braintree  Massachusetts  US,194 Mueller Dale,North Attleborough,Massachusetts,Bristol County,,41.96452472069412,-71.30241856188609,752165.34,3439.76
8309a1f1-8a1e-4e6a-ac5e-43e2bf51385b,1937-07-06,1995-01-25,999-37-7438,S99978314,X73100102X,Mrs.,Barbara209,Rice937,,Stanton715,M,white,nonhispanic,F,Medford  Massachusetts  US,433 Boehm Bridge Suite 82,Brockton,Massachusetts,Plymouth County,2302.0,42.06155511032555,-71.02887005406173,1182526.61,11939.8
66deabbc-a838-45e3-b0b1-9be191c8ab85,1992-02-06,,999-83-4145,S99992634,X40213071X,Mr.,Morgan564,Spinka232,,,M,white,nonhispanic,M,Springfield  Massachusetts  US,827 Dietrich Quay,North Attleborough,Massachusetts,Bristol County,,42.0030505329702,-71.31776451366332,723522.12,7479.36
a93bd109-bc3f-4143-91b3-493455f24b93,2016-06-21,,999-18-3109,,,,Rogelio17,Paucek755,,,,white,nonhispanic,M,Shrewsbury  Massachusetts  US,865 Sanford Run Apt 68,Mansfield,Massachusetts,Bristol County,,42.03704113442156,-71.22685748166323,83699.16,1826.56
4ac63604-db80-4552-8b79-6d0a38c0f379,1980-10-19,,999-66-8062,S99961598,X8256708X,Mrs.,Conception120,Jaskolski867,,O'Connell601,M,white,nonhispanic,F,North Andover  Massachusetts  US,942 Hackett Approach Suite 62,Dedham,Massachusetts,Norfolk County,2026.0,42.222881276967264,-71.14500027132385,226579.89,2657.24
8bb39dc1-4cb1-4c84-a20a-06dd8143f3e6,1955-11-23,,999-38-6421,S99949644,X5341024X,Mrs.,Margurite588,Donnelly343,,Lebsack687,M,white,nonhispanic,F,Worcester  Massachusetts  US,390 Leffler Spur Suite 27,Orange,Massachusetts,Franklin County,1364.0,42.65251693325172,-72.32395121385461,845122.65,15768.46
acdcd6e0-e36f-4efe-affe-16cbf5c7c65f,1956-09-26,,999-92-1831,S99979431,X35187290X,Mr.,Dominic463,Pfeffer420,,,M,black,nonhispanic,M,Ipswich  Massachusetts  US,687 Gibson Run,Lowell,Massachusetts,Middlesex County,1850.0,42.68729965634285,-71.3183004883503,1538593.66,11368.079999999998
e35c440c-879a-4875-b3d1-a9b08a21ca91,1998-01-11,,999-75-1447,S99991746,X29430397X,Ms.,Leann224,Schneider199,,,,asian,nonhispanic,F,Needham  Massachusetts  US,164 Reynolds Plaza,Dudley,Massachusetts,Worcester County,,42.0903158487218,-71.97272078307093,497069.96,11393.11
bebd9da6-89b7-4445-9b6b-594f98da160d,1974-06-21,,999-10-2484,S99953695,X55071040X,Mrs.,Monique148,Kovacek682,,Ratke343,M,white,nonhispanic,F,Salisbury  Massachusetts  US,1094 Jacobson Lock Apt 14,Dunstable,Massachusetts,Middlesex County,,42.62811596280668,-71.4588296342396,929139.49,9800.679999999998
96c899d7-5d14-4cce-af8a-94f421c44281,1968-04-09,,999-17-1406,S99995437,X26218724X,Mr.,Lenny728,Gutmann970,,,M,white,nonhispanic,M,Clinton  Massachusetts  US,214 Schroeder Forge,Holbrook,Massachusetts,Norfolk County,2343.0,42.21586135030406,-71.09853123580577,1320339.25,4560.44
e57c1cb7-9102-4782-86ab-78278ad9bd82,2013-04-08,,999-15-7282,,,,Thaddeus38,Shanahan202,,,,white,nonhispanic,M,Brookline  Massachusetts  US,598 Langosh Row Suite 97,Methuen,Massachusetts,Essex County,1841.0,42.66760436043431,-71.13760569678433,165666.27000000002,2244.04
8cdfedbf-c668-4bb0-ac74-7f8615a1dc2c,2003-06-21,,999-41-3117,S99980237,,,Santos184,Rohan584,,,,white,nonhispanic,F,Rochester  Massachusetts  US,576 Hintz Estate,Randolph,Massachusetts,Norfolk County,,42.19169156702435,-71.09173383392049,451183.14,2679.0
1e2d2fa2-3ec4-4345-9ab4-f5359080478e,1994-01-02,,999-23-4394,S99945081,X39477142X,Ms.,Jodi410,White193,,,,white,hispanic,F,Hopkinton  Massachusetts  US,602 Lowe Wynd Suite 91,Boston,Massachusetts,Suffolk County,2210.0,42.3405611161932,-71.04257446566064,62224.15,2951.44
dfcc828a-867c-41b7-a0fe-c8de339b4359,1995-03-27,,999-53-7461,S99947314,X46033890X,Ms.,Dong972,Gaylord332,,,,white,nonhispanic,F,Acton  Massachusetts  US,409 Konopelski Road,Boston,Massachusetts,Suffolk County,2125.0,42.40217834170369,-71.08733088917661,626167.7,3253.92
6ff80978-cb85-4c2d-af2f-784c0ccb2d40,1970-02-09,,999-28-9889,S99968958,X69642238X,Mrs.,Pia232,Rath779,,Schultz619,M,white,nonhispanic,F,Lexington  Massachusetts  US,818 Koelpin Course Apt 83,Methuen,Massachusetts,Essex County,1841.0,42.72341732382632,-71.17402296553848,1042768.27,27615.57
86253480-563b-404c-ba40-4341487932cb,1960-10-16,,999-11-4432,S99944600,X81500171X,Mrs.,Lynda214,Luettgen772,,Waters156,M,white,nonhispanic,F,Springfield  Massachusetts  US,731 Green Approach,Wakefield,Massachusetts,Middlesex County,,42.5643943681794,-71.00585305091279,1313329.54,20038.19
a2455368-ea88-442f-b3bd-ac164d8631c5,1937-07-06,,999-14-6407,S99974964,X21931751X,Mrs.,Elizabeth24,Murray856,,Skiles927,M,white,nonhispanic,F,Mashpee  Massachusetts  US,1070 West Grove,Brockton,Massachusetts,Plymouth County,,42.07710333482521,-71.03108174499432,1326056.82,22334.93
f54d8b88-76e8-435c-98f2-9cb28099b229,1962-08-20,,999-86-2270,S99973597,X863963X,Mrs.,Mellisa81,McCullough561,,Schaefer657,M,white,nonhispanic,F,Watertown  Massachusetts  US,739 O'Keefe Extension Unit 85,Marlborough,Massachusetts,Middlesex County,1752.0,42.30445451744229,-71.53968358611581,1284982.36,9144.079999999998
c0a38383-dd8b-4eef-b3a3-d846863cecf9,1993-06-17,,999-80-7023,S99974165,X11469356X,Ms.,Jon665,Corwin846,,,,white,nonhispanic,F,Swansea  Massachusetts  US,463 Roberts Village,Fitchburg,Massachusetts,Worcester County,1420.0,42.543767810833565,-71.79059739540664,9479.66,0.0
0de9526a-4599-4416-b312-f21747964e59,1974-01-17,,999-92-1981,S99961671,X79708432X,Mrs.,Chanda935,Robel940,,Funk324,M,white,nonhispanic,F,Millis  Massachusetts  US,373 Morissette Boulevard Unit 99,Boston,Massachusetts,Suffolk County,2131.0,42.45866730727412,-70.9772662070182,44084.8,0.0
6ab9d025-f560-4974-943b-90343949844b,2011-03-12,,999-56-9348,,,,Ernie189,Lakin515,,,,white,nonhispanic,M,Concord  Massachusetts  US,429 Walter Annex,Wakefield,Massachusetts,Middlesex County,1940.0,42.53188607394311,-71.02618738627528,233358.24,2463.2
bf847176-194e-4c8a-baa9-f51acad38102,1971-10-13,,999-71-3564,S99986606,X33152342X,Ms.,Christena299,Erdman779,,,S,white,nonhispanic,F,Rio de Janerio  Rio de Janerio  BR,383 Muller Esplanade Suite 98,Watertown,Massachusetts,Middlesex County,,42.33240755442325,-71.13740358370787,1121105.7,8333.359999999999
89be43c4-4e91-4582-9a00-01c3f8510137,2003-12-04,,999-97-7043,S99979577,,,Antwan357,Homenick806,,,,white,nonhispanic,M,Boston  Massachusetts  US,815 Brekke Frontage road Suite 25,North Attleborough,Massachusetts,Bristol County,,41.93258896214698,-71.36569405915802,397804.39,3670.56
5dff6304-2aa0-4991-a18e-c34485a40241,1923-01-03,1980-07-17,999-63-9956,S99963546,X31566907X,Mrs.,Beatriz277,Stehr398,,Williamson769,M,white,hispanic,F,Bridgewater  Massachusetts  US,774 Thompson Ramp Apt 6,Framingham,Massachusetts,Middlesex County,,42.28562206087767,-71.39821437011534,1258024.63,5740.16
f88c90ba-1c8d-4adc-93cd-cf17a3569c97,1991-01-30,,999-29-3349,S99949577,X18315963X,Mrs.,Tonisha838,Kshlerin58,,Hegmann834,M,white,nonhispanic,F,Dover  Massachusetts  US,578 Legros Terrace Suite 33,North Attleborough,Massachusetts,Bristol County,,41.980331525915695,-71.36742154859954,590801.51,4462.08
1051d115-5c96-427a-95e9-4a4ef78f02c2,1970-08-01,,999-40-5194,S99950138,X40643164X,Mr.,Bruno518,Jenkins714,,,M,white,nonhispanic,M,Rehoboth  Massachusetts  US,423 Armstrong Trail Suite 33,Lexington,Massachusetts,Middlesex County,,42.46639450534212,-71.21828092085863,31339.3,0.0
8f741d40-25a9-41ec-8f45-dcf567d9f5d9,1989-05-13,,999-10-2158,S99957641,X30611999X,Mrs.,Verdie59,West559,,Dooley940,M,white,nonhispanic,F,Northbridge  Massachusetts  US,508 Barrows Bay Suite 63,Worcester,Massachusetts,Worcester County,1607.0,42.21557298610861,-71.84888056061243,784265.83,4778.13
935b7821-162e-431c-8a4a-c906ba35fc5a,1935-08-30,2015-09-16,999-97-2894,S99965353,X48248365X,Ms.,Francesca650,Abbott774,,,S,white,nonhispanic,F,Rockport  Massachusetts  US,1078 Ritchie Mill Unit 10,Chelmsford,Massachusetts,Middlesex County,,42.57282196577582,-71.34441258229161,1338126.04,11913.759999999998
223a6595-1aa8-40d5-ac0d-7695744d1506,1965-09-06,,999-78-6416,S99977560,X23910168X,Mr.,Marquis364,Dach178,,,M,white,nonhispanic,M,Mendon  Massachusetts  US,684 Beier Skyway,West Brookfield,Massachusetts,Worcester County,,42.250457990102056,-72.15988349847433,1320258.71,5204.52
4436ebef-5323-43e5-8dfe-ff5ad282b916,1954-01-12,,999-69-5335,S99970155,X26873684X,Mrs.,Sandy901,Walker122,,Kemmer137,M,white,nonhispanic,F,Somerset  Massachusetts  US,813 McCullough Overpass Unit 18,Boston,Massachusetts,Suffolk County,2128.0,42.404312605090325,-70.96850544818035,1474750.25,12170.69
9c80b7af-3fe5-4771-8a48-5f0b22e8fddc,1943-07-24,,999-16-1580,S99930618,X2335890X,Mr.,Norris589,Monahan736,,,S,white,nonhispanic,M,Dennis  Massachusetts  US,338 Schoen Drive Suite 3,Somerville,Massachusetts,Middlesex County,,42.42224790216408,-71.08024053569616,1682728.73,8785.92
51cc6850-3dac-4518-ba3b-d8596e9e3c75,1923-01-03,2000-07-15,999-27-7309,S99962007,X28137698X,Mrs.,Johnnie679,Reilly981,,Kshlerin58,M,white,hispanic,F,Westwood  Massachusetts  US,291 Von Wynd Unit 17,Framingham,Massachusetts,Middlesex County,1701.0,42.29216604650734,-71.47783036082126,1372915.25,17388.34
45a9ddfa-8ba6-4aa5-8c56-0480f79e738d,1935-08-30,2020-03-16,999-80-8970,S99984919,X68335369X,Ms.,Fredericka800,Ferry570,,,S,white,nonhispanic,F,Fitchburg  Massachusetts  US,241 Witting Tunnel Unit 50,Chelmsford,Massachusetts,Middlesex County,,42.58538953273533,-71.36681626698869,1632418.59,78962.95000000016
3b9d5e48-8a4c-4cdb-a5c2-152355a1db8b,1957-03-08,,999-72-8028,S99976518,X46471801X,Mrs.,Azucena377,Rippin620,,Rath779,M,white,hispanic,F,Boston  Massachusetts  US,793 Jast Passage,Revere,Massachusetts,Suffolk County,2151.0,42.39930686867896,-70.96478961102177,1515697.31,13800.39
35956340-6195-489d-83f7-06950fecea15,1949-05-08,1959-03-17,999-74-4791,,,,Phillip440,Howell947,,,,black,nonhispanic,M,Danvers  Massachusetts  US,834 Armstrong Esplanade,Ashland,Massachusetts,Middlesex County,,42.27656288176984,-71.42828011534182,227726.86,1360.6799999999998
631abd9a-ea53-4bb2-ab21-bcd9578326b0,1948-05-26,,999-13-1069,S99947519,X62954X,Mrs.,Ching589,Bruen238,,Kovacek682,M,black,nonhispanic,F,Arlington  Massachusetts  US,878 Kozey Mission Suite 61,Boston,Massachusetts,Suffolk County,2108.0,42.46504426004937,-70.99134608925883,1384683.01,16441.6
1f455330-907e-4677-b6ea-712e121b3309,1960-10-03,,999-69-8438,S99939593,X13105305X,Mrs.,Yon80,Goldner995,,Anderson154,M,white,nonhispanic,F,Randolph  Massachusetts  US,982 Wolff Trace Suite 33,Braintree,Massachusetts,Norfolk County,,42.249198995737686,-71.01762594454352,1409405.81,8379.199999999999
d847d351-90d6-4bf9-ad2a-d8c018b10727,1995-06-28,,999-69-3849,S99973952,X34990345X,Ms.,Johnny786,Gleason633,,,,white,nonhispanic,F,Peabody  Massachusetts  US,607 Hand Haven,Needham,Massachusetts,Norfolk County,2494.0,42.27092321616817,-71.26660347716575,603641.46,5272.039999999999
a371861f-f250-43b2-93f6-68aee28ad46a,1939-06-17,,999-64-1392,S99982743,X5969573X,Mr.,Jed345,Wehner319,,,M,white,nonhispanic,M,Billerica  Massachusetts  US,790 Graham Mission,Yarmouth,Massachusetts,Barnstable County,,41.667872024186906,-70.26983408279715,1461381.29,15006.79
bf2099f7-f96d-4b6b-854e-64659933ae98,1921-03-29,1929-09-17,999-64-3563,,,,Renato359,Wyman904,,,,white,nonhispanic,M,Newburyport  Massachusetts  US,838 Considine Parade,Everett,Massachusetts,Middlesex County,2148.0,42.414044814584734,-71.04906699979753,11694.97,207.48
871c1808-d164-4451-b8b7-36e6e5cae33f,1969-01-05,,999-88-2318,S99965632,X25943949X,Mr.,Jaime666,Báez684,,,M,white,hispanic,M,Ponce  Puerto Rico  PR,382 Hickle Village Suite 55,Springfield,Massachusetts,Hampden County,1020.0,42.13629373487504,-72.52581873233797,43073.88,324.9599999999999
9f0c1950-ffa6-485f-b238-03143c55298e,2015-01-25,,999-52-6460,,,,Lionel365,Dickinson688,,,,white,nonhispanic,M,Leominster  Massachusetts  US,1074 Kulas Promenade Unit 28,Shirley,Massachusetts,Middlesex County,1464.0,42.60861738221842,-71.62818225228148,134740.72,2015.72
5adcd59a-0a65-42ee-a984-559e71e5acd6,1945-12-01,,999-22-1324,S99964504,X15701777X,Mr.,Willie882,Lindgren255,,,S,white,nonhispanic,M,Lowell  Massachusetts  US,253 Hills Walk,Boston,Massachusetts,Suffolk County,,42.35396459730613,-71.04122201206397,1747365.91,76268.79
d3d1d8a8-4c72-4801-bd91-1de31f3bf05e,1948-06-24,2004-01-12,999-38-2447,S99986513,X34174051X,Mr.,Brent147,Littel644,,,S,white,nonhispanic,M,Hingham  Massachusetts  US,944 Runolfsdottir Forge Suite 74,Braintree,Massachusetts,Norfolk County,2184.0,42.1582091913701,-70.99879491143429,1206198.39,3953.68
97246cf0-aa5a-4dcd-a1a0-99d0ac27f684,1921-03-29,2005-10-04,999-41-2662,S99967661,X16022176X,Mr.,Jim478,Rohan584,PhD,,M,white,nonhispanic,M,Hull  Massachusetts  US,810 Howell Manor Apt 48,Everett,Massachusetts,Middlesex County,2148.0,42.36918971636256,-71.06019593905393,87732.02,9040.21
8c624c99-38b4-4610-b1fd-f860974849c0,1923-01-03,2011-07-23,999-12-3068,S99918968,X37604587X,Mrs.,Roxana439,Sawayn19,,Spencer878,M,white,hispanic,F,Cambridge  Massachusetts  US,541 O'Reilly Landing Suite 47,Framingham,Massachusetts,Middlesex County,1701.0,42.32378461654605,-71.45786204113915,1446232.85,24528.809999999998
6eb72d61-a45e-4e71-b17a-3784968f32ee,1957-12-28,,999-78-8513,S99924055,X27072745X,Mr.,Jesús825,Carrasco324,,,M,white,hispanic,M,Havana  Havana  CU,211 Hauck Haven Suite 38,Shrewsbury,Massachusetts,Worcester County,,42.25531400272073,-71.6818569584889,1365569.17,35130.23
3a04409f-7e6f-440d-a3bf-b71442bf8e5c,2008-02-08,,999-34-3164,,,,Sylvester827,Quigley282,,,,white,nonhispanic,M,Boston  Massachusetts  US,841 Barton Vista,Amherst,Massachusetts,Hampshire County,,42.40606419465474,-72.46302394495363,266781.81,2983.16
3cfa5822-7fa4-49bc-afde-5c5cbe5a87ff,1921-03-29,1988-06-08,999-22-3941,S99918639,X22510053X,Mr.,Quinton758,Raynor401,MD,,M,white,nonhispanic,M,Chicopee  Massachusetts  US,413 Beier Parade,Everett,Massachusetts,Middlesex County,2148.0,42.361154471977294,-71.06747014914261,227903.07000000004,9082.29
77643578-e6ec-4719-a62b-265b35e8031d,1947-09-09,,999-60-9428,S99952376,X34381981X,Mr.,Waylon572,Padberg411,,,M,white,nonhispanic,M,Pelham  Massachusetts  US,246 Price Flat,Dartmouth,Massachusetts,Bristol County,,41.571835883592726,-70.93118491525486,253067.76,12385.87
e9a07366-8844-460b-90d2-989bdbf4b095,2016-01-31,,999-85-5285,,,,Gerard367,King743,,,,black,nonhispanic,M,Boxford  Massachusetts  US,246 Fisher Meadow,Cambridge,Massachusetts,Middlesex County,2140.0,42.3685422347469,-71.18318575238979,110446.81,2094.04
ec27e571-6d00-451d-8deb-faedc8f21c47,1985-05-25,,999-62-6057,S99914916,X71803089X,Mr.,Daron260,Waelchi213,,,M,white,nonhispanic,M,Bridgewater  Massachusetts  US,171 Jast View Unit 97,Medford,Massachusetts,Middlesex County,2155.0,42.4061988230894,-71.09787978240874,764786.85,8648.649999999998
6250ba32-f508-4bee-8382-a1c810a0d78f,1973-11-27,,999-27-1448,S99970268,X32011274X,Mr.,Jorge203,Lara964,,,M,white,hispanic,M,Caracas  Capital District  VE,782 Kuhic Loaf,Swampscott,Massachusetts,Essex County,,42.45685201036059,-70.85954386113863,1124383.47,5076.2
0066459e-a351-4c46-9f83-ca550bfdc939,2016-06-22,,999-34-9772,,,,Zachariah133,Watsica258,,,,black,nonhispanic,M,Lexington  Massachusetts  US,1089 Keeling Trailer Apt 68,Lynn,Massachusetts,Essex County,,42.50783822739215,-70.99645677652549,106116.64,1549.9199999999998
dee01e91-ab6c-4b3b-90ee-90876aee7286,2003-06-21,,999-74-1435,S99960197,,,Alonso270,Robel940,,,,white,nonhispanic,M,Boston  Massachusetts  US,293 Conroy Loaf Unit 34,Phillipston,Massachusetts,Worcester County,,42.60181827452086,-72.15746383160709,389123.4,3061.44
f55a764c-a61b-4faa-af2d-c83325baf07c,2005-05-15,,999-69-3458,,,,Bobby524,Ruecker817,,,,white,nonhispanic,M,Randolph  Massachusetts  US,310 McLaughlin Gateway,Lowell,Massachusetts,Middlesex County,,42.637670563020194,-71.3354827159384,312405.28,4912.039999999999
fc9cde49-3664-4ff3-88c0-b0db0f3ad6a4,2001-03-10,2015-12-05,999-84-7335,,,,Guillermo498,Botsford977,,,,white,nonhispanic,M,Agawam  Massachusetts  US,692 Rath Manor Unit 39,Arlington,Massachusetts,Middlesex County,2476.0,42.46330835784264,-71.20408799942693,304597.1,2225.64
005d9b50-f564-4c86-8f90-97b0199b015a,1975-12-13,,999-65-4936,S99995580,X16597818X,Mrs.,Telma919,Baumbach677,,Kertzmann286,M,white,nonhispanic,F,Lowell  Massachusetts  US,995 Jones Trafficway,Belchertown,Massachusetts,Hampshire County,1007.0,42.27284500310993,-72.43767556064037,1059424.98,6010.28
f5b62d18-4f63-49e7-bc50-99204728c701,1990-05-20,,999-73-4594,S99968196,X75378433X,Mrs.,Tuyet839,Larson43,,Heller342,M,white,nonhispanic,F,Boston  Massachusetts  US,385 Strosin Key,Norfolk,Massachusetts,Norfolk County,,42.09574980632914,-71.3079403382416,89702.73,3836.579999999999
d6517534-272e-4f24-8cc3-591cd2487768,1966-07-03,,999-82-9310,S99972339,X41650499X,Ms.,Jewell855,Lindgren255,,,S,white,nonhispanic,F,Framingham  Massachusetts  US,644 Bechtelar Knoll,Bellingham,Massachusetts,Norfolk County,2019.0,42.09668949026558,-71.46363781883039,1220937.79,8245.839999999998
6cea1568-94a9-4d12-9818-32acc5a5ddc3,1968-02-08,,999-99-3485,S99980837,X3045483X,Mr.,Mohammed454,Wolf938,,,M,black,nonhispanic,M,Douglas  Massachusetts  US,881 Willms Parade,Paxton,Massachusetts,Worcester County,,42.26766352261278,-71.96539244437318,1082257.08,4456.16
2adc449d-800a-4906-98c3-c13470fa7ee7,1989-01-12,,999-47-5990,S99910150,X39846219X,Mrs.,September423,Hand679,,Upton904,M,white,nonhispanic,F,Barnstable  Massachusetts  US,961 Bauch Mall,Brockton,Massachusetts,Plymouth County,,42.04279037310576,-70.97455777113791,727489.03,6964.359999999999
98f3a549-4f77-4c96-9821-7c405aaa0b90,1915-03-06,1965-08-15,999-53-9000,S99921771,X68063954X,Mr.,Gilberto712,McLaughlin530,,,M,white,nonhispanic,M,Seekonk  Massachusetts  US,523 Nader Fork Unit 22,Tewksbury,Massachusetts,Middlesex County,,42.57208294415036,-71.25552330025342,1158239.31,5028.599999999999
474318bd-47ea-41db-bc76-5ace1d05eb01,1921-03-29,2004-04-10,999-35-5675,S99915767,X36937185X,Mr.,Young120,Zieme486,MD,,M,white,nonhispanic,M,Hudson  Massachusetts  US,338 Crist Underpass,Everett,Massachusetts,Middlesex County,2148.0,42.39246230872046,-71.02117883280675,407929.0,33242.37
b25f20c6-2450-4c66-99c3-4a538cf6e3e9,1921-03-29,1990-04-13,999-11-7071,S99930205,X55413327X,Mr.,Rodolfo763,Armstrong51,PhD,,M,white,nonhispanic,M,Tewksbury  Massachusetts  US,132 Bosco Bypass Apt 96,Everett,Massachusetts,Middlesex County,2149.0,42.38504628208452,-71.07185355001106,63632.92,2577.24
6ceb55cb-8c9a-4571-8d23-8c38f59f120d,1978-05-31,,999-42-8392,S99925713,X54476657X,Mr.,Cliff504,Russel238,,,M,white,nonhispanic,M,Scituate  Massachusetts  US,834 Ruecker Byway Unit 75,Foxborough,Massachusetts,Norfolk County,2035.0,42.10642697531648,-71.22600555788344,867473.9500000001,4807.0
2fac1e87-bb8b-42d1-8eb7-0386f0dffb58,1972-06-07,,999-63-3581,S99985677,X30800883X,Mrs.,Lorine399,Beahan375,,Kutch271,M,white,nonhispanic,F,Medford  Massachusetts  US,707 Ankunding Rue,Framingham,Massachusetts,Middlesex County,1702.0,42.269106860434015,-71.3866672512785,165692.05,77493.96999999999
a6c86c20-2deb-47c7-9b3c-835724aeec1c,1976-10-09,2020-03-13,999-26-8958,S99948738,X83412879X,Mr.,Benito209,Oquendo599,,,M,white,hispanic,M,Portsmouth  Saint John Parish  DM,632 Stiedemann Extension,Holyoke,Massachusetts,Hampden County,1040.0,42.17974769660624,-72.64406268679636,133229.68,3772.83
b90ea3b9-ae4b-440e-8223-9c61dbb9d412,1921-03-29,1989-05-23,999-27-2023,S99961917,X87303245X,Mr.,Josiah310,Gibson10,PhD,,M,white,nonhispanic,M,Quincy  Massachusetts  US,844 Fadel Lane Unit 28,Everett,Massachusetts,Middlesex County,,42.4066838435151,-71.04199994770502,159715.51,8185.94
0bacff6e-8fd0-4121-97a9-26e1166cb711,1976-10-09,,999-77-4829,S99972364,X81322668X,Mr.,Lucas404,Saiz247,,,S,white,hispanic,M,Havana  Havana  CU,993 Price Highlands Apt 58,Holyoke,Massachusetts,Hampden County,,42.20028944995252,-72.67538810038613,136216.42,11593.98
b2d8c980-2fb0-456b-bdd9-d4d618756cf5,1934-12-21,2020-03-25,999-76-1500,S99936146,X58618399X,Mrs.,Reyna401,Balistreri607,,Carroll471,M,white,hispanic,F,Springfield  Massachusetts  US,366 Cummings Viaduct Unit 50,Framingham,Massachusetts,Middlesex County,,42.35161954154196,-71.45958644968131,1423163.37,76250.45000000003
8af15cc1-0572-4db5-a1be-7b3289a875ee,1960-10-06,,999-94-8813,S99949169,X39913371X,Ms.,Lisandra920,Lesch175,,,S,white,nonhispanic,F,South Hadley  Massachusetts  US,886 Hagenes Manor Unit 97,Somerset,Massachusetts,Bristol County,2725.0,41.67571555812937,-71.19215238319538,42986.23,3027.0799999999995
1400c413-7334-4430-8bec-ed8db209529d,1915-03-06,1991-06-15,999-14-1426,S99944841,X17477698X,Mr.,Robin66,Ward668,,,M,white,nonhispanic,M,Waltham  Massachusetts  US,552 Barrows Parade Apt 11,Tewksbury,Massachusetts,Middlesex County,,42.62894122026632,-71.21801848786228,1546443.52,346114.4800000001
ca2803d1-51f5-4918-b70a-d8e29e0069be,1915-03-06,1916-03-18,999-41-9442,,,,Christopher407,Keebler762,,,,white,nonhispanic,M,Waltham  Massachusetts  US,170 Stanton Club,Tewksbury,Massachusetts,Middlesex County,,42.655079466905214,-71.22060410360864,25190.0,414.1199999999999
a6b55027-9dbe-4ebf-9de2-a0d44421ef3c,1934-12-21,,999-75-8463,S99968394,X72287093X,Mrs.,Carl856,Pagac496,,Kris249,M,white,hispanic,F,Attleboro  Massachusetts  US,628 Batz Trafficway,Framingham,Massachusetts,Middlesex County,,42.299258908519406,-71.43907081455252,1416741.24,29181.95
ae13db8f-fb12-4d5f-bcda-00033532ce87,1915-02-04,,999-98-6341,S99915257,X24151416X,Mr.,Frankie174,Schuster709,,,M,white,nonhispanic,M,Boxborough  Massachusetts  US,527 Beahan Hollow,Hamilton,Massachusetts,Essex County,,42.64620069877394,-70.88693595083029,1787547.66,35210.89
0356b0f9-daed-4832-96bc-ef3e18043884,1981-12-25,,999-80-9572,S99940567,X10767299X,Mr.,Cecil300,Sauer652,,,M,white,nonhispanic,M,Northampton  Massachusetts  US,1090 Blanda Center Unit 0,New Bedford,Massachusetts,Bristol County,2747.0,41.73640930566615,-70.91148808057078,787236.45,2513.88
15785e3a-f5a3-49be-bb38-0d9afd4ad049,1972-05-17,,999-91-6928,S99976223,X39850650X,Mr.,Gilbert263,Christiansen251,,,S,white,nonhispanic,M,Fitchburg  Massachusetts  US,890 Gleason View,Pittsfield,Massachusetts,Berkshire County,1201.0,42.43732375335589,-73.2690084078839,1167736.1700000002,6235.28
1fa7077b-0da4-4f39-ae25-c3225d6a0eec,2015-10-04,,999-18-7048,,,,Danilo179,Dicki44,,,,white,nonhispanic,M,Boston  Massachusetts  US,973 Altenwerth Track,Acushnet,Massachusetts,Bristol County,,41.74095997816941,-70.94232166363982,101475.0,2166.52
3c53bb0b-40c8-4861-8ec4-e3ba73862387,1963-09-10,,999-28-5822,S99995558,X31163326X,Mr.,Darrel772,Halvorson124,,,S,white,nonhispanic,M,Westfield  Massachusetts  US,766 Pagac Skyway Suite 80,Walpole,Massachusetts,Norfolk County,,42.122890314903245,-71.2316915910597,1438874.89,6547.759999999999
fd7a89dd-8212-4aae-93a0-5d381d2218cd,1970-12-11,,999-73-9972,S99934019,X5472380X,Mr.,Foster87,McGlynn426,,,M,asian,nonhispanic,M,West Springfield  Massachusetts  US,885 Emmerich Forge Unit 99,Cambridge,Massachusetts,Middlesex County,2472.0,42.37894992075578,-71.04173205536338,16381.14,0.0
2feea5b4-cb82-4977-945d-2df8a45c9635,1957-01-18,,999-89-5776,S99963980,X544325X,Mrs.,Earnestine14,Rau926,,Boehm581,M,white,nonhispanic,F,Lowell  Massachusetts  US,273 Rowe Promenade,North Attleborough,Massachusetts,Bristol County,,41.98873090063826,-71.37491774263222,1288246.59,11955.989999999998
f235d9bc-5538-4228-96c9-4983b84f77e7,1973-08-05,,999-44-3692,S99992540,X40580469X,Mrs.,Moira454,Crist667,,Stokes453,M,white,nonhispanic,F,Amherst  Massachusetts  US,427 Gislason Plaza Apt 95,Milford,Massachusetts,Worcester County,,42.19503824476706,-71.49859158560425,1069180.72,7274.319999999999
5c937692-5498-4f04-b022-f395a262db0a,1959-06-03,,999-48-1465,S99981628,X87659544X,Mr.,Elijah719,Turcotte120,,,M,white,nonhispanic,M,Brookline  Massachusetts  US,943 Breitenberg Bay,Ware,Massachusetts,Hampshire County,1082.0,42.30060887116173,-72.29438916225122,31228.27,0.0
139d2c6f-fa7d-4b31-a9a7-deb91d8376da,1998-05-06,,999-14-3931,S99936535,X51120761X,Ms.,Stefany238,Abbott774,,,,asian,nonhispanic,F,Boston  Massachusetts  US,211 Robel Loaf,Framingham,Massachusetts,Middlesex County,,42.33077095666472,-71.43982118436574,479233.0,3066.4
3c04a3bf-080b-4610-bd4f-2ca8c5828595,1993-12-19,,999-75-9738,S99996726,X42341936X,Ms.,Ashely524,Bauch723,,,,white,nonhispanic,F,Milford  Massachusetts  US,1074 Koepp Trace Apt 93,Weston,Massachusetts,Middlesex County,,42.331912279913,-71.27104300357017,514349.79,6756.929999999999
e73c4c06-ba8b-4609-8186-79e41e93de85,1960-03-27,,999-76-6221,S99952115,X1516944X,Mr.,Ozzie259,Jacobson885,,,M,white,nonhispanic,M,Boston  Massachusetts  US,387 Gutmann Camp,Newburyport,Massachusetts,Essex County,1950.0,42.78014755122085,-70.80961223833249,1522480.31,6520.28
258cf9d2-cddb-4803-ab73-7f87abfc15b6,1969-11-05,,999-50-7101,S99928158,X39886425X,Mr.,Darrick836,West559,,,S,white,nonhispanic,M,Clinton  Massachusetts  US,198 McLaughlin Knoll,Monson,Massachusetts,Hampden County,,42.104517362495685,-72.31749736705304,70103.53,4138.06
a52d0fb2-6df0-402f-a823-894cb86abeeb,1914-03-07,2016-03-18,999-68-2226,S99960463,X84213491X,Mr.,Nathan164,Skiles927,,,M,white,nonhispanic,M,Shrewsbury  Massachusetts  US,198 Cormier Avenue Unit 82,Great Barrington,Massachusetts,Berkshire County,1230.0,42.15304746967236,-73.34072117519688,1841036.9,17360.109999999997
bf381418-a543-46a2-939e-ae74d8ce9d87,1995-05-02,,999-43-5453,S99998233,X53835516X,Mr.,Antonio44,Leuschke194,,,,white,nonhispanic,M,Easthampton  Massachusetts  US,737 Smitham Promenade,Hudson,Massachusetts,Middlesex County,1749.0,42.37259633785927,-71.50457521310572,636283.07,3297.24
8b19d3eb-7e1d-4d81-aef0-dc912935732c,1955-02-02,,999-27-5992,S99989767,X3260175X,Mrs.,Ericka421,Langworth352,,Frami345,M,white,nonhispanic,F,Lancaster  Massachusetts  US,982 Cronin Overpass,Wilbraham,Massachusetts,Hampden County,1095.0,42.14885018499525,-72.42822095615023,1552502.28,8010.919999999999
f4d4ed20-7162-4dd6-8d80-fcd8c94f6612,2014-07-23,,999-66-9330,,,,Edwina60,Beahan375,,,,asian,nonhispanic,F,Braintree  Massachusetts  US,664 Torphy Approach Unit 24,Auburn,Massachusetts,Worcester County,,42.22845952292855,-71.80002744679314,23752.95,754.1199999999999
2e190565-48a4-4c70-b201-9604c90aee92,2002-07-15,,999-13-5541,S99992255,,,Merna69,Lehner980,,,,white,nonhispanic,F,Maynard  Massachusetts  US,916 Emard Union,Somerville,Massachusetts,Middlesex County,2143.0,42.403649753022535,-71.09755790300142,7040.66,0.0
a9a6fb51-c6ef-49ab-96b9-af086dd6c52c,1941-10-12,2001-11-03,999-41-4998,S99920661,X71200709X,Mr.,Keven605,Walker122,,,M,white,nonhispanic,M,Fairhaven  Massachusetts  US,261 Johnson Gateway,Quincy,Massachusetts,Norfolk County,,42.27399468561492,-70.99071082879198,1307726.67,7674.23
2ca0c858-bbfb-430d-8bcf-c1394a1d7e6f,1973-08-01,,999-88-2894,S99970150,X10699160X,Mr.,Huey641,Marks830,,,M,white,nonhispanic,M,Fall River  Massachusetts  US,797 Leffler Flat,Northampton,Massachusetts,Hampshire County,1062.0,42.35409379264453,-72.66647124921397,42643.69,622.4399999999998
29155529-ce00-4a76-90fc-732fb87eeeeb,1999-04-27,,999-39-3766,S99987611,X79684658X,Ms.,Cameron381,Lemke654,,,,white,nonhispanic,F,New Bedford  Massachusetts  US,501 Lemke Trafficway,Norwood,Massachusetts,Norfolk County,2062.0,42.17981369879968,-71.17853561464435,504236.91,4020.52
ee237db0-2ff0-4743-aba6-72a075725848,1921-09-27,,999-19-6724,S99940329,X79337353X,Mrs.,Lulu18,Cartwright189,,Davis923,M,white,nonhispanic,F,Chicopee  Massachusetts  US,479 Kuhic Orchard Unit 60,Westwood,Massachusetts,Norfolk County,,42.210037535966855,-71.20540927836338,1558211.92,21448.56
a79b1e70-74a4-4f9e-9a9b-63e2e988a28a,1987-03-10,,999-11-5878,S99944870,X43998566X,Ms.,Sharita792,Reichert620,,,S,white,nonhispanic,F,Topsfield  Massachusetts  US,596 Grady Dam,Boston,Massachusetts,Suffolk County,2132.0,42.36420958941316,-71.13001336369577,55076.310000000005,3204.72
67c0439d-7f81-4807-845d-3b77580d0912,1970-08-04,,999-79-4599,S99961727,X29054977X,Ms.,Mee229,Heller342,,,S,white,nonhispanic,F,Boston  Massachusetts  US,980 O'Hara Bridge,Medfield,Massachusetts,Norfolk County,,42.18853487575156,-71.3155563039321,1128429.75,14388.739999999998
30dcf68d-1650-4abe-9fc1-6ccc4086e921,1940-08-12,2015-08-24,999-81-9066,S99916079,X49205957X,Mrs.,Opal236,Casper496,,Fay398,M,white,nonhispanic,F,Natick  Massachusetts  US,195 O'Hara Well,Quincy,Massachusetts,Norfolk County,2169.0,42.235611876854975,-70.98682951260001,1615017.77,10638.93
1908883b-4980-42a9-a50d-1fb011b1ddd5,2001-10-05,,999-72-8928,S99913121,,Ms.,Kali995,Gislason620,,,,white,nonhispanic,F,East Bridgewater  Massachusetts  US,795 Littel Light,Acton,Massachusetts,Middlesex County,,42.53036200481936,-71.43207996565945,472575.69,3329.76
486bd7fd-c859-4e6d-a0c0-8bc9f8528648,1940-08-12,2007-07-09,999-91-2602,S99990544,X53265421X,Mrs.,Adrianna470,Johnson679,,Rempel203,M,white,nonhispanic,F,Fall River  Massachusetts  US,1001 Altenwerth Ferry Suite 74,Quincy,Massachusetts,Norfolk County,2186.0,42.24547906691912,-70.98962638296169,1416221.65,32907.02
02440ede-24b3-4ab2-9491-38d3d4d53559,1976-10-23,,999-77-9194,S99961608,X52112347X,Mr.,George991,Jaskolski867,,,S,white,nonhispanic,M,Agawam  Massachusetts  US,524 Murray Lane,Hatfield,Massachusetts,Hampshire County,1038.0,42.40300950785488,-72.58378166847928,1112706.43,5948.679999999999
c545ebce-c126-459a-a07b-c82a44d99b10,1956-10-22,,999-20-7881,S99919000,X55231457X,Mr.,Wade235,Cartwright189,,,M,white,nonhispanic,M,Waltham  Massachusetts  US,237 Langosh Byway,Southbridge,Massachusetts,Worcester County,1550.0,42.03578673688067,-72.06736360093744,1543552.63,7903.44
ff2a049f-2cdc-4f12-8af0-dc62571affab,1914-03-07,1983-06-17,999-27-1273,S99923940,X63465963X,Mr.,Gilbert263,Stroman228,,,M,white,nonhispanic,M,Waltham  Massachusetts  US,271 Schultz Port,Great Barrington,Massachusetts,Berkshire County,,42.171901721934105,-73.37826618873518,1455153.5,425275.2700000002
ebff0407-2d39-4afd-b26b-33a0abbf9572,1970-10-06,,999-59-1236,S99917368,X80457017X,Mr.,Bradford382,Grady603,,,S,white,nonhispanic,M,Grafton  Massachusetts  US,181 Torphy Tunnel Apt 13,Chelmsford,Massachusetts,Middlesex County,,42.5900159837076,-71.4008570787491,1326824.4,4997.12
45e7d290-b5ad-4767-ab4d-ffe7cbd82c35,1975-04-15,,999-16-5560,S99931273,X63708113X,Mr.,Salvatore257,West559,,,M,white,nonhispanic,M,Fall River  Massachusetts  US,286 Parker Landing Suite 38,Westminster,Massachusetts,Worcester County,,42.5548693845897,-71.91211088315282,35469.8,384.9599999999999
32b40100-5461-41c8-8221-8addc8d97b37,1969-08-09,,999-64-4716,S99959382,X58492806X,Mr.,Rod343,Schulist381,,,S,white,nonhispanic,M,Springfield  Massachusetts  US,753 Murphy Boulevard Suite 11,Chatham,Massachusetts,Barnstable County,,41.59391134544229,-69.97853822310267,1224752.86,4625.4
24717b10-4501-40f5-93ba-f0f2019ebc2f,1962-06-16,,999-96-2670,S99975281,X3010982X,Mrs.,Ashely524,Rodriguez71,,Anderson154,M,black,nonhispanic,F,Everett  Massachusetts  US,373 Halvorson Drive Apt 79,Yarmouth,Massachusetts,Barnstable County,,41.72003737687351,-70.18235385308319,1272375.02,10198.39
8a87af7a-1f3c-48e9-b5c1-134386c1f23c,1961-03-15,1989-08-08,999-75-1640,S99959453,X68535663X,Mr.,Chong355,Kovacek682,,,M,white,nonhispanic,M,Rehoboth  Massachusetts  US,501 Shanahan Alley,Amherst,Massachusetts,Hampshire County,,42.36975442787945,-72.46429501545373,88267.76,3129.69
92d16b30-938b-4758-bb08-ce3d5e4cdb65,1962-01-23,2018-08-28,999-30-9263,S99951135,X46332821X,Mrs.,Lonna614,Stokes453,,Kertzmann286,M,white,nonhispanic,F,Boston  Massachusetts  US,285 Weimann Branch,Sandwich,Massachusetts,Barnstable County,2563.0,41.73633246493686,-70.48324083693427,1263177.71,10596.28
3342de7b-5e0c-4138-986a-17e6a89b249b,1961-03-15,2020-01-29,999-95-2654,S99925406,X35513819X,Mr.,Rashad361,Hermiston71,,,M,white,nonhispanic,M,Dracut  Massachusetts  US,872 Lynch Trafficway Unit 43,Amherst,Massachusetts,Hampshire County,,42.39578528527932,-72.5451389891956,183439.79,10062.81
1cf5eee9-dfd7-4461-84be-ff96fc6eae01,1961-03-15,,999-96-5235,S99954811,X66053064X,Mr.,Rickey821,Little434,,,M,white,nonhispanic,M,East Longmeadow  Massachusetts  US,323 Wilderman Port Apt 58,Amherst,Massachusetts,Hampshire County,,42.37993150085943,-72.55454210004932,181769.92,6045.32
50176120-e818-461d-af3d-720c5573e58a,1975-10-23,,999-78-6547,S99962197,X9108399X,Mrs.,Rhiannon677,Roberts511,,Larkin917,M,white,nonhispanic,F,Wayland  Massachusetts  US,399 Ankunding Overpass Suite 29,Belmont,Massachusetts,Middlesex County,2478.0,42.40444154431705,-71.20183938899073,80967.21,4993.719999999999
3f990735-6dc1-40fd-8123-3b023debef88,1973-02-13,,999-11-1260,S99955073,X35421096X,Mr.,Numbers230,Bednar518,,,M,white,nonhispanic,M,Falmouth  Massachusetts  US,256 Reinger Dale Apt 46,Randolph,Massachusetts,Norfolk County,2368.0,42.211005595790354,-71.09919758118974,1263022.49,4848.8
b34e5299-028f-4b87-8b7b-5f733601f1f9,2006-12-19,,999-36-3389,,,,Toya963,Cummerata161,,,,white,nonhispanic,F,Lynn  Massachusetts  US,992 Simonis Haven Suite 19,Pembroke,Massachusetts,Plymouth County,,42.04201613014774,-70.7958735702749,31591.0,645.8
cade4856-2b5e-4127-b2d3-9f57c6625b2f,1977-05-22,,999-10-3327,S99966620,X10023835X,Mr.,Elmo857,Keeling57,,,M,white,hispanic,M,Palmer  Massachusetts  US,1055 Hamill Gateway,Granville,Massachusetts,Hampden County,,42.102804372267805,-72.92350326447509,121751.35,3412.2
1469371b-3cd4-4976-afc1-a2281f28f5cf,2001-12-16,,999-43-8806,S99971841,,Ms.,Rowena386,Parker433,,,,white,nonhispanic,F,Barnstable  Massachusetts  US,431 Shields Passage Suite 8,Rockland,Massachusetts,Plymouth County,,42.10673005321932,-70.89328324438144,20905.58,4939.93
59aa9257-9148-4e6d-9305-fd140f7e85d2,1993-09-09,,999-41-6841,S99920905,X88566615X,Mr.,Irvin970,Stehr398,,,,white,nonhispanic,M,Worcester  Massachusetts  US,131 Mayert Arcade Unit 77,Agawam,Massachusetts,Hampden County,,42.09239321303305,-72.63995204171539,680262.16,4228.84
ce7857a0-cd2d-4c02-b2c0-f1b4e6a768f8,1984-12-31,2019-05-08,999-58-4643,S99996598,X64338775X,Mrs.,Ricki338,Brekke496,,Wisozk929,M,white,nonhispanic,F,Waltham  Massachusetts  US,622 Beahan Ranch Unit 71,Yarmouth,Massachusetts,Barnstable County,,41.63989823557445,-70.2192151816402,760366.52,7068.779999999999
f8c19c4a-a4cd-489a-ab77-6abd3f656b2f,1953-02-12,,999-32-1901,S99932981,X39480205X,Mr.,Burl285,Langosh790,,,M,black,nonhispanic,M,Amherst  Massachusetts  US,1066 Weimann Lane,Dartmouth,Massachusetts,Bristol County,,41.54857765292952,-70.99884248554004,1361179.2000000002,6434.38
423abd50-00fc-465c-b3a1-e08ac3210fb2,1990-02-17,,999-28-4189,S99922550,X70530837X,Mr.,Dustin31,Littel644,,,M,white,nonhispanic,M,Lawrence  Massachusetts  US,735 Gulgowski Estate,Grafton,Massachusetts,Worcester County,,42.19491657244495,-71.71083859643473,658222.41,3070.5199999999995
ccfe2ee3-5f2c-483f-89cd-710a4398367a,2002-12-01,,999-80-3435,S99924836,,,Alfonzo975,Gulgowski816,,,,white,nonhispanic,M,Boston  Massachusetts  US,171 Shanahan Mission,Marlborough,Massachusetts,Middlesex County,1752.0,42.379008115001504,-71.52243705860438,401173.81,3357.24
b535b3b2-8f60-415f-a45a-4712b5952801,1954-09-29,,999-80-3774,S99986864,X13927714X,Mr.,Harvey63,Frami345,,,S,white,nonhispanic,M,Haverhill  Massachusetts  US,474 Kiehn Trace Suite 0,Carver,Massachusetts,Plymouth County,,41.83935379438622,-70.77729069405315,1492553.32,6364.4
4edd343e-5169-4c2a-b1ad-096f6bcac92d,2001-05-31,,999-98-3812,S99958082,,Ms.,Queen50,Spencer878,,,,white,nonhispanic,F,Conway  Massachusetts  US,427 Brakus Glen Unit 24,Sterling,Massachusetts,Worcester County,,42.43311631151588,-71.7675511557488,453080.34,8434.159999999998
9b7f511a-75d4-42f1-a8b2-5c9de9a091bf,1933-05-03,2006-05-17,999-47-1399,S99990003,X55639682X,Mr.,Jose871,Bode78,,,M,white,nonhispanic,M,Canton  Massachusetts  US,771 Brekke Mall,Sharon,Massachusetts,Norfolk County,,42.05804000107481,-71.20283263030191,1671529.56,8529.22
7f2ddba7-7bef-4d2a-be0c-03247c9cf414,1967-07-02,,999-55-7247,S99919327,X11110509X,Mr.,Elwood28,Prosacco716,,,M,white,nonhispanic,M,Sharon  Massachusetts  US,871 O'Keefe Key Unit 24,Taunton,Massachusetts,Bristol County,2780.0,41.94164291006148,-71.13113116537015,1404397.63,3554.72
ad009a6b-3049-4b53-a763-ecfb38a0d912,2012-01-13,,999-81-9191,,,,María Eugenia578,Saiz247,,,,white,hispanic,F,Lima  Lima Province  PE,605 Heller Bay Suite 15,West Springfield,Massachusetts,Hampden County,,42.09258769119396,-72.60279779187339,172584.74,2539.84
048ed4fd-cc2b-4612-a867-d16e6b17cae7,2006-12-25,,999-63-3149,,,,Antwan357,Rau926,,,,white,nonhispanic,M,Charlton  Massachusetts  US,140 Muller Wall Suite 95,Wareham,Massachusetts,Plymouth County,,41.8028478491076,-70.71441869754557,292320.95,3328.96
2e88f209-0873-42f9-a7ff-aa2f0a3ca186,2010-09-25,,999-27-8109,,,,Yahaira79,Schumm995,,,,white,nonhispanic,F,Somerset  Massachusetts  US,745 Emard Camp,Quincy,Massachusetts,Norfolk County,2186.0,42.21211759290972,-71.09502647827678,221709.77,2798.16
fddd1698-5604-43de-a3ed-fefc3e7d3392,2001-11-06,,999-95-1626,S99947044,,Ms.,Idella49,Schmitt836,,,,white,nonhispanic,F,Boston  Massachusetts  US,257 Legros Underpass,Edgartown,Massachusetts,Dukes County,,41.391159405324586,-70.5281028837932,410616.65,13634.069999999998
71d15dd1-0e8e-4901-b9d1-c9de545df14f,1946-07-22,,999-91-5921,S99930192,X63326769X,Mr.,Ulysses632,Prohaska837,,,M,native,nonhispanic,M,Agawam  Massachusetts  US,500 Will Wall,Northampton,Massachusetts,Hampshire County,1053.0,42.32153354879275,-72.6468721227673,1569368.55,436876.5300000008
bcae74eb-6961-4815-b546-a4cb9db1d383,1986-03-19,,999-12-2366,S99955533,X49311265X,Mr.,Warner493,Bechtelar572,,,M,white,hispanic,M,Wellfleet  Massachusetts  US,1001 Rutherford Stravenue Unit 71,Boston,Massachusetts,Suffolk County,2129.0,42.40590472073879,-70.96277986163038,824880.41,3018.88
bcacf4ac-2093-4019-b036-719231fde533,1980-02-09,,999-14-3843,S99938029,X9802361X,Mrs.,Stephani232,Haley279,,O'Kon634,M,white,nonhispanic,F,Melrose  Massachusetts  US,854 Stamm Parade,Boston,Massachusetts,Suffolk County,2132.0,42.31432045715039,-71.04182170388994,824555.22,8329.97
37089e65-5b9e-41be-b941-81ce25771089,2005-04-24,,999-43-6523,,,,Refugio197,Gutmann970,,,,white,nonhispanic,F,Duxbury  Massachusetts  US,946 Nitzsche Road,Weymouth,Massachusetts,Norfolk County,,42.22244160380051,-70.90938812893718,309129.92,3142.28
ee156e34-6c63-4bca-b93d-306ebaf35030,1988-05-17,,999-61-6597,S99977933,X12274769X,Mrs.,Shantae970,Anderson154,,Kling921,M,white,nonhispanic,F,Ashland  Massachusetts  US,400 Howell Gate Apt 53,Wareham,Massachusetts,Plymouth County,,41.76761536635586,-70.73147474250932,642462.4,11297.009999999998
ef1ea780-b520-42f5-9996-9dbcb0409997,1933-05-03,,999-61-3587,S99929967,X25073315X,Mr.,Hector463,Konopelski743,,,M,white,nonhispanic,M,Everett  Massachusetts  US,894 Prohaska Lane,Sharon,Massachusetts,Norfolk County,2067.0,42.11274213873647,-71.18725939966983,1558820.81,18738.09
670e8a35-6683-4089-a653-a85d2ac017b6,1991-06-02,,999-44-4982,S99931526,X80616504X,Mrs.,Marry53,Jenkins714,,Hodkiewicz467,M,white,nonhispanic,F,Shrewsbury  Massachusetts  US,1082 Reinger Esplanade,Billerica,Massachusetts,Middlesex County,,42.53327111517881,-71.2303885542379,646388.37,3508.84
c8f326a6-5b2e-4c5b-8ac3-dc5f72fd545b,1993-09-18,,999-16-9523,S99992111,X77971245X,Mr.,Benito209,Preciado125,,,,white,hispanic,M,Santiago  Santiago Province  CL,725 Denesik Pathway,Stoughton,Massachusetts,Norfolk County,,42.16650628525291,-71.0669867811724,548852.71,2883.04
d54dfe02-679e-4f91-8898-e50397abd5d9,1991-04-18,,999-63-8240,S99989504,X9479918X,Mr.,Bo157,Toy286,,,S,white,nonhispanic,M,Billerica  Massachusetts  US,994 Lubowitz Station Apt 51,Westwood,Massachusetts,Norfolk County,,42.21561330551855,-71.23713725952706,669524.03,3991.2799999999993
583327c6-19a4-4f7f-80ac-f5c1ca259597,1960-08-06,,999-50-9818,S99955788,X22284114X,Ms.,Vernie449,Schultz619,,,S,white,nonhispanic,F,East Bridgewater  Massachusetts  US,845 Weissnat Mews Suite 47,Middleton,Massachusetts,Essex County,,42.59037490365624,-71.00377357541889,1243694.99,12441.399999999998
9c0ef4c9-e0c6-415e-8ec2-f97e24dbf0be,1948-12-15,1981-04-29,999-29-9098,S99932678,X51519189X,Mrs.,Sage164,Gutkowski940,,Swift555,M,white,nonhispanic,F,Somerville  Massachusetts  US,417 Kerluke Skyway Unit 17,Blackstone,Massachusetts,Worcester County,,42.004802209559934,-71.53358600320183,705012.64,15112.91
55bc5f8a-3fcf-4505-b4b7-0e7490012f76,1982-06-01,,999-91-5979,S99917879,X17800340X,Ms.,Luise714,Sporer811,,,S,black,nonhispanic,F,Everett  Massachusetts  US,129 Block Branch Suite 29,Andover,Massachusetts,Essex County,,42.66493355814946,-71.19109717233033,957997.08,11361.64
cc9721b3-7518-4753-a4e4-feb5e3c69dea,2004-04-16,,999-61-7455,S99941601,,,Burt293,Ankunding277,,,,white,nonhispanic,M,Arlington  Massachusetts  US,127 Grimes Ferry Apt 87,Boston,Massachusetts,Suffolk County,2151.0,42.38944773034659,-71.02880499560634,357521.62,12994.12
f6e90c13-e086-4c6a-b856-49ae780e5535,2013-08-20,,999-86-6567,,,,So684,Pfeffer420,,,,white,nonhispanic,F,Concord  Massachusetts  US,273 Pouros Wynd,North Reading,Massachusetts,Middlesex County,,42.59273387731333,-71.12129566645798,174873.75,2421.52
c9f2423d-0dfb-457e-87db-4cb28dbd4f4c,1978-04-22,,999-25-9597,S99986097,X3027688X,Mr.,Glen190,Altenwerth646,,,M,white,nonhispanic,M,Lowell  Massachusetts  US,1061 Leannon Overpass Suite 23,Kingston,Massachusetts,Plymouth County,,41.97708309293948,-70.77984317724408,870175.33,6772.479999999999
84c7a4fe-ab15-4664-aed8-080ed37850fe,1937-08-06,2015-02-15,999-87-8009,S99991304,X21152680X,Mrs.,Beatris270,Schmitt836,,Mraz590,M,white,nonhispanic,F,Malden  Massachusetts  US,947 Padberg Haven,Boston,Massachusetts,Suffolk County,2130.0,42.323363121312525,-71.07562971290477,1556624.06,16344.179999999997
5a8c8a73-e3c2-487f-8e84-130c18a5aa55,1945-11-12,,999-13-2058,S99983794,X60469919X,Mr.,Frederick289,Goldner995,,,S,white,nonhispanic,M,Weymouth  Massachusetts  US,804 Turcotte Fort Unit 29,Chelmsford,Massachusetts,Middlesex County,,42.59774856739258,-71.3961781553782,1383804.03,12216.219999999998
5e7d16ed-ee91-4e63-af47-994d4a4ff252,1965-07-16,,999-85-8004,S99963222,X63316984X,Mrs.,Tisha655,Cormier289,,O'Keefe54,M,white,nonhispanic,F,Wakefield  Massachusetts  US,286 Pfeffer Avenue Apt 13,New Bedford,Massachusetts,Bristol County,2740.0,41.69547202082576,-71.02387276117636,653625.05,3483.8
fab1d699-c60f-4633-89e5-746a73b304f2,1937-04-15,,999-33-5375,S99961262,X31261120X,Mrs.,Kathern391,Upton904,,Barrows492,M,white,nonhispanic,F,Nizhny Novgorod  Nizhny Novgorod Oblast  RU,989 Bradtke Promenade Suite 6,Worcester,Massachusetts,Worcester County,1606.0,42.28784604846301,-71.81234225713087,1443736.3,20606.95
ba3c5997-b081-43b3-ba68-0c351d6d2dd2,1963-11-13,,999-59-1481,S99962430,X25049785X,Mr.,Wm806,Paucek755,,,M,white,nonhispanic,M,Malden  Massachusetts  US,346 Adams Key Apt 30,Fitchburg,Massachusetts,Worcester County,1420.0,42.59995731536467,-71.866139542072,1226989.54,4699.56
73f94330-1b8b-46d1-a29b-bcb114831c6a,1976-02-26,,999-96-4765,S99920442,X4760410X,Mr.,Lacy523,Altenwerth646,,,M,white,nonhispanic,M,North Attleborough  Massachusetts  US,794 Emmerich Ranch,Wendell,Massachusetts,Franklin County,,42.53817320725265,-72.41413662306363,907826.94,3036.32
2c6b297c-3ae3-48ed-9b1d-2063129b7064,1982-11-20,,999-56-2355,S99916249,X74683655X,Mr.,Valentine262,Keeling57,,,M,white,nonhispanic,M,Somerville  Massachusetts  US,705 Kiehn Vista,Taunton,Massachusetts,Bristol County,,41.91767667487208,-71.00172119062817,955977.76,4911.28
064518d4-804b-49ad-ade3-601d2e665c5c,1986-04-04,,999-20-3424,S99973476,X61352169X,Mr.,Harland508,Kerluke267,,,M,white,nonhispanic,M,Scituate  Massachusetts  US,230 Marquardt Frontage road Suite 41,Stow,Massachusetts,Middlesex County,,42.45590717449641,-71.53789584368059,787181.78,4588.759999999999
fc6b0549-d487-4ae4-b0bb-d275759131e3,1958-06-01,2013-06-24,999-40-8033,S99943094,X11080387X,Mrs.,Kimiko714,Bosco882,,Lakin515,M,white,nonhispanic,F,Andover  Massachusetts  US,837 Weissnat Dam Apt 97,New Bedford,Massachusetts,Bristol County,2740.0,41.65398738953555,-70.92288768129087,170045.07,6205.71
f0a1839c-1b5b-4ac3-b88b-75783517d38c,1998-08-17,,999-40-1865,S99958379,X54250681X,Ms.,Lorina403,Beahan375,,,,white,nonhispanic,F,Reading  Massachusetts  US,274 Dibbert Highlands,Lawrence,Massachusetts,Essex County,1841.0,42.674873643077696,-71.19548309287292,455929.81,3086.4
d19abb25-f5e5-4ca5-acf7-53bae866e6f8,1968-10-22,,999-24-1525,S99984397,X11887181X,Mrs.,Gertha313,Hoeger474,,Bradtke547,M,white,nonhispanic,F,Worcester  Massachusetts  US,1074 Reinger Run,Brockton,Massachusetts,Plymouth County,2351.0,42.11520276338808,-71.08195023127357,1197667.78,9487.809999999998
b7a4aba6-0215-4bfa-80dc-caedf37a0c09,1984-03-13,,999-65-6878,S99973352,X19936626X,Mrs.,Christie481,Glover433,,Kuhlman484,M,white,nonhispanic,F,Cologne  North Rhine-Westphalia  DE,762 Herman Union,Auburn,Massachusetts,Worcester County,,42.17247236828385,-71.89361157392986,917486.8,3896.32
aa75618d-1ee2-4494-8682-de8f5011b7b8,1958-06-01,,999-38-2507,S99963167,X18806234X,Mrs.,Digna973,Nolan344,,Roob72,M,white,nonhispanic,F,Winchendon  Massachusetts  US,215 Bins Gate Suite 28,New Bedford,Massachusetts,Bristol County,,41.68847677234061,-70.97581938801774,204044.14,41817.84
1abbfbb8-f0f2-44e1-b7e9-3097b49ab754,1968-01-05,,999-37-8845,S99920887,X4903682X,Ms.,Bunny174,Batz141,,,S,black,nonhispanic,F,Newton  Massachusetts  US,782 Bayer Brook Unit 26,Boston,Massachusetts,Suffolk County,2121.0,42.29302020593208,-71.08940830761772,1116358.18,18079.6
a869be95-2027-4138-88b8-95dbf1dc5e8f,1952-08-04,,999-15-2074,S99945986,X83523418X,Mrs.,Lorean637,Simonis280,,Christiansen251,M,white,nonhispanic,F,Boston  Massachusetts  US,747 Miller Quay,New Salem,Massachusetts,Franklin County,,42.46144579990156,-72.31928374098194,1486787.43,10869.759999999998
9909243e-db24-43bd-b2d3-7c78ec70d9ce,1998-08-02,,999-91-9699,S99953635,X38427665X,Ms.,Petronila724,Kuhlman484,,,,white,hispanic,F,Boston  Massachusetts  US,843 Leffler Light Apt 34,New Bedford,Massachusetts,Bristol County,2740.0,41.60465386408956,-70.91786626610083,473708.44,2958.08
9ad30141-caa4-401d-ac9d-45efad4dbcb9,1991-02-03,,999-20-5135,S99995232,X14850274X,Mrs.,Coreen424,Hamill307,,Kutch271,M,white,nonhispanic,F,Springfield  Massachusetts  US,944 Wisoky Trace Unit 95,Webster,Massachusetts,Worcester County,,42.044356115674645,-71.82283440087888,674195.05,6091.669999999999
58e9894d-bfd4-4f26-91f3-d66d8c0d39d2,1914-08-17,1981-03-10,999-47-8009,S99959326,X63149041X,Mrs.,Blanca837,Mateo562,,Adame662,M,white,hispanic,F,Roseau  Saint George  DM,335 Gottlieb Rapid Suite 26,Fitchburg,Massachusetts,Worcester County,,42.55468085775324,-71.85328865659835,1321941.47,12074.749999999998
8a4c833f-4b68-41c6-8cc7-6449b8627a60,1938-04-15,2009-07-25,999-44-5976,S99935849,X9002069X,Mr.,Marcos263,Senger904,,,S,black,nonhispanic,M,East Longmeadow  Massachusetts  US,287 Bruen Avenue,Milford,Massachusetts,Worcester County,,42.20054989487324,-71.49108900695798,1672807.97,186077.20000000004
4f6ec90c-38c4-40ce-88b7-ca146fbe47dc,1969-04-07,,999-23-7607,S99912253,X32581094X,Mrs.,Nelida367,Powlowski563,,Mohr916,M,white,nonhispanic,F,Leominster  Massachusetts  US,269 Wyman Union,West Springfield,Massachusetts,Hampden County,,42.11858161395468,-72.61358519494691,40125.06,3165.4
f58ecc1f-9764-4469-a691-6be0b3322adb,2009-12-17,,999-59-8817,,,,Noble66,Schaefer657,,,,white,nonhispanic,M,Revere  Massachusetts  US,805 Harvey Arcade Apt 55,Chelmsford,Massachusetts,Middlesex County,,42.60565930214723,-71.34743816746146,255253.69,3352.28
b72d66a0-163e-4071-a501-51d70f0f9c0d,1949-05-23,,999-36-7807,S99961972,X85157270X,Mrs.,Eleonore965,Altenwerth646,,Boyle917,M,white,nonhispanic,F,Worcester  Massachusetts  US,902 Pouros Glen,Stoughton,Massachusetts,Norfolk County,,42.07051171562639,-71.08319324821635,166194.34,9521.47
d81fb952-bde7-45f5-9163-ea9df79ddcba,1960-08-16,1993-12-21,999-78-8679,S99931284,X69745607X,Ms.,Vida128,Friesen796,,,S,white,nonhispanic,F,Worcester  Massachusetts  US,331 Lowe Plaza Suite 85,Leicester,Massachusetts,Worcester County,,42.25005160367787,-71.95089478821632,770149.87,4412.039999999999
2b0db64c-29df-452b-a052-a6de5969846d,1946-09-11,,999-59-4995,S99985712,X53135575X,Mrs.,Débora815,Nájera755,,Estévez304,M,black,hispanic,F,Ponce  Puerto Rico  PR,911 Wintheiser Vista Apt 13,Uxbridge,Massachusetts,Worcester County,,42.097343182400856,-71.66801611473164,1345420.58,13424.799999999996
9c702c80-6f4b-4476-80db-ead248f7e975,1960-08-16,,999-72-6759,S99960275,X5710253X,Mrs.,Colby655,Herman763,,Hermiston71,M,white,nonhispanic,F,Waltham  Massachusetts  US,512 Dibbert Alley,Leicester,Massachusetts,Worcester County,,42.2358568345981,-71.93728105890195,753664.63,5419.52
84f7ff0f-0a7f-4f53-b30e-565bc0a96f38,1978-11-07,,999-18-3634,S99987943,X38121958X,Mr.,Rolf983,Witting912,MD,,M,black,nonhispanic,M,North Andover  Massachusetts  US,340 Hills Station Suite 16,Scituate,Massachusetts,Plymouth County,2066.0,42.2514221501156,-70.75038511019024,1105126.51,2870.6
e87ec805-dfbb-444f-9a86-ba2c05c20a97,1996-04-25,,999-77-5734,S99936700,X13377349X,Mr.,Dante562,Spencer878,,,,white,nonhispanic,M,Marlborough  Massachusetts  US,477 Hackett Estate,Springfield,Massachusetts,Hampden County,,42.07935948555389,-72.53801473844223,555415.55,6745.159999999999
b4bb2b30-6c7d-42d0-aaff-ac3a1a2ab123,1980-08-02,,999-58-1297,S99917056,X86626620X,Mrs.,Briana139,Beier427,,Turner526,M,white,nonhispanic,F,Lexington  Massachusetts  US,721 Waelchi Street Suite 69,Seekonk,Massachusetts,Bristol County,,41.86111892065937,-71.30302718545175,83976.12,5297.969999999998
3dfc32bc-7519-41cd-b959-bf25e189edb7,1991-06-12,,999-53-1118,S99976460,X61721438X,Mrs.,Danelle47,Smith67,,Boyer713,M,white,nonhispanic,F,Boston  Massachusetts  US,978 Bergstrom Brook Suite 40,Yarmouth,Massachusetts,Barnstable County,,41.65098136504368,-70.23149758321495,769951.81,2738.96
001d6ed3-6837-4300-a8b0-1389786caed0,1950-01-24,,999-52-1923,S99921462,X40180798X,Mrs.,Belle514,Krajcik437,,Schmitt836,M,white,nonhispanic,F,Billerica  Massachusetts  US,672 Hagenes Bay,Malden,Massachusetts,Middlesex County,2155.0,42.43089193844578,-71.09022913660404,1579420.15,11452.37
8dd0db96-8b19-4460-8829-e2c005cd353b,1967-11-17,,999-26-1133,S99937742,X25181376X,Mr.,Dorian295,Tromp100,,,M,white,nonhispanic,M,Tyngsborough  Massachusetts  US,183 Nitzsche Tunnel,Watertown,Massachusetts,Middlesex County,,42.41599015157409,-71.21584264116485,1298162.58,8801.68
3e5af47c-897c-4ed0-9a58-f94e25eb0366,1935-07-07,2020-03-29,999-94-2769,S99938067,X37186519X,Mr.,Antione404,Farrell962,,,M,white,nonhispanic,M,Ipswich  Massachusetts  US,526 Walter Ranch Unit 53,Easton,Massachusetts,Bristol County,,42.04223363440456,-71.0621433145618,1548601.12,467858.5700000002
b1035df1-fa72-4ea4-88db-6ceccdf66123,1998-07-14,,999-87-3133,S99972958,X44768749X,Mr.,César846,Ríos175,,,,native,hispanic,M,Caguas  Puerto Rico  PR,504 Bergstrom Flat,Ludlow,Massachusetts,Hampden County,,42.228177940475256,-72.44322100421465,477480.69,3174.72
7c73ec6c-c5db-44fc-9fd4-b95143319ad4,1962-01-12,,999-79-8209,S99923690,X24038651X,Mrs.,Kanisha187,Von197,,Quitzon246,M,black,nonhispanic,F,Acushnet  Massachusetts  US,788 Grimes Tunnel Unit 15,Peabody,Massachusetts,Essex County,1960.0,42.58122483326776,-70.96351361239405,1192828.31,7851.639999999999
a76407bd-29fc-4227-9042-b59de4a8c187,1951-05-31,,999-97-2697,S99961556,X54018885X,Mrs.,Ja391,Dicki44,,Rosenbaum794,M,white,nonhispanic,F,Chicopee  Massachusetts  US,1081 Heathcote Park,Williamstown,Massachusetts,Berkshire County,,42.73975959419042,-73.25671720747403,1444718.5,17953.319999999996
4563a4fe-9b1b-42ec-8ea5-c34b176f2b36,1961-11-10,,999-43-9640,S99956358,X71047176X,Mr.,Barry322,Connelly992,,,M,white,nonhispanic,M,Middleborough  Massachusetts  US,191 Yost Mews Apt 68,Boston,Massachusetts,Suffolk County,2121.0,42.32411736473034,-71.13462495732017,179709.86,6027.48
bc0fe056-cf6c-4d51-8cde-838908677dad,1969-05-14,2020-03-21,999-31-3447,S99949546,X48309842X,Mr.,Roy364,Renner328,,,S,white,nonhispanic,M,Billerica  Massachusetts  US,700 Thompson Row,Braintree,Massachusetts,Norfolk County,2184.0,42.21033406557355,-70.97290056261012,1324066.17,13703.759999999998
5f16f0f7-a09f-42be-a375-f285411e369a,1977-07-01,,999-35-9513,S99990782,X47997019X,Mr.,Peter292,Ortiz186,,,M,white,hispanic,M,Waltham  Massachusetts  US,328 Lemke Corner Apt 92,Athol,Massachusetts,Worcester County,,42.54983628690737,-72.23180184872767,134026.14,11248.58
cfb70601-ad12-42a8-9be2-bea2c9f88b6b,1971-11-02,,999-77-7735,S99938014,X8245129X,Mr.,Bradley693,Veum823,,,S,white,nonhispanic,M,Dalton  Massachusetts  US,570 Howell Gateway Apt 23,Spencer,Massachusetts,Worcester County,1562.0,42.20476318635588,-71.99833538714222,1055456.28,8542.949999999999
58fd6d40-089f-4ff3-8513-6a0585367323,1979-03-24,,999-57-1260,S99981347,X35129220X,Mrs.,Marth98,Schmidt332,,Dare640,M,white,nonhispanic,F,Fall River  Massachusetts  US,634 Will Dam Suite 39,Gloucester,Massachusetts,Essex County,,42.64174040934837,-70.69473260198087,950348.83,12360.849999999997
1defc844-66f4-4540-b22c-f63f4ac9014c,1984-06-28,,999-45-6101,S99984109,X35466311X,Mr.,Shon148,Mante251,,,M,white,nonhispanic,M,Boston  Massachusetts  US,577 Bartoletti Annex,Brookline,Massachusetts,Norfolk County,2445.0,42.28930671253263,-71.16891580266368,741419.42,4020.44
8b1fe30f-e943-4fb4-b21a-3c4a416a22af,1988-02-12,,999-57-2361,S99914139,X66973812X,Mrs.,Birdie301,Mitchell808,,Larson43,M,white,nonhispanic,F,Waltham  Massachusetts  US,990 Erdman Skyway,Plainville,Massachusetts,Norfolk County,,42.00438163309693,-71.38163659810814,742344.75,3732.96
2460c26d-408e-41c1-9855-bebfa38a71bc,1956-04-23,,999-97-6396,S99977355,X43880328X,Mr.,Moses679,Blanda868,,,M,white,hispanic,M,Salem  Massachusetts  US,982 Kuphal Track Suite 37,Leicester,Massachusetts,Worcester County,,42.28247560690672,-71.91493760774898,1708949.24,4700.48
f010e5ea-bcd9-45e4-9173-ab4e0560c4ce,1987-11-27,,999-29-3632,S99948532,X7357831X,Mrs.,Magdalena964,Torphy630,,Schumm995,M,white,nonhispanic,F,Gardner  Massachusetts  US,211 Cronin Port Suite 90,Easthampton,Massachusetts,Hampshire County,1027.0,42.26698267297002,-72.7702045092927,672292.57,4846.999999999999
3329444e-1d12-499c-822c-947b7933e378,1991-12-10,,999-38-5802,S99948774,X11448617X,Mrs.,Mai109,Williamson769,,Wiza601,M,white,nonhispanic,F,Natick  Massachusetts  US,217 Wiza Path,Yarmouth,Massachusetts,Barnstable County,,41.66417865095539,-70.19651159763505,645268.27,3643.0
2bbbb58c-7049-4a55-92ed-a9fb3d3236a1,1943-07-25,,999-84-8056,S99910961,X15216962X,Mr.,Robin66,Gutkowski940,,,M,asian,hispanic,M,Natick  Massachusetts  US,458 Frami Dam,Boston,Massachusetts,Suffolk County,2116.0,42.30896914646562,-71.14527768193838,278462.15,21284.73
e8650663-7165-4b20-adaa-2a74df96c416,1935-07-07,,999-44-4317,S99981202,X25722250X,Mr.,Mervin111,Sipes176,,,M,white,nonhispanic,M,Webster  Massachusetts  US,173 Hodkiewicz Rue Apt 6,Easton,Massachusetts,Bristol County,,42.01795449089156,-71.15374075772147,1638040.19,16734.97
c4801a67-5f7e-4a9a-aa39-311345fa72e3,1965-02-26,,999-95-7219,S99986353,X54021044X,Mrs.,Magnolia736,Simonis280,,Marks830,M,white,nonhispanic,F,Boston  Massachusetts  US,203 Rippin Club Suite 9,Quincy,Massachusetts,Norfolk County,2171.0,42.29013540810403,-71.01847061977287,45376.29,3085.72
4bdce7ed-611d-46f0-9004-a0ae382238a5,2009-12-09,,999-57-6663,,,,Lashaun800,Wintheiser220,,,,white,nonhispanic,F,North Attleborough  Massachusetts  US,715 Howe Meadow Suite 70,Brookline,Massachusetts,Norfolk County,2445.0,42.290140950976216,-71.12294708196208,265013.7,2730.68
a095988a-0cfa-4bc7-b7bf-e37733c63958,1952-12-04,,999-59-4986,S99937841,X649739X,Mrs.,Katy259,Berge125,,Simonis280,M,asian,nonhispanic,F,Incheon  Incheon  KR,1040 Hoppe Union Apt 37,Newton,Massachusetts,Middlesex County,2467.0,42.33987981974447,-71.2965898072044,1368263.77,10083.97
f85414c3-fdf9-4a2f-84af-f2a3f7cff105,1960-03-10,,999-83-3691,S99965574,X72405948X,Mr.,Andre610,Eichmann909,,,M,white,nonhispanic,M,Framingham  Massachusetts  US,673 Boyle Spur,Gardner,Massachusetts,Worcester County,,42.55569939993551,-71.96216939080739,194698.71,38923.91
4086a8dd-c2f5-4908-a5c3-8269cd232a96,1966-07-21,,999-12-2325,S99962593,X1774789X,Mrs.,Mayte822,Ferrer164,,Robles531,M,white,hispanic,F,Salisbury  Saint Joseph Parish  DM,614 Walker Landing,Attleboro,Massachusetts,Bristol County,,41.901174323902815,-71.34418283148693,1110045.16,7616.719999999999
788008b1-4c04-400f-8d9b-2358439772d4,1987-11-01,,999-95-6818,S99952496,X44721888X,Mr.,Aurelio227,Labadie908,,,S,black,nonhispanic,M,Natick  Massachusetts  US,472 Morar Flat,Boston,Massachusetts,Suffolk County,2119.0,42.39800486999678,-71.07317741104384,24158.41,0.0
2ac36b4e-7e6f-47ef-b501-2f06cab3805a,2004-08-31,,999-48-6784,,,,Jeanine128,O'Reilly797,,,,white,nonhispanic,F,Orange  Massachusetts  US,1016 Bogisich Gateway,Stoughton,Massachusetts,Norfolk County,,42.10883282983913,-71.10191300445591,322533.89,2785.64
d65b9be0-c288-4931-b77b-3c3119fca3c4,1988-02-03,2018-05-23,999-78-4427,S99970853,X32071171X,Mr.,Kraig824,Kohler843,,,S,white,nonhispanic,M,Boston  Massachusetts  US,201 Wehner Dam,Tewksbury,Massachusetts,Middlesex County,,42.62506067579932,-71.22550563821086,772570.41,4472.13
1cefa5ce-cf96-4c51-adf0-9eecc40ab0e9,1988-02-03,,999-25-6332,S99974064,X53768688X,Mr.,Wilburn655,Watsica258,,,S,white,nonhispanic,M,Boston  Massachusetts  US,394 Carter Parade,Tewksbury,Massachusetts,Middlesex County,,42.65114860005497,-71.2738687678533,856941.17,2703.12
b1d1aa25-d42f-4ab9-b63d-a88627239a4a,1965-04-08,2020-03-16,999-68-4179,S99967487,X37409073X,Mr.,Evan94,Terry864,,,S,white,nonhispanic,M,Amherst  Massachusetts  US,201 Bernhard Rue Apt 66,Springfield,Massachusetts,Hampden County,1109.0,42.12188723278705,-72.53424769644593,1406257.21,11508.13
06908721-ccb5-498a-8b7c-6fdd28f4cab0,1994-09-04,,999-36-2844,S99998155,X79870214X,Mr.,Bradley693,Koelpin146,,,,white,nonhispanic,M,Attleboro  Massachusetts  US,615 McLaughlin Dale,Hardwick,Massachusetts,Worcester County,,42.38076244711231,-72.26156425323863,691361.34,2774.8
49bd2385-f212-4da2-8ce3-c7081ededfe7,1954-05-20,,999-97-3874,S99999052,X19492822X,Mrs.,Dannette613,McCullough561,,Stoltenberg489,M,white,nonhispanic,F,Westborough  Massachusetts  US,745 Grimes Track,Wilbraham,Massachusetts,Hampden County,,42.12919779251023,-72.4516706479507,1418859.1700000002,10463.339999999998
ebafc7e0-129b-4287-b2ed-9918d76c7204,1983-12-09,,999-48-2847,S99969913,X16805934X,Mr.,Howard613,Hessel84,,,S,white,nonhispanic,M,North Adams  Massachusetts  US,835 Parisian Frontage road,Worcester,Massachusetts,Worcester County,1604.0,42.32527402739496,-71.79562546352938,112496.9,4223.79
822c26ab-644a-4c89-b5eb-147051e45e2c,1982-11-23,,999-51-3496,S99918646,X32013195X,Mrs.,Leonor133,Ulibarri312,,Huerta329,M,black,hispanic,F,Tegucigalpa  Francisco Morazán  HN,291 Franecki Street Suite 5,Revere,Massachusetts,Suffolk County,,42.38005957660136,-71.03080580116696,885670.8,14301.619999999995
d5d91c8e-d594-48f9-be43-4b8cb7942f56,1985-08-08,,999-53-4442,S99968011,X26491831X,Mr.,Pedro316,Larson43,,,M,white,nonhispanic,M,Marshfield  Massachusetts  US,569 Fadel Hollow Apt 20,Mansfield,Massachusetts,Bristol County,,41.99213106218905,-71.23756325878719,756266.57,3495.72
d9edcd7a-490f-45b9-ae84-39b899dac35c,1986-10-20,,999-54-2917,S99961403,X34003686X,Mrs.,Cheree978,Krajcik437,,Strosin214,M,white,nonhispanic,F,Lowell  Massachusetts  US,438 Koelpin Course Unit 65,Duxbury,Massachusetts,Plymouth County,,42.09337205275983,-70.71622016849287,879982.27,4779.81
64b83dd4-e710-4134-bf81-e6db363696f5,2015-10-23,,999-40-8674,,,,Jerry654,O'Connell601,,,,white,nonhispanic,F,Boston  Massachusetts  US,564 Pfannerstill Walk Apt 38,Randolph,Massachusetts,Norfolk County,,42.218381420978766,-71.09255158567478,21256.71,516.64
ccbb2cab-ec04-4ede-862b-93228d3b4486,1941-04-01,2019-07-05,999-88-3496,S99949982,X13454951X,Mr.,Milford485,Dicki44,,,M,white,nonhispanic,M,Cambridge  Massachusetts  US,904 Hoppe Corner Apt 56,Carlisle,Massachusetts,Middlesex County,,42.560074186232,-71.39782210758801,1463699.16,44434.02
de6bd558-9ebd-4bb8-81d8-0ee4546fc165,1926-11-14,1985-12-02,999-27-2148,S99945150,X27396680X,Mr.,Olin642,Altenwerth646,,,M,white,nonhispanic,M,Tewksbury  Massachusetts  US,114 Murazik Run Apt 21,Milford,Massachusetts,Worcester County,1757.0,42.170033340768406,-71.55740747515057,1356773.18,5738.52
b6540b8d-45e5-4eee-a07a-453b507554d4,1941-04-01,1959-06-27,999-65-2458,S99932464,,Mr.,Eugenio846,Zieme486,,,,white,nonhispanic,M,Waltham  Massachusetts  US,1024 Wilderman Union,Carlisle,Massachusetts,Middlesex County,,42.55097891289874,-71.39118083835262,378216.24,2408.84
018cb507-a35e-4d94-a556-eba9a6ec06d0,1960-03-12,,999-82-4932,S99934765,X12059298X,Mrs.,Karyn217,Abshire638,,Simonis280,M,white,nonhispanic,F,Dighton  Massachusetts  US,532 Walter Skyway,Haverhill,Massachusetts,Essex County,1835.0,42.77324755000711,-71.05945808426675,43626.16,4633.659999999999
f584f1c3-9a07-4c9a-b278-440d3229e75a,1973-08-16,,999-65-4329,S99915453,X33270685X,Mrs.,Laree109,Bogisich202,,Frami345,M,white,nonhispanic,F,Marlborough  Massachusetts  US,141 Upton Ville,Everett,Massachusetts,Middlesex County,,42.38585850283126,-71.02124955998806,162541.26,39613.5
8cd6c531-33ac-4a40-899b-033874168154,1963-11-10,,999-54-8155,S99959513,X5830494X,Mrs.,Leanne251,Smitham825,,Nolan344,M,white,nonhispanic,F,Tewksbury  Massachusetts  US,239 Larkin Mill,Lawrence,Massachusetts,Essex County,,42.67334740511696,-71.16475865946178,185045.76,24129.63
fd233003-ccd7-45f1-8ba7-b7799a3d2147,1951-02-06,,999-91-2796,S99992033,X72535188X,Mr.,Luciano237,Collier206,,,S,black,nonhispanic,M,Attleboro  Massachusetts  US,943 Jacobson Village Unit 94,Brockton,Massachusetts,Plymouth County,,42.06065057201328,-71.02417370516739,1350858.51,7535.759999999999
842cef29-8381-4657-a8af-81492c04dcad,1960-02-02,,999-10-4774,S99994294,X11056526X,Mrs.,Jeniffer557,Lind531,,Marquardt819,M,white,nonhispanic,F,Paxton  Massachusetts  US,245 Flatley Port Suite 78,Hanson,Massachusetts,Plymouth County,,42.03771643876535,-70.84917713401579,1347427.75,11464.979999999998
5ec5d377-5468-48f8-adc4-3b27e0f3d63c,1959-10-04,,999-18-2897,S99970802,X13733920X,Mr.,Florencio463,Wisozk929,,,M,white,nonhispanic,M,Randolph  Massachusetts  US,1074 Hane Station,Quincy,Massachusetts,Norfolk County,2170.0,42.22390916280061,-70.96413466555306,1299763.67,6760.879999999999
81799b33-84ce-4568-bc90-10fc97214971,1966-12-21,1981-07-22,999-16-3017,,,,Sherie778,Monahan736,,,,white,nonhispanic,F,Attleboro  Massachusetts  US,1057 Jacobs Parade Apt 95,Quincy,Massachusetts,Norfolk County,2171.0,42.28236942953029,-70.9601992545481,46468.26,2697.24
60b1aee3-c811-4cae-81c5-019095bc5ce3,1926-11-14,2005-06-12,999-35-9820,S99953869,X25891749X,Mr.,Mickey576,Corkery305,,,M,white,nonhispanic,M,Winchester  Massachusetts  US,759 Beer Harbor Apt 98,Milford,Massachusetts,Worcester County,,42.20835769568862,-71.49891849236955,1694157.26,10953.15
e30df01b-5dfe-4a04-8b7e-1ee52e958436,1982-08-04,,999-23-3771,S99983748,X4613826X,Mrs.,Richelle340,Hills818,,Dicki44,M,white,nonhispanic,F,Chelsea  Massachusetts  US,286 Prosacco Loaf Suite 6,Ludlow,Massachusetts,Hampden County,,42.1765722851447,-72.41040619648966,768361.37,7713.309999999999
96a83a19-acbf-4385-a214-b03fb424e228,1995-01-14,2020-03-15,999-17-8003,S99922371,X39922988X,Mr.,Nicolas769,Eichmann909,,,,white,nonhispanic,M,Worcester  Massachusetts  US,1088 Franecki Viaduct Apt 16,Acton,Massachusetts,Middlesex County,,42.48874585775618,-71.44696228833058,517596.3,2944.72
158ae778-5508-477e-9c49-6c965f387d0b,1995-01-14,,999-89-4233,S99969246,X70250644X,Mr.,Emery884,Simonis280,,,,white,nonhispanic,M,Lawrence  Massachusetts  US,467 Schuppe Meadow Apt 32,Acton,Massachusetts,Middlesex County,,42.48727566998932,-71.42100310178405,675597.59,3346.44
025185f5-b19b-4062-8f77-bbd201fc66c2,1966-12-21,,999-61-2922,S99993934,X45963561X,Mrs.,Bettyann83,Lynch190,,Carter549,M,white,nonhispanic,F,Salem  Massachusetts  US,879 Spinka Loaf,Quincy,Massachusetts,Norfolk County,2169.0,42.27868973399806,-71.03659248204018,175550.01,23246.8
69562da7-5b18-4a21-baf1-26876eda92f4,1965-01-06,2004-12-31,999-31-8114,S99965795,X79454885X,Mrs.,Angelica442,Walter473,,Deckow585,M,white,nonhispanic,F,Boston  Massachusetts  US,512 Hoeger Ville,Boston,Massachusetts,Suffolk County,2108.0,42.40286786720586,-71.0435221401605,812547.31,9170.679999999998
29e1c3fe-2ed7-45c2-8174-0129b5c89c0e,1953-01-31,1987-02-28,999-51-4129,S99920020,X12911088X,Mr.,Garland107,McKenzie376,,,M,white,nonhispanic,M,Salem  Massachusetts  US,421 Shanahan Overpass Suite 46,Andover,Massachusetts,Essex County,1810.0,42.66443100589314,-71.14888718288327,825752.52,3528.8
04d2329a-7b70-49d3-b9b8-e59c525f4322,1999-01-24,,999-68-2200,S99944297,X87258395X,Ms.,Lawrence741,Armstrong51,,,,white,nonhispanic,F,Brookline  Massachusetts  US,231 Turcotte Rue Unit 3,West Springfield,Massachusetts,Hampden County,,42.16645867808954,-72.62741346159874,578059.24,2791.48
1b5e6484-b170-4d6f-b237-62b4c56e14c5,1957-08-04,2000-08-27,999-61-8551,S99956578,X13912410X,Ms.,Ursula220,O'Connell601,,,S,white,nonhispanic,F,Malden  Massachusetts  US,807 Stoltenberg Club,Shrewsbury,Massachusetts,Worcester County,,42.312700069008514,-71.74845352810702,954198.4,5216.119999999999
31753545-cebe-44c2-9e42-308c30eec2a5,1969-12-23,,999-96-8553,S99964847,X37691641X,Mr.,Linwood526,Heathcote539,,,M,white,nonhispanic,M,Boston  Massachusetts  US,454 Eichmann Ferry Unit 4,Westfield,Massachusetts,Hampden County,1085.0,42.15414162955315,-72.76486353321138,1040695.42,4492.8
27ade8d7-ece7-4c52-b4ae-f64da288c447,1961-07-25,,999-21-2958,S99982206,X5305429X,Mrs.,Sherilyn598,Jast432,,Greenholt190,M,asian,nonhispanic,F,Waltham  Massachusetts  US,539 Langworth Underpass,Somerville,Massachusetts,Middlesex County,,42.360323513086286,-71.14314038500649,1359871.83,11897.77
c782a898-c85a-4720-86d0-00eda3f2be22,1969-01-04,,999-74-6305,S99957684,X7058998X,Ms.,Lyda594,Bruen238,,,S,white,nonhispanic,F,Boston  Massachusetts  US,187 Dare Estate,Oxford,Massachusetts,Worcester County,1540.0,42.143001477598936,-71.84099876947471,1198041.94,10120.249999999998
d6c67e76-eeaa-41f4-aed7-23a132e7b89b,1973-10-21,2013-03-03,999-80-9728,S99944703,X19001807X,Mr.,Elroy493,Littel644,,,M,white,nonhispanic,M,Brockton  Massachusetts  US,922 Cormier Lodge Suite 14,Boston,Massachusetts,Suffolk County,2127.0,42.34934593653816,-71.07692779663877,134864.67,29225.46
462c5624-1dd3-4e1b-baab-b17cdd8f74ef,1995-03-20,,999-31-4066,S99910718,X61727600X,Mr.,Tomas436,Dietrich576,,,,white,nonhispanic,M,Hinsdale  Massachusetts  US,772 Armstrong Lock Unit 32,Boston,Massachusetts,Suffolk County,2163.0,42.371090819966895,-71.09277424578059,610414.2,3538.04
c9674479-ed4e-4913-912a-7f3bd1d83184,1989-10-16,,999-86-4362,S99986896,X68773137X,Mr.,Freeman822,O'Connell601,,,M,white,nonhispanic,M,Mashpee  Massachusetts  US,763 Bailey Common,Hanson,Massachusetts,Plymouth County,2341.0,42.04518808543305,-70.91663306148085,635006.47,3971.28
bec2d295-7ad7-4450-9285-b5c429801fca,1991-09-25,,999-56-9674,S99917104,X63207651X,Ms.,Ming325,Lehner980,,,S,white,hispanic,F,Lakeville  Massachusetts  US,337 Leffler Camp,Boston,Massachusetts,Suffolk County,2127.0,42.38049246526333,-71.0143325202765,92952.59,8683.419999999998
a3462bc0-935c-4ba0-9bd5-7a047d98543f,1990-04-18,,999-15-1309,S99932053,X74258180X,Mrs.,Cassondra930,Mohr916,,Carroll471,M,white,nonhispanic,F,Plymouth  Massachusetts  US,584 Parisian Branch,Lynn,Massachusetts,Essex County,1906.0,42.46620204189773,-71.00939859096604,729248.95,3278.04
1359272f-cef3-46ea-85d9-caaf07ecce33,2013-12-15,,999-54-6148,,,,Fredric73,Lind531,,,,white,nonhispanic,M,Gardner  Massachusetts  US,854 Balistreri Ferry Suite 65,Chelsea,Massachusetts,Suffolk County,,42.42709599130364,-71.00931879186038,5256.02,0.0
0c543900-431d-48cc-b9ea-3249d92e6110,1982-12-12,,999-90-1669,S99973554,X60337509X,Mrs.,Katelyn962,Wilderman619,,Nicolas769,M,white,nonhispanic,F,Lawrence  Massachusetts  US,944 Koepp Bridge,Lexington,Massachusetts,Middlesex County,2420.0,42.40958786540455,-71.2799145813862,679580.03,6620.119999999999
03e65848-942f-42b0-82f8-ddcfd7ef75c8,1997-01-14,,999-82-1283,S99978604,X49084746X,Ms.,Adriana394,Burgos636,,,,white,hispanic,F,Buenos Aires  Ciudad de Buenos Aires  AR,761 Hessel Ranch Apt 18,Winchester,Massachusetts,Middlesex County,,42.41794977466769,-71.17774470269741,464311.92,4163.56
00fb0c2d-042a-45c8-afba-a643803e9ce7,1926-11-14,1992-11-03,999-92-1315,S99951871,X23985640X,Mr.,Len277,Huels583,,,M,white,nonhispanic,M,Boston  Massachusetts  US,743 Schoen Port Apt 12,Milford,Massachusetts,Worcester County,,42.13195711611501,-71.536131154801,1738294.44,95872.89000000004
64e0bf12-9bf9-4ff4-9b52-972e556fcea3,1916-06-21,1996-01-17,999-52-6578,S99912139,X76346942X,Mr.,Kory651,Grady603,,,M,white,nonhispanic,M,Needham  Massachusetts  US,627 Sauer Bridge,Dennis,Massachusetts,Barnstable County,,41.75139733939636,-70.172010340823,1463223.37,19645.4
b2e3480f-7949-4728-9ffa-5c49113f7ac3,1996-06-26,,999-65-6645,S99943156,X23245540X,Mr.,Trey250,Hahn503,,,,white,nonhispanic,M,Lowell  Massachusetts  US,623 Christiansen Ramp Suite 68,Methuen,Massachusetts,Essex County,,42.72085638204128,-71.17764359674412,547621.34,3077.24
a226e280-33c6-47cb-ab0f-69895ec9c884,1956-07-08,,999-33-7719,S99960669,X26213888X,Mr.,Jaime666,Volkman526,,,S,white,nonhispanic,M,Somerville  Massachusetts  US,323 Barton Dale Apt 90,Franklin,Massachusetts,Norfolk County,,42.133636249893335,-71.41092279209849,196589.86,7271.879999999999
ac73a2a2-9b4f-412e-91f7-5debd4be6720,1936-04-20,,999-39-2706,S99925572,X32352501X,Mrs.,Signe792,Will178,,Daniel959,M,white,nonhispanic,F,Dracut  Massachusetts  US,751 Heathcote Underpass Apt 34,Boston,Massachusetts,Suffolk County,2110.0,42.33720356446657,-71.00237519172916,1531893.28,11223.73
38967272-1a82-4d94-ac46-9a813f953280,1930-03-09,2009-08-05,999-20-1567,S99922237,X60580714X,Mr.,Ethan766,Herman763,,,M,white,nonhispanic,M,Boston  Massachusetts  US,568 Rosenbaum Path Suite 13,Amesbury,Massachusetts,Essex County,,42.89366065370088,-70.97096551566261,2092697.86,185786.09999999995
9eb6afea-1235-4296-974d-0aaa398f289c,1926-11-14,2016-07-10,999-46-4446,S99981420,X74821685X,Mr.,Jacinto644,Sipes176,,,S,white,nonhispanic,M,Reading  Massachusetts  US,968 Grant Gardens Unit 12,Milford,Massachusetts,Worcester County,1757.0,42.121248105436166,-71.56026854663376,1573748.25,25674.85
9c6fc2d7-c08f-4fe2-be87-c85b65d9cdc0,1938-04-26,2004-11-17,999-69-1288,S99983468,X68829194X,Mrs.,Zulma701,Lind531,,Stracke611,M,white,nonhispanic,F,Mashpee  Massachusetts  US,518 Mayer Divide,Springfield,Massachusetts,Hampden County,,42.14520096532313,-72.58679116691246,215103.67,39352.91
3b279a37-d3f4-4a94-97de-53272dff9807,1916-06-21,2014-06-27,999-25-8699,S99932304,X83260871X,Mr.,Marion502,Schinner682,,,S,white,nonhispanic,M,Methuen  Massachusetts  US,957 Kreiger Mall,Dennis,Massachusetts,Barnstable County,2638.0,41.74773952714814,-70.17706598614761,1843702.42,31052.46
d3391d27-7f2e-4067-80c4-2c786dac20db,1958-05-07,,999-97-5281,S99989884,X19721708X,Mr.,Wilbert25,Sporer811,,,M,white,nonhispanic,M,Worcester  Massachusetts  US,940 Blick Burg Apt 75,Freetown,Massachusetts,Bristol County,,41.79671104444489,-71.04083354689172,1352773.3,9073.55
6342d059-1848-4ba6-9dd8-d27c65e9f445,1943-05-20,,999-98-5708,S99974183,X49333805X,Mrs.,Vada440,Stiedemann542,,D'Amore443,M,white,nonhispanic,F,Worcester  Massachusetts  US,755 Volkman Common,North Attleborough,Massachusetts,Bristol County,,41.9671881976015,-71.36428374982758,1452391.79,24373.28
8e481409-3cb9-4e53-9765-a14bb6ff1d00,2005-01-21,,999-48-1521,,,,Kirby843,D'Amore443,,,,white,nonhispanic,F,Canton  Massachusetts  US,765 Larson Row,Dartmouth,Massachusetts,Bristol County,,41.59338639566579,-70.9616412830536,334298.32,3783.08
55ba0d43-d4e5-457c-9f0b-c5e131f6842b,1981-05-10,,999-70-7644,S99978381,X89278494X,Mrs.,Edyth30,Roob72,,West559,M,white,nonhispanic,F,Milan  Lombardy  IT,162 Leannon Underpass,Quincy,Massachusetts,Norfolk County,2170.0,42.24864078336472,-70.96617286757879,946621.4,7405.359999999999
3541bbf1-c634-4eb7-8c80-2662dc08d4bf,1930-03-09,1992-06-03,999-63-4071,S99959645,X9684119X,Mr.,Oren284,Bins636,,,M,white,nonhispanic,M,Watertown  Massachusetts  US,253 Davis Lodge Apt 34,Amesbury,Massachusetts,Essex County,1913.0,42.83914020557784,-70.91184174817553,1320171.37,6144.999999999999
a8c22cb5-d267-4ee7-aeb5-8fc7d9a20811,1951-04-15,,999-91-5985,S99998796,X76122697X,Mrs.,Luci727,Donnelly343,,O'Keefe54,M,white,nonhispanic,F,Needham  Massachusetts  US,1041 Gottlieb Track,Wrentham,Massachusetts,Norfolk County,,42.00491098391986,-71.35544142414402,883257.8,13518.65
bed61459-3202-45be-9cd2-ec66b54cea45,2001-11-01,,999-58-1613,S99969673,,Mr.,Logan497,Harber290,,,,asian,nonhispanic,M,Waltham  Massachusetts  US,589 Harvey Dale Apt 55,Medford,Massachusetts,Middlesex County,,42.40652411335244,-71.10191356654778,381161.99,2889.76
6e331912-784b-4fa0-90ed-449c0294497e,1996-04-13,,999-90-3109,S99920834,X64644331X,Ms.,Helena807,Howe413,,,,white,nonhispanic,F,Mansfield  Massachusetts  US,706 Hand Road,Northborough,Massachusetts,Worcester County,,42.283310091025946,-71.67786056973979,501208.65,6449.279999999998
e9a6f776-7430-4c51-bd61-a48a79a56bd5,1930-03-09,2015-12-27,999-32-9670,S99913122,X87792312X,Mr.,Rigoberto443,Goldner995,,,M,white,nonhispanic,M,Fitchburg  Massachusetts  US,897 Ryan Estate Suite 32,Amesbury,Massachusetts,Essex County,1913.0,42.877670318710834,-70.9795793942212,1492138.07,53178.69999999998
48eafff9-80ec-4e33-830b-de99c32a6afd,1983-10-25,,999-15-2359,S99975336,X30251062X,Mr.,Olin642,Johns824,,,M,white,nonhispanic,M,New Bedford  Massachusetts  US,313 Howe Hollow Apt 51,Quincy,Massachusetts,Norfolk County,,42.21662226620071,-71.07261237794133,977626.42,2722.28
702e8b73-69b5-4f7b-b895-4ed3017e8797,1985-12-22,,999-26-8641,S99934668,X52742053X,Mr.,Millard193,Gleason633,,,M,white,nonhispanic,M,Worcester  Massachusetts  US,615 Heidenreich Trace,Pittsfield,Massachusetts,Berkshire County,,42.46835751869739,-73.3208700488053,835728.93,7523.41
e8f7d1f2-5d5e-4cce-bb35-12058da79a2b,1951-07-18,,999-28-3450,S99943683,X85593322X,Mr.,Harold594,Cummerata161,,,M,white,nonhispanic,M,Hingham  Massachusetts  US,368 Lind Spur,North Reading,Massachusetts,Middlesex County,,42.53352196604451,-71.1099379535765,1429004.9,9869.19
3d9b4374-61e2-45c4-a158-a44e7a4ca6fb,1955-08-09,,999-54-9001,S99987033,X9271327X,Mr.,Agustín529,Galarza986,,,M,white,hispanic,M,Kingston  Kingston  JM,433 Mraz Parade,Lawrence,Massachusetts,Essex County,1841.0,42.75221750684058,-71.16514136325972,1336317.48,8444.839999999998
52b557e8-25fc-46ca-8bd1-6b1388a6d61b,1979-11-18,,999-61-4224,S99978321,X1647704X,Mrs.,Carolina179,Maestas764,,Hernádez343,M,white,hispanic,F,San Jose  San Jose  CR,214 Weber Frontage road,Beverly,Massachusetts,Essex County,1915.0,42.51100945822754,-70.88009223327954,772389.35,10980.69
23293da4-b79e-41f3-8d3d-81271dfe368a,1962-04-13,,999-90-8422,S99923620,X27301382X,Mrs.,Syble581,Runolfsdottir785,,Leuschke194,M,black,nonhispanic,F,Gardner  Massachusetts  US,499 Reichert Path Apt 91,Saugus,Massachusetts,Essex County,,42.48788055210896,-71.04520796402532,1405590.78,9007.109999999999
7532b0f3-785e-40bd-8cd6-55d500140b49,1999-12-16,,999-90-5917,S99926430,X3640964X,Ms.,Stacey209,Marquardt819,,,,white,nonhispanic,F,Grafton  Massachusetts  US,962 Heaney Bridge,Brockton,Massachusetts,Plymouth County,,42.13336810067217,-71.03798208376966,496820.53,4616.45
97711737-96aa-4dd2-bb35-ce7ec39c97f1,1973-11-06,,999-12-1741,S99915040,X25184481X,Mr.,Francesco636,Mueller846,,,M,white,nonhispanic,M,Hanover  Massachusetts  US,312 Ankunding Junction,Dartmouth,Massachusetts,Bristol County,,41.56404916888995,-70.95718720602116,1183568.85,8676.689999999999
86c64ef5-4c87-4d62-9476-6b21bac49455,1975-05-30,,999-40-4082,S99962610,X57826981X,Mrs.,Elvie131,Monahan736,,Labadie908,M,white,nonhispanic,F,Needham  Massachusetts  US,719 West Mission,Natick,Massachusetts,Middlesex County,,42.33030543098115,-71.36588028665025,968538.82,8044.949999999999
cb05dc06-6eca-43fc-8369-51989c0a96b7,1976-09-17,,999-83-8370,S99913406,X16197684X,Mr.,Frederick289,Cummerata161,,,S,white,nonhispanic,M,Randolph  Massachusetts  US,259 Barton Neck Unit 61,Mattapoisett,Massachusetts,Plymouth County,,41.695637146776896,-70.78068368037808,1109610.11,5017.08
98c0a2e8-46cd-4fa2-81cf-6d37b2f76383,1970-02-08,,999-60-8205,S99949502,X63100829X,Mrs.,Judy192,Bruen238,,Homenick806,M,white,nonhispanic,F,Dracut  Massachusetts  US,313 Fahey Grove Suite 20,Athol,Massachusetts,Worcester County,,42.51616900867871,-72.21818527786503,1182678.78,9560.069999999998
490d0270-ca9f-4c8c-9113-e923954a1b0c,2016-01-29,,999-70-6267,,,,Rossie247,Wiza601,,,,white,nonhispanic,F,Franklin  Massachusetts  US,251 Murray Ranch Suite 72,Boston,Massachusetts,Suffolk County,2124.0,42.35459598063514,-71.04891409723788,27145.61,714.9599999999999
279659bd-2d38-45af-b9bf-d5654b5b14fb,1930-03-09,1988-09-25,999-58-3770,S99930697,X79703909X,Mr.,Jerry654,Thompson596,,,M,white,nonhispanic,M,Middleborough  Massachusetts  US,420 Moore Trailer,Amesbury,Massachusetts,Essex County,,42.80706230068245,-70.94005699028268,1345930.36,4318.679999999999
f12acec3-c3ca-4f98-8a97-847a2077a34e,1961-11-02,1967-11-14,999-69-8680,,,,Brittany443,Hamill307,,,,white,nonhispanic,F,Wellesley  Massachusetts  US,767 Stehr Byway Unit 36,Brockton,Massachusetts,Plymouth County,,42.099383931071735,-70.97076474144956,162112.71,1112.4
ef97b344-2ff2-4a9e-8bdb-a5e75a8aaad5,1967-01-21,,999-10-4035,S99980780,X15064432X,Mr.,Leopoldo762,Pfannerstill264,,,M,white,nonhispanic,M,Framingham  Massachusetts  US,817 Gulgowski Dam,Reading,Massachusetts,Middlesex County,1867.0,42.50759587577459,-71.078800331211,1158527.06,6122.57
7151e00e-b5af-4cf8-9de6-0e4042c878e2,2004-08-07,,999-66-7837,,,,Charlyn749,Mills423,,,,white,nonhispanic,F,Everett  Massachusetts  US,999 Baumbach Loaf Suite 16,Billerica,Massachusetts,Middlesex County,,42.53004786884496,-71.22929073916106,324627.27,2785.64
0d3476e9-3e9d-4539-a7bb-af289525af1c,1992-08-11,,999-91-9582,S99960432,X81719987X,Mrs.,Kaila152,Luettgen772,,Thiel172,M,white,nonhispanic,F,Auburn  Massachusetts  US,890 Kunze Way,Quincy,Massachusetts,Norfolk County,2186.0,42.25050172301852,-70.992655590893,532174.53,5540.279999999999
891ed724-599d-4074-a46d-cc4f31b439a4,2000-05-03,,999-85-9798,S99944132,X76469923X,Ms.,Randi364,Fisher429,,,,white,nonhispanic,F,Attleboro  Massachusetts  US,113 Ondricka Lane,New Bedford,Massachusetts,Bristol County,2746.0,41.69069529308149,-71.01077398721799,66791.87,9298.12
50238923-1018-401e-ab05-930f5f00be5f,1961-07-07,,999-89-6382,S99988116,X64291070X,Mrs.,Magdalene960,Bradtke547,,Jast432,M,white,nonhispanic,F,Dracut  Massachusetts  US,591 Gorczany Grove,Orleans,Massachusetts,Barnstable County,2653.0,41.78082175739839,-70.01901843752233,1566794.04,4164.679999999999
0f9a2841-5238-495c-a9c6-1da10d94b54a,1953-03-15,,999-74-4235,S99999611,X68127168X,Mr.,Chad48,Blanda868,,,M,white,nonhispanic,M,Lyon  Auvergne-Rhone-Alpes  FR,397 Thiel Forge,Peabody,Massachusetts,Essex County,1940.0,42.52900029877443,-70.92298153513538,1522209.61,9802.3
130e390c-8462-47be-9792-bf272e6ab05b,2009-03-14,,999-88-8070,,,,Anja508,Feeney44,,,,white,nonhispanic,F,Easton  Massachusetts  US,754 Blanda Forge Apt 18,Dracut,Massachusetts,Middlesex County,,42.65057119789834,-71.33568457569439,243740.2,3070.64
cef0671b-a3c3-40d1-ba33-855211c672b4,1961-01-03,,999-25-9276,S99950491,X2707341X,Mr.,Lindsey52,Zboncak558,,,M,white,nonhispanic,M,Gloucester  Massachusetts  US,179 Wiegand Stravenue,Winchester,Massachusetts,Middlesex County,,42.4144704426113,-71.12235328533593,1225279.71,5526.08
a4aef194-8e1c-4937-bc31-b97eae67ead6,1967-02-15,,999-14-3159,S99951244,X28356543X,Mr.,Von197,Reilly981,,,M,white,nonhispanic,M,Ludlow  Massachusetts  US,365 Roberts Port,Quincy,Massachusetts,Norfolk County,2170.0,42.210461455260415,-71.09448475074379,163737.69,5981.099999999999
205aa9b7-42b3-46b9-8110-edb2c58c3ac6,2014-11-10,,999-46-1260,,,,Noriko180,Kuphal363,,,,white,nonhispanic,F,Andover  Massachusetts  US,995 Orn Crossing,Easton,Massachusetts,Bristol County,,42.01932958648205,-71.1546574639791,143056.39,2084.88
54e2f2e1-6b52-423b-98e3-9a54c62b21d8,1997-10-08,,999-56-1306,S99910913,X23768642X,Ms.,Gisela897,Gorczany269,,,,white,nonhispanic,F,Waltham  Massachusetts  US,124 Russel Ramp,Dalton,Massachusetts,Berkshire County,,42.4471034979596,-73.15682382620426,70125.2,4582.55
efc3b3b0-77b7-428d-b1e7-e1c5d08a197a,1991-03-09,2020-01-25,999-69-6559,S99939207,X48052046X,Mr.,Dong972,Davis923,,,M,white,nonhispanic,M,Fall River  Massachusetts  US,637 Bashirian Path Suite 58,Cambridge,Massachusetts,Middlesex County,2142.0,42.41023929588595,-71.10772250724624,699825.74,3278.88
8f58e3e6-72df-43c8-877d-326592bbddc6,1989-04-28,,999-15-8108,S99932226,X86541077X,Mrs.,Parthenia862,Lowe577,,Schinner682,M,white,nonhispanic,F,New Bedford  Massachusetts  US,999 Mayer Junction,Berkley,Massachusetts,Bristol County,,41.80685515710517,-71.10556550757423,683739.22,7455.199999999999
21489b8a-cbd0-49ce-ae87-9905ed89d17f,2010-09-07,,999-77-2500,,,,Elsa29,Smitham825,,,,white,nonhispanic,F,Ludlow  Massachusetts  US,419 Gerlach Loaf Apt 34,Wakefield,Massachusetts,Middlesex County,1940.0,42.50216236620409,-71.05153302811411,224868.18,2620.68
c2acd57d-75ce-4a2c-b385-e48c48594780,1966-04-25,,999-69-4262,S99997069,X71824377X,Mr.,Manuel446,Polanco94,,,M,white,hispanic,M,Caracas  Capital District  VE,753 Thiel Parade Unit 65,Gloucester,Massachusetts,Essex County,,42.64102325408534,-70.63880496048749,1367890.51,4334.639999999999
9801c288-599f-40a7-8551-f49546e4f6a7,1949-11-09,,999-91-8540,S99999155,X21912449X,Mrs.,Brittni468,O'Hara248,,Pacocha935,M,white,nonhispanic,F,Canton  Massachusetts  US,242 Spinka Bridge,Boston,Massachusetts,Suffolk County,2163.0,42.32522844354559,-71.14519779517391,1561007.35,10138.28
ee28b91d-4bfa-46c2-96ef-531694875f3c,1945-07-24,,999-22-1313,S99924859,X75356023X,Mrs.,Tomeka87,Hammes673,,Davis923,M,white,nonhispanic,F,Cologne  North Rhine-Westphalia  DE,555 Goodwin Neck,Lawrence,Massachusetts,Essex County,1843.0,42.67377751420633,-71.17786488261007,1518601.2200000002,19264.58
122f2005-0c51-4a8f-aa2f-0bedda4d75b4,1964-04-18,,999-12-7878,S99919714,X83413274X,Ms.,Babara869,Sanford861,,,S,white,nonhispanic,F,Fitchburg  Massachusetts  US,307 Corwin Bypass,Oxford,Massachusetts,Worcester County,1540.0,42.13046178045291,-71.82162136459705,1283087.48,17827.319999999996
e7b5419a-8a1f-4581-ab0a-f60f1e85823d,1973-04-03,,999-64-8532,S99943497,X64502376X,Mrs.,Gertude950,Satterfield305,,Jacobi462,M,white,nonhispanic,F,Newton  Massachusetts  US,174 Goldner Bay Unit 57,Wellesley,Massachusetts,Norfolk County,,42.27845252561875,-71.29885108459382,996346.25,11332.639999999998
50467584-ed66-4f00-b127-2376fb197e2f,1986-10-24,1998-09-18,999-79-4112,,,,Lenny728,Gerlach374,,,,white,hispanic,M,Cohasset  Massachusetts  US,556 Corwin Light,Southwick,Massachusetts,Hampden County,,42.05291951345158,-72.73682629847613,247908.34,1425.64
cdd951ce-0bcf-447e-aaeb-d9c3ac2147c6,2007-04-19,,999-38-7679,,,,Pa577,Borer986,,,,white,nonhispanic,F,Boston  Massachusetts  US,1043 Beier Mill,Wilbraham,Massachusetts,Hampden County,1095.0,42.182706863261046,-72.42347011686687,332455.44,3187.32
d011dc18-5303-4879-badb-32007293b43d,1986-10-24,,999-37-3963,S99979537,X43788926X,Mr.,Pasquale620,Klocko335,,,S,white,hispanic,M,Arlington  Massachusetts  US,447 Simonis Mall,Southwick,Massachusetts,Hampden County,,42.06868999884207,-72.78968869697043,770910.21,3071.36
c9f1261f-0e1b-4d13-be82-44b29bfd108b,1992-07-30,,999-39-1079,S99943668,X41180580X,Ms.,Zenia843,Carroll471,,,S,white,nonhispanic,F,Holliston  Massachusetts  US,506 Denesik View,Brookline,Massachusetts,Norfolk County,2446.0,42.30712202243888,-71.15489741027199,681112.3,5839.74
bca906eb-2eb2-493a-8791-fa77f3fbb129,2007-03-19,,999-32-6570,,,,Leopoldo762,Huel628,,,,white,nonhispanic,M,Lynn  Massachusetts  US,662 Jenkins Skyway,Franklin,Massachusetts,Norfolk County,,42.03851257000837,-71.4336754766256,304373.91000000003,3137.32
1c6c41eb-85a2-42b2-84c0-d290a23b4897,1999-12-09,,999-16-8663,S99960238,X17013913X,Ms.,Tania553,Volkman526,,,,black,nonhispanic,F,Leicester  Massachusetts  US,592 Gottlieb Overpass Unit 24,Boston,Massachusetts,Suffolk County,2152.0,42.30754024641569,-71.13626509526632,432997.12,10402.74
82dd067a-5a0c-40d9-b9ad-8790a4ebcf6c,1947-09-04,,999-74-2683,S99961279,X68254353X,Mrs.,Trula820,Dicki44,,Torp761,M,white,nonhispanic,F,Yarmouth  Massachusetts  US,246 Quigley Boulevard,Lowell,Massachusetts,Middlesex County,1854.0,42.6596358474226,-71.35582585253883,249273.92,9827.44
a417125b-b1a4-4d89-8c78-21d673b196f5,2012-01-07,,999-16-7995,,,,Armando772,Kihn564,,,,white,nonhispanic,M,Barnstable  Massachusetts  US,235 Roob Row,Belmont,Massachusetts,Middlesex County,2138.0,42.44027883659064,-71.18294526691952,202808.29,2644.84
dceaaefa-bb02-457a-8dc5-c8ead4991346,1986-08-24,,999-73-5521,S99981961,X40957273X,Mr.,Angel97,Shields502,,,M,white,nonhispanic,M,Medford  Massachusetts  US,204 Kiehn Wall,Hopkinton,Massachusetts,Middlesex County,1748.0,42.27039299316362,-71.58627030943278,781625.9,5357.839999999999
65015ff1-dc2c-4fe6-9ad7-6a16992b962b,1952-11-25,,999-83-2672,S99943533,X43673257X,Mrs.,Billy698,Ankunding277,,McDermott739,M,white,nonhispanic,F,Monson  Massachusetts  US,721 Goldner Neck,Middleton,Massachusetts,Essex County,,42.57271521157542,-70.96706682295644,1654756.71,15470.249999999996
bcfce140-18b5-46c7-89ed-f885a298858d,2000-05-20,,999-92-7910,S99971288,,Mr.,Carmine137,Schroeder447,,,,white,nonhispanic,M,Weymouth  Massachusetts  US,902 Larson Lock Apt 53,Chelsea,Massachusetts,Suffolk County,2149.0,42.39794285638652,-70.98999354517305,63260.65,7275.059999999999
51eef3e7-71a1-49f4-acd1-a4dc30c84abc,1917-11-26,,999-51-7542,S99953921,X55850950X,Mr.,Elmer371,Ratke343,,,M,white,nonhispanic,M,Chelsea  Massachusetts  US,158 Weimann Trailer Unit 84,Cohasset,Massachusetts,Norfolk County,,42.2847305499539,-70.76639176794083,1530319.49,16836.93
41322f7d-dc59-45e4-8fa2-e1d090704844,2009-08-05,,999-91-9893,,,,Otto672,Howell947,,,,white,nonhispanic,M,Quincy  Massachusetts  US,629 Crist Parade Apt 72,Wenham,Massachusetts,Essex County,,42.56972696442615,-70.86377597691708,273785.84,2661.52
ebc0256a-9b18-4f5b-974e-062796ccb883,1965-03-27,,999-76-9435,S99911952,X42440923X,Mr.,Eli762,Towne435,,,M,white,nonhispanic,M,Cambridge  Massachusetts  US,150 Harber Trailer,Fairhaven,Massachusetts,Bristol County,,41.63983152750843,-70.87858789312314,1132905.49,4732.799999999999
9fd3a5ea-ee72-4eb0-9ef7-3e0e0313771f,1985-09-14,,999-85-5083,S99928877,X3773242X,Mr.,Issac619,Kshlerin58,,,M,white,nonhispanic,M,Hanson  Massachusetts  US,923 Pagac Rapid Apt 11,North Adams,Massachusetts,Berkshire County,1247.0,42.72397391147409,-73.13101770699565,807984.92,4411.28
ef9d22fd-f6c4-40ec-81c3-b1bad52a1553,2005-03-18,,999-97-2349,,,,Shila857,Hickle134,,,,white,nonhispanic,F,Pembroke  Massachusetts  US,977 Schuster Rapid,Bourne,Massachusetts,Barnstable County,2532.0,41.75299604417189,-70.6261999765473,350978.99,3992.2
57164285-ec40-4a44-b6b6-f8802d6063b8,1959-03-23,,999-29-3449,S99985282,X46008804X,Mr.,Timothy142,Barton704,,,M,white,nonhispanic,M,Manchester-by-the-Sea  Massachusetts  US,658 Brown Gateway,Boston,Massachusetts,Suffolk County,2130.0,42.35024563545266,-71.05637136324395,1419731.29,7191.799999999999
2a838636-3880-4e45-8aec-5432f807bba9,1981-01-23,,999-77-4544,S99971372,X88218023X,Mrs.,Tressa150,Zemlak964,,Sawayn19,M,white,nonhispanic,F,Mansfield  Massachusetts  US,979 Simonis Lodge Suite 81,Fairhaven,Massachusetts,Bristol County,,41.60096658390194,-70.91999882237457,814519.44,4462.0
c8a68da0-37c9-4813-867a-9b69ff414fba,1946-01-25,,999-27-6615,S99943336,X84175368X,Mr.,Brock407,Nienow652,,,M,white,nonhispanic,M,Westfield  Massachusetts  US,1043 Romaguera Flat,Plainville,Massachusetts,Norfolk County,,42.02225851444543,-71.35859878115937,1536969.92,12492.71
761fa476-ae8e-4eea-b211-88f21dd20d81,1932-08-01,2004-11-12,999-37-2982,S99994342,X44838319X,Mr.,Hoyt490,Stanton715,,,S,asian,nonhispanic,M,Shrewsbury  Massachusetts  US,912 Harber Hollow,Barnstable,Massachusetts,Barnstable County,2655.0,41.66401050259785,-70.371330093084,1518009.75,349585.5500000001
df0b33a8-768a-417b-8ddd-ddb3e175404e,1964-07-12,,999-41-6799,S99962977,X59353126X,Mr.,Cordell41,Hilpert278,,,M,white,nonhispanic,M,Millbury  Massachusetts  US,654 Cartwright Grove,Worcester,Massachusetts,Worcester County,1603.0,42.246745823072125,-71.73963742233427,1451142.89,6640.28
44888945-8cb7-44f2-a13b-ab468fb98e3a,1967-09-10,2020-03-19,999-36-1693,S99943959,X25571373X,Mr.,Randall756,Nader710,,,M,asian,nonhispanic,M,Incheon  Incheon  KR,959 Dietrich Viaduct,Shirley,Massachusetts,Middlesex County,,42.58658461260891,-71.65213074926152,1394142.74,3554.72
d123913a-a75f-4214-b031-6f45a3c9c0a7,1970-06-21,,999-60-1871,S99928989,X19390527X,Mr.,Chris95,Schmeler639,,,M,white,nonhispanic,M,Shrewsbury  Massachusetts  US,551 Sporer Estate Apt 79,Athol,Massachusetts,Worcester County,1331.0,42.58271819529409,-72.16314155965789,1234128.32,6235.28
9cb0fbc1-6c95-42c0-b567-0dbeabd72fe6,2006-01-05,,999-81-4055,,,,Johnnie679,Wintheiser220,,,,white,nonhispanic,F,Taunton  Massachusetts  US,1064 Mayert Overpass Unit 84,Wenham,Massachusetts,Essex County,,42.60630042889432,-70.91252071506653,339589.31,5692.04
19a7866b-d77b-4c73-96d2-616e5c496444,1935-07-12,,999-26-1887,S99947517,X81594252X,Mrs.,Ava220,Miller503,,Kshlerin58,M,white,nonhispanic,F,Fairhaven  Massachusetts  US,252 Heidenreich Trail,Yarmouth,Massachusetts,Barnstable County,,41.62758435629492,-70.25660815179258,1418146.4,22197.16
84fec561-28c4-4905-918f-94078490ec58,1932-08-01,1999-08-15,999-27-9356,S99921971,X45580524X,Mr.,Chauncey770,Morissette863,,,M,asian,nonhispanic,M,Haverhill  Massachusetts  US,663 Bruen Estate,Barnstable,Massachusetts,Barnstable County,,41.61662310554173,-70.33891326498424,1731734.6,4539.599999999999
f4af53cf-56bb-4df2-9c21-e516b98aca68,1967-09-10,,999-29-4174,S99925722,X42095737X,Mr.,Allan198,Kirlin939,,,M,asian,nonhispanic,M,Daegu  Daegu  KR,963 Ziemann Junction,Shirley,Massachusetts,Middlesex County,1464.0,42.54624501156568,-71.63692717251999,1279678.15,5465.36
a980007c-9170-4aaf-b87e-83eb194b2645,1932-08-01,1997-08-21,999-36-6198,S99912767,X48065527X,Mr.,Rico947,Marquardt819,,,S,asian,nonhispanic,M,Worcester  Massachusetts  US,421 Kirlin Tunnel Unit 64,Barnstable,Massachusetts,Barnstable County,2648.0,41.72009162983891,-70.29447923378048,1581666.03,7134.25
763d58eb-c321-40d9-ab9a-6a34ea6d022f,2002-01-17,,999-33-4073,S99967943,,Ms.,Catina822,Wilderman619,,,,white,nonhispanic,F,Swansea  Massachusetts  US,789 Feest Path Apt 62,Barnstable,Massachusetts,Barnstable County,2672.0,41.683789331127066,-70.34774756502121,379491.14,6509.279999999999
19f0641b-e165-4086-a946-e9e5b0eabe34,1915-10-28,2007-05-15,999-50-7463,S99974399,X27670343X,Mrs.,Heide509,Tremblay80,,Hyatt152,M,white,nonhispanic,F,Norton  Massachusetts  US,180 Murray Neck,Dighton,Massachusetts,Bristol County,,41.801981792925474,-71.16983246272905,1527542.6,25071.08
bf6b83f9-7b8f-4fcc-8e80-94a6dd0005ce,1959-11-27,,999-67-5463,S99934636,X81855695X,Ms.,America446,Schimmel440,,,S,asian,nonhispanic,F,Hanoi  Hà Đông  VN,630 Zieme Plaza Suite 66,Natick,Massachusetts,Middlesex County,,42.30620827732382,-71.36115807518188,1228203.99,22436.83
4a397de0-c22d-4b23-8c25-b41a1faec1e9,2014-02-11,,999-90-5436,,,,Stan246,Schamberger479,,,,white,nonhispanic,M,Lakeville  Massachusetts  US,750 Armstrong Union,Northborough,Massachusetts,Worcester County,,42.30468151784022,-71.67755605716113,131537.7,2232.36
8f075f5f-aca8-4595-b12c-e64e5e3cd6da,1917-12-11,2004-07-12,999-85-7082,S99920838,X64449552X,Mrs.,Stefany238,Swaniawski813,,Skiles927,M,white,nonhispanic,F,Plainville  Massachusetts  US,955 Pfannerstill Extension Apt 3,Scituate,Massachusetts,Plymouth County,2066.0,42.163698997683134,-70.74384969843977,1398671.76,19769.31
ef0c09d5-4f87-40f1-a3f7-4b8623f44d4c,1993-03-14,,999-87-4392,S99948026,X78180649X,Mrs.,Herlinda751,Heller342,,Tremblay80,M,white,nonhispanic,F,Southwick  Massachusetts  US,619 Bartoletti Dale Suite 10,Worcester,Massachusetts,Worcester County,,42.23603746275894,-71.87246655850102,149146.83000000002,3675.479999999999
3def92f0-bf95-4289-bfc9-f1c83887bb19,1945-10-17,,999-26-1581,S99914973,X55802761X,Mrs.,Loria303,Hahn503,,Christiansen251,M,black,nonhispanic,F,New Bedford  Massachusetts  US,866 Braun Ville,Boston,Massachusetts,Suffolk County,2210.0,42.33409402856672,-71.05189940036813,1495964.14,23996.44
b19e4146-125c-42d4-87ce-fd7cb2a8e521,1932-08-01,1999-02-15,999-19-5466,S99957808,X15662064X,Mr.,Geoffrey157,Gutmann970,,,M,asian,nonhispanic,M,Chelsea  Massachusetts  US,856 Schimmel Camp Apt 6,Barnstable,Massachusetts,Barnstable County,2675.0,41.6558452813611,-70.29954836693418,1951660.24,15573.859999999995
7b9537bb-0ac0-4508-867e-08f86ae40d53,1931-04-19,,999-91-9494,S99957729,X20165903X,Mr.,Adalberto916,Veum823,,,S,black,nonhispanic,M,Boston  Massachusetts  US,1088 Oberbrunner Camp Suite 73,Boston,Massachusetts,Suffolk County,2115.0,42.40285913104076,-71.04402444030391,1739452.4300000002,24115.61
90f0bcf5-aebb-4d7c-acc1-ff62ea45664c,1969-03-19,2020-05-22,999-77-8054,S99977463,X44545810X,Mr.,Augustine565,McLaughlin530,,,M,white,nonhispanic,M,Lowell  Massachusetts  US,725 Hudson Estate Apt 15,Plainville,Massachusetts,Norfolk County,,41.966347296647626,-71.37561321342788,1377950.13,4624.56
94c88d12-4daf-47fc-b1ce-17fb33452212,1932-08-01,2020-03-09,999-25-3662,S99963629,X47778422X,Mr.,Fernando603,Wolff180,,,M,asian,nonhispanic,M,Shrewsbury  Massachusetts  US,1024 Jakubowski Avenue Apt 29,Barnstable,Massachusetts,Barnstable County,,41.75353129991813,-70.25319195583367,1562412.06,16836.32
65e0719e-7213-4af6-a87a-3e13c4d21107,1943-11-02,2020-03-17,999-32-8527,S99941278,X38650336X,Ms.,Melva551,Ratke343,,,S,black,nonhispanic,F,Boston  Massachusetts  US,741 Wolf Stravenue Apt 51,Falmouth,Massachusetts,Barnstable County,,41.570574253358494,-70.64418843007346,1635413.58,16887.93
e2dcf5c5-3507-4c7f-98fc-21cb3ed4debf,1979-09-19,,999-59-4264,S99938443,X656362X,Mr.,Steven797,Rutherford999,,,M,white,nonhispanic,M,Boston  Massachusetts  US,636 Moen Avenue Unit 1,Revere,Massachusetts,Suffolk County,,42.3986526156084,-70.97212118890074,986675.92,8412.519999999999
81947a74-87f0-41bd-8f39-4157d6172543,2004-07-19,,999-87-6328,,,,Jinny850,Hagenes547,,,,white,nonhispanic,F,Springfield  Massachusetts  US,409 Hane Junction,Wilmington,Massachusetts,Middlesex County,1887.0,42.585517391575806,-71.16385325120463,346888.61,3116.44
4fa4ca54-0b8c-4450-b342-445eba7ef457,2018-07-02,,999-31-7499,,,,Frieda277,Kris249,,,,white,nonhispanic,F,Novosibirsk  Novosibirsk Oblast  RU,756 Erdman Course Apt 74,Springfield,Massachusetts,Hampden County,1106.0,42.15040090643185,-72.56362186146211,50520.0,1171.6
dcd612bd-6faf-4c91-b4bc-4746f8387211,1915-10-28,1976-05-12,999-92-7713,S99937475,X58819124X,Mrs.,Maryam561,Schumm995,,Klein929,M,white,nonhispanic,F,Wilmington  Massachusetts  US,777 Maggio Landing,Dighton,Massachusetts,Bristol County,,41.8314023497794,-71.16267727088601,1353888.35,8781.64
d8f8acf5-306d-478e-b8ef-022c5b79fa9c,1917-12-11,,999-44-2192,S99911483,X84953105X,Mrs.,Sonia106,Zboncak558,,Prosacco716,M,white,nonhispanic,F,Haverhill  Massachusetts  US,302 Homenick Arcade,Scituate,Massachusetts,Plymouth County,2066.0,42.191214412099015,-70.76550652790164,1603911.73,46977.13
e96b6b53-3713-4b69-afb5-24da7006c82e,1951-01-14,,999-21-9816,S99918122,X24538844X,Mrs.,Latashia561,McCullough561,,Rippin620,M,white,nonhispanic,F,Acton  Massachusetts  US,506 Kuhic Club,Watertown,Massachusetts,Middlesex County,2472.0,42.403486912699776,-71.1987640672697,1406017.46,13957.77
0ff755c4-014c-494c-998e-f12e512808c6,2019-03-24,,999-31-3298,,,,Gale827,Howell947,,,,white,nonhispanic,M,Milton  Massachusetts  US,1009 Lebsack Passage Apt 2,Rutland,Massachusetts,Worcester County,,42.36718207178634,-72.00832556900892,26395.02,645.8
5efddad5-70c3-4c50-a70e-33a70b7ca8ff,1986-11-25,,999-63-6144,S99987529,X77180205X,Mr.,Sergio619,Limón43,,,M,black,nonhispanic,M,San Salvador  El Salvador  SV,1057 Bradtke Overpass Suite 15,Boston,Massachusetts,Suffolk County,2109.0,42.320942705493614,-71.08569403840228,51381.73,1959.84
465edce3-4574-41d4-b872-11beaf808662,1915-10-28,1988-04-30,999-29-1199,S99993867,X17692421X,Ms.,Julienne688,Nitzsche158,,,S,white,nonhispanic,F,Lowell  Massachusetts  US,148 Parisian Spur Apt 83,Dighton,Massachusetts,Bristol County,,41.84977687425735,-71.16068456373101,1425958.92,13618.679999999998
f85b8440-3446-41f4-ad11-3c6050ba22ca,1957-03-25,,999-64-5173,S99979040,X24379197X,Mr.,Burt293,Hyatt152,,,M,white,nonhispanic,M,Newton  Massachusetts  US,807 Boyer Village Suite 79,Dartmouth,Massachusetts,Bristol County,,41.54862515089128,-70.95601758431488,1622983.37,8378.439999999999
0c9911f5-3179-4536-b1fe-645d4ae31d7b,1963-09-01,2020-03-13,999-87-3755,S99935648,X42727137X,Mr.,Shawn523,Johnson679,,,M,white,nonhispanic,M,Springfield  Massachusetts  US,759 Carter Bridge Unit 30,Grafton,Massachusetts,Worcester County,,42.255680796314486,-71.6401997922049,1235724.37,30114.91
d8875458-eea3-43bc-9f78-01682ec3b41e,1932-08-01,2001-10-17,999-55-9982,S99954191,X42836258X,Mr.,Zachery872,Leffler128,,,S,asian,nonhispanic,M,Malden  Massachusetts  US,400 Hirthe Trail Apt 42,Barnstable,Massachusetts,Barnstable County,2632.0,41.62017099097189,-70.2513095514662,1734475.76,353566.48000000004
321fbf9c-f9d6-46a1-a326-27e7fbeee8e7,1956-09-28,,999-30-8218,S99915325,X22655606X,Mrs.,Janeth814,Feil794,,Quigley282,M,white,nonhispanic,F,Clinton  Massachusetts  US,481 Kunde Boulevard Suite 83,Boston,Massachusetts,Suffolk County,2120.0,42.33240826785373,-71.10771874748927,201307.75,20734.45
f7179e1b-d798-4759-bb14-0dae3b5596e4,1947-11-29,2020-03-15,999-46-8185,S99940219,X80616764X,Mrs.,Ching589,Reynolds644,,Ullrich385,M,white,nonhispanic,F,Boston  Massachusetts  US,152 Hessel Dale Suite 66,Lincoln,Massachusetts,Middlesex County,,42.37874252233614,-71.29707701481499,1497908.6,11767.13
66e8787d-fc5a-454a-93a9-90d8eca0499d,1982-09-06,,999-60-6068,S99948334,X75664792X,Mr.,Thomas756,Bayer639,,,M,white,nonhispanic,M,Cambridge  Massachusetts  US,281 Cole Meadow Suite 30,Somerville,Massachusetts,Middlesex County,,42.40261172062705,-71.08019349301809,115836.3,38495.99
26e8fcdb-c9fc-4d31-bdcb-5cb4138f8512,1996-09-22,,999-23-4785,S99987272,X12436182X,Mr.,Evan94,Wiza601,,,,white,nonhispanic,M,Westford  Massachusetts  US,798 Hintz Way,Boston,Massachusetts,Suffolk County,2132.0,42.38973761042779,-71.05205658800227,631922.75,3143.12
76f15123-fdf6-4296-9002-0c4140dee43d,1993-12-04,,999-85-1933,S99914424,X45874068X,Ms.,Florene115,Becker968,,,,white,nonhispanic,F,Burlington  Massachusetts  US,868 Ortiz Street,Quincy,Massachusetts,Norfolk County,2171.0,42.26307292892301,-70.98492820593955,653460.02,5498.52
4b0e7590-ef29-495b-aa1d-7ab6bcaeb45e,1951-09-08,,999-88-2164,S99972814,X48720115X,Mr.,Kurt412,Huels583,,,M,white,nonhispanic,M,Arlington  Massachusetts  US,657 Kohler Spur,Everett,Massachusetts,Middlesex County,2148.0,42.4298267634768,-71.09851347024224,259463.34,94656.62999999998
98d9e9e8-307c-4eed-a763-967ffab71c43,1947-11-29,,999-44-5518,S99927555,X62236810X,Mrs.,Elenora790,Walker122,,Hermiston71,M,white,nonhispanic,F,Springfield  Massachusetts  US,493 Renner Walk Unit 50,Lincoln,Massachusetts,Middlesex County,,42.41201284543888,-71.315673915201,1458407.45,19417.93
a7972f2c-a6b6-4f34-9d4a-0f545c7ca87a,1973-07-16,,999-67-6747,S99914480,X42514223X,Mrs.,Kimberlie352,Jones311,,Ward668,M,white,nonhispanic,F,West Bridgewater  Massachusetts  US,270 Schmeler Crossing,Westfield,Massachusetts,Hampden County,1086.0,42.15204282528791,-72.78845292473827,1041361.74,6515.599999999999
437486f5-57ac-42b0-a5f2-a00945262e33,2007-10-21,,999-78-5102,,,,Earl438,Hansen121,,,,white,nonhispanic,M,Amherst  Massachusetts  US,790 Haag Overpass,Boston,Massachusetts,Suffolk County,2215.0,42.34058873793743,-71.17442413838944,276066.06,7313.99
f37f4a47-2a57-40e6-8ca5-cf4c24607a99,2015-11-27,,999-22-8086,,,,Lorenzo669,Grant908,,,,white,nonhispanic,M,Boston  Massachusetts  US,132 Treutel Fort,Canton,Massachusetts,Norfolk County,,42.173872704958605,-71.08353073591849,119065.75,1679.08
6628dd02-0f1c-4197-afcc-c473c0437adf,1994-11-12,2020-03-27,999-36-3456,S99970416,X77653957X,Mr.,Scottie437,Beatty507,,,,white,nonhispanic,M,Woburn  Massachusetts  US,573 Pfeffer Annex,Braintree,Massachusetts,Norfolk County,,42.24104578236948,-70.96207464433132,614544.75,3601.36
fbf2cbb6-42d7-4a46-82e9-23e4cc1c0787,2002-04-20,,999-99-5542,S99928448,,Mr.,Bertram873,Moen819,,,,white,nonhispanic,M,Chicopee  Massachusetts  US,1046 Graham Lodge Suite 14,Waltham,Massachusetts,Middlesex County,2472.0,42.41528487999037,-71.1384598940351,372681.56,2791.44
019d3004-53c5-465d-a942-5be964f01497,1984-04-01,,999-72-5064,S99932461,X50920668X,Mr.,Vaughn909,Brown30,,,M,white,nonhispanic,M,Somerville  Massachusetts  US,116 Schneider Mill,Saugus,Massachusetts,Essex County,,42.467784219849136,-71.00255843563255,117324.09,12727.29
a8767e45-59a8-4e49-b32c-661bc0926eb5,1921-07-29,1996-02-18,999-25-6759,S99971440,X60382487X,Mrs.,Gidget756,Nader710,,Watsica258,M,white,nonhispanic,F,Amherst  Massachusetts  US,927 Gorczany Byway,Methuen,Massachusetts,Essex County,1841.0,42.760392484126726,-71.11651469570329,1583085.6,11404.89
b0886bc0-842d-4b04-9e7b-73a17925fc82,2012-11-12,,999-52-5497,,,,Sang383,Olson653,,,,white,nonhispanic,M,Harwich  Massachusetts  US,428 Stamm Bridge Suite 4,Pepperell,Massachusetts,Middlesex County,,42.658228934962274,-71.58482469640157,2742.21,0.0
da1368ab-548e-48df-81e7-f07676435840,1973-02-21,,999-29-4542,S99913651,X60005496X,Mr.,Linwood526,Kessler503,,,M,white,nonhispanic,M,Lowell  Massachusetts  US,731 Kiehn Light Apt 92,Colrain,Massachusetts,Franklin County,,42.73394097225475,-72.66194927065591,973120.85,4186.24
461a72c4-5892-4c81-9edd-9ef8553d7b79,1960-08-02,,999-24-2263,S99985541,X89030848X,Mrs.,Ariel183,Feest103,,Feest103,M,white,nonhispanic,F,Greenfield  Massachusetts  US,393 Streich Branch Suite 21,Beverly,Massachusetts,Essex County,1915.0,42.53587058224522,-70.88973437094256,1450258.57,10248.409999999998
1963d2b5-50ab-407d-bedc-dec29dcb1c2e,1950-07-15,,999-68-1272,S99954309,X76854594X,Mrs.,Kyoko885,Stroman228,,Skiles927,M,white,nonhispanic,F,Pembroke  Massachusetts  US,1032 Heidenreich Skyway,Dracut,Massachusetts,Middlesex County,,42.683676361963,-71.25880207333313,1375811.33,11484.649999999998
96b042e5-e62b-408e-8a6c-21c9ae2f1b34,1980-02-12,,999-62-2703,S99916110,X6854106X,Mr.,Darell496,Hermann103,,,M,white,nonhispanic,M,New Bedford  Massachusetts  US,144 MacGyver Passage,Attleboro,Massachusetts,Bristol County,2861.0,41.89283523175221,-71.37719919296458,972961.2,3340.52
98b4517d-78df-4011-9394-f059e20240e9,1974-03-20,,999-54-1116,S99988952,X48625693X,Mr.,Hugo693,Towne435,,,M,white,nonhispanic,M,Salem  Massachusetts  US,788 Champlin Highlands,Somerset,Massachusetts,Bristol County,,41.69741153066366,-71.19243664465252,1236780.98,4774.639999999999
39a49b36-e503-431b-9727-262f596b0ce1,1926-06-16,,999-55-1135,S99931946,X3605519X,Mr.,Markus389,Parker433,,,M,white,nonhispanic,M,Berlin  Berlin  DE,381 Hirthe Plaza,Stoughton,Massachusetts,Norfolk County,,42.15469723082197,-71.06146130263325,1500518.66,9778.42
46e982fe-0d24-4d80-9f0f-328118d00c2c,2011-06-02,,999-94-4506,,,,Tarra676,Baumbach677,,,,white,nonhispanic,F,Lawrence  Massachusetts  US,816 Murphy Hollow Unit 69,Boston,Massachusetts,Suffolk County,2132.0,42.29901796097421,-71.02720113319354,238565.31,2195.72
decd3a5f-53c8-4270-b947-c2a2e4681341,2016-07-24,,999-83-4795,,,,Edelmira985,Becker968,,,,white,nonhispanic,F,Duxbury  Massachusetts  US,1093 Zboncak Crossing Suite 67,Newton,Massachusetts,Middlesex County,2464.0,42.35622322795177,-71.18713055281846,98887.96,1757.4
4051241c-28b8-4409-a903-da0f4593682f,1971-06-06,,999-71-5643,S99989143,X60757569X,Mr.,Tracy345,Skiles927,,,M,white,nonhispanic,M,Marblehead  Massachusetts  US,884 Auer Annex,Uxbridge,Massachusetts,Worcester County,,42.103994417192446,-71.6033780909796,1307003.54,4997.12
45b9542a-d25d-4055-a0ff-44b956fb6a9e,1984-05-06,,999-91-8372,S99951089,X19722060X,Mrs.,Andria131,Collier206,,Parisian75,M,white,nonhispanic,F,Taunton  Massachusetts  US,692 Miller Neck Suite 16,Hampden,Massachusetts,Hampden County,,42.02192226585108,-72.38052265680899,840708.26,7567.519999999999
98a1182b-3df4-49fd-844c-6bea9e2daa78,1966-05-19,,999-40-5005,S99986963,X54052061X,Ms.,Peggy868,Doyle959,,,S,native,nonhispanic,F,Otis  Massachusetts  US,272 Kuphal Manor,Topsfield,Massachusetts,Essex County,,42.651501382136274,-70.97559330745143,1103373.33,10081.96
9530864b-04d0-4cf2-80b6-3202625bfe56,2002-05-30,,999-69-3675,S99978214,,,Lionel365,Hettinger594,,,,white,nonhispanic,M,Boston  Massachusetts  US,254 Hyatt Route Apt 66,Ware,Massachusetts,Hampshire County,1082.0,42.327074488125774,-72.2544904445147,454822.53,2983.96
0a0ddd6b-e94e-4dca-bad8-e3ff78532090,1989-11-25,,999-16-7666,S99973011,X65269067X,Mrs.,Freeda113,Jones311,,Farrell962,M,white,nonhispanic,F,Lynn  Massachusetts  US,848 Blick Loaf Suite 38,Tewksbury,Massachusetts,Middlesex County,,42.60624328737273,-71.2331692820117,97848.47,2173.1199999999994
ae195cd2-0e08-4fb0-ba24-ca67c232d663,2003-04-03,,999-54-4047,S99923411,,,Jim478,Donnelly343,,,,white,nonhispanic,M,Mansfield  Massachusetts  US,451 Spinka Glen,Somerset,Massachusetts,Bristol County,,41.73790029962737,-71.18304755611015,393140.47,3131.44
aaafeb9b-3f59-4764-bed5-f8a6c49169a3,1944-03-10,2007-09-26,999-94-9843,S99917814,X8124107X,Ms.,Merlene950,Abernathy524,,,S,white,nonhispanic,F,Newton  Massachusetts  US,338 Senger Camp Unit 12,Norwell,Massachusetts,Plymouth County,,42.162788920838544,-70.83542737315143,46334.51,5186.999999999998
38577d44-8620-40e6-9e91-4f890cab56db,2013-11-23,,999-55-9711,,,,Kaycee352,Tromp100,,,,white,nonhispanic,F,Templeton  Massachusetts  US,827 Bayer Frontage road Unit 29,Chelsea,Massachusetts,Suffolk County,2151.0,42.36633371733927,-71.03367901899355,166482.25,2421.52
8a6b8453-a6a0-4ca6-94f0-c2e7d5526def,1960-08-11,,999-86-2045,S99937940,X68900109X,Mrs.,Man114,Huel628,,Murphy561,M,white,nonhispanic,F,Nantucket  Massachusetts  US,1016 Swaniawski Flat,Somerset,Massachusetts,Bristol County,,41.74309707469729,-71.15801950656612,1330102.12,12164.409999999998
898ae413-624e-41d4-bdd3-78c4bdad3387,1915-11-23,2020-03-26,999-96-9114,S99976877,X70149275X,Mrs.,Willa615,Beier427,,Prosacco716,M,white,nonhispanic,F,Somerville  Massachusetts  US,101 Larkin Orchard,Fall River,Massachusetts,Bristol County,2724.0,41.62071641202203,-71.05601842248055,1433844.33,75146.84
2618b7d1-a9c2-4cce-b3b0-4e479a60b256,1955-11-29,,999-46-1320,S99961200,X88161952X,Mr.,Rhett759,Turner526,,,M,white,nonhispanic,M,Sheffield  Massachusetts  US,931 Pouros Path,Brockton,Massachusetts,Plymouth County,,42.14523895755068,-70.98855089947253,1323982.33,5347.759999999999
7eb99231-636d-4fcf-afeb-c6ab91105328,2017-06-16,,999-71-3233,,,,Sharlene906,Kuvalis369,,,,black,nonhispanic,F,Middleton  Massachusetts  US,295 Klocko Harbor,Rockland,Massachusetts,Plymouth County,,42.14997144720833,-70.87500152413782,65153.54,1637.4
cb9dc7ac-edf9-4484-841b-40d7c97c80fe,1953-06-23,,999-94-8285,S99970365,X19319661X,Mr.,Granville802,Collier206,,,M,white,nonhispanic,M,Maynard  Massachusetts  US,449 Runolfsson Bay Apt 97,Barnstable,Massachusetts,Barnstable County,2601.0,41.62316820595272,-70.39853126589541,1346459.69,6625.56
1e1a56ab-8fd5-4e35-bf5a-a0ca76e44e80,1986-05-10,,999-47-6957,S99986610,X13822539X,Mr.,Rashad361,Wuckert783,,,M,black,nonhispanic,M,Dracut  Massachusetts  US,656 Feeney Rue,Brookline,Massachusetts,Norfolk County,2467.0,42.3352122199485,-71.10082325576738,907538.63,3884.72
5f2ce0d9-afa4-4d52-a181-eb69dbc75038,1967-06-23,,999-36-6445,S99974283,X8401529X,Mr.,Mervin111,Halvorson124,,,M,white,nonhispanic,M,Chelsea  Massachusetts  US,1029 Gusikowski Forge,Great Barrington,Massachusetts,Berkshire County,1230.0,42.25889561341843,-73.33890012925616,1225008.77,6008.599999999999
6bc405ec-7c18-46e9-af43-a5025f383b59,1971-12-26,,999-60-8977,S99938519,X22719306X,Ms.,Tommie457,Beahan375,,,S,white,nonhispanic,F,Tyngsborough  Massachusetts  US,800 Johnson Vista,Burlington,Massachusetts,Middlesex County,1803.0,42.53777535491983,-71.2387235544885,1019527.35,10996.649999999998
b95990e5-fcf9-4f72-90ec-606e27fb6844,1963-11-07,1984-04-25,999-65-2582,S99972416,X86470823X,Ms.,Liane379,Hauck852,,,,white,nonhispanic,F,Clinton  Massachusetts  US,882 Green Bridge Unit 56,Braintree,Massachusetts,Norfolk County,2184.0,42.24469235776533,-71.00526703198035,64559.52,3649.52
ec4d0b52-cf27-46be-9d73-32641d8cec6b,1980-03-14,,999-72-9279,S99925862,X10376426X,Mrs.,Sherrill767,Simonis280,,Koelpin146,M,black,nonhispanic,F,Gloucester  Massachusetts  US,710 Heaney Corner,Boston,Massachusetts,Suffolk County,2128.0,42.35809378844648,-71.05609604914845,825854.07,12354.379999999996
033057b5-924e-45a7-b829-135a2c68403f,1952-09-13,,999-88-9573,S99926623,X40640639X,Mrs.,Sean831,Hyatt152,,Moen819,M,white,nonhispanic,F,Lynn  Massachusetts  US,1025 Shields Tunnel Unit 95,Somerville,Massachusetts,Middlesex County,2145.0,42.3747149361837,-71.16898468572809,55049.98,2258.84
76c9b4f9-16bf-47d9-b2fa-c0ec6e4972c8,1989-01-17,,999-72-6092,S99911672,X67620089X,Mrs.,Rozella39,Lynch190,,O'Kon634,M,white,nonhispanic,F,Boston  Massachusetts  US,216 Ankunding Skyway Suite 32,Lexington,Massachusetts,Middlesex County,,42.415525920047074,-71.22793083475882,104118.2,13069.95
44f344b0-3935-4acb-8049-219fc22aa994,1940-12-23,,999-55-7455,S99941328,X37734286X,Mr.,Gordon377,Hettinger594,,,M,white,nonhispanic,M,Fitchburg  Massachusetts  US,569 Schamberger Glen,Haverhill,Massachusetts,Essex County,1832.0,42.753830134090194,-71.10327733148281,1790829.76,20336.2
5398dc77-d675-40b9-abb8-4c912764fa71,1944-11-19,1947-08-19,999-71-3822,,,,Cordell41,Grady603,,,,white,nonhispanic,M,Beverly  Massachusetts  US,1000 Christiansen Rue,Methuen,Massachusetts,Essex County,1844.0,42.74518580382215,-71.1259588793854,75866.64,741.5999999999999
74381d31-26d4-4dae-958b-c145450071ac,1983-10-18,,999-95-5078,S99928466,X44575221X,Mr.,Johnnie679,Smitham825,,,S,white,nonhispanic,M,Leominster  Massachusetts  US,204 Davis Fort,Norton,Massachusetts,Bristol County,,41.93900072925437,-71.2154102021034,974556.89,2667.28
850f4069-eb42-459c-91a0-bbfe997b4b21,1965-10-25,,999-52-2300,S99926746,X3842228X,Mrs.,Dagny669,Schaden604,,Ruecker817,M,asian,nonhispanic,F,Ashburnham  Massachusetts  US,369 Lynch Haven Apt 2,Brookline,Massachusetts,Norfolk County,2445.0,42.317316195701785,-71.16718622460971,1258616.44,13153.75
36d22dc7-4efd-4de4-bdda-6424b9faf02c,1999-10-04,,999-49-5241,S99933973,X73279604X,Ms.,Izetta651,Volkman526,,,,asian,nonhispanic,F,Hadley  Massachusetts  US,649 Stamm Quay Apt 52,Billerica,Massachusetts,Middlesex County,,42.57489998592049,-71.30857980413249,500139.32,4745.44
37492cb6-062d-406e-ac0a-a4d84f8c2277,1989-10-30,,999-94-6763,S99911104,X33720713X,Mrs.,Indira327,Howe413,,Steuber698,M,white,nonhispanic,F,Northborough  Massachusetts  US,996 Hahn Branch Suite 40,Methuen,Massachusetts,Essex County,1841.0,42.7441998963989,-71.1446188816861,800427.68,4967.44
fe46ef52-75cd-43a4-8a7d-2880b4449504,1954-02-09,2020-03-17,999-85-9292,S99993740,X25166238X,Mr.,Herb645,Nikolaus26,,,M,white,nonhispanic,M,Newton  Massachusetts  US,574 Schimmel Orchard,Granville,Massachusetts,Hampden County,,42.07460368613332,-72.89909683385218,1652421.77,11985.6
028cb66c-decb-4b76-bef7-7399d8e64abf,1973-04-30,,999-95-2810,S99913776,X20288008X,Mr.,Salvador46,Ojeda263,,,M,white,hispanic,M,Lima  Lima Province  PE,954 Hirthe Parade Suite 27,Grafton,Massachusetts,Worcester County,,42.21138301065168,-71.67205132237756,967653.06,3429.6
2a9f7a2b-28db-4c6e-84ac-09189ecf8c6b,1983-01-09,,999-78-8468,S99939117,X31520265X,Mr.,Renaldo199,Walsh511,,,M,white,nonhispanic,M,Sandwich  Massachusetts  US,934 Weissnat Fork Unit 91,Lowell,Massachusetts,Middlesex County,1852.0,42.65668890859734,-71.27392353551883,14601.49,0.0
29d8b209-952c-4bbd-b56c-fac57ad30628,1915-11-23,2005-01-04,999-12-4255,S99993691,X39153318X,Ms.,Kimberlee228,Wolf938,,,S,white,nonhispanic,F,Holbrook  Massachusetts  US,892 Jerde Road,Fall River,Massachusetts,Bristol County,2723.0,41.73036325203211,-71.18733395501252,1383444.03,67345.04
b1e98a2a-ead9-4a6e-80f0-72c1d9b926f8,1950-12-26,,999-94-2219,S99960118,X82512089X,Mrs.,Regenia619,Herman763,,Torphy630,M,white,nonhispanic,F,Belmont  Massachusetts  US,254 Reichert Skyway,Ludlow,Massachusetts,Hampden County,,42.16435303927484,-72.43102944975466,1433120.03,18892.89
8fbe1bc6-4b30-4021-958d-de4ceafa9022,1916-01-10,1982-01-25,999-27-3868,S99991813,X75410540X,Mr.,César846,Madera340,,,M,white,hispanic,M,Buenos Aires  Ciudad de Buenos Aires  AR,108 Lowe Burg Unit 61,Stow,Massachusetts,Middlesex County,,42.4082290092577,-71.48160197953446,1496839.75,6569.28
eafbaa8c-8538-4f42-bf98-dc6ddf3b9ef9,1968-04-16,2005-10-18,999-13-3430,S99947058,X80474945X,Mrs.,Saran641,Zboncak558,,Blick895,M,white,nonhispanic,F,Hopkinton  Massachusetts  US,592 Mante Lodge,Taunton,Massachusetts,Bristol County,2780.0,41.91951091500898,-71.0601674127948,122188.71,17073.46
5e08814d-3a10-4f92-8d03-ed366ad19b07,1995-03-29,,999-33-5407,S99914682,X84510236X,Mr.,Luke971,Jaskolski867,,,,black,nonhispanic,M,Norwell  Massachusetts  US,763 Shanahan Bypass,Norwell,Massachusetts,Plymouth County,,42.15421754930493,-70.8186780898129,516260.67,2963.04
f7b6cb43-56d8-4c92-a7d3-4593a1383266,1983-12-10,,999-25-5452,S99925146,X82195582X,Mrs.,Hermine424,Kreiger457,,Hirthe744,M,white,nonhispanic,F,Hopkinton  Massachusetts  US,861 Walsh Lane,Grafton,Massachusetts,Worcester County,,42.24568257257484,-71.71041419366031,809797.7,7583.049999999998
479ac3c0-df88-4c45-8552-5fdff6cd3938,1955-03-24,,999-36-3828,S99928778,X71403630X,Mr.,Wayne846,Sauer652,,,S,white,hispanic,M,Acton  Massachusetts  US,106 Price Ville,Lynn,Massachusetts,Essex County,1904.0,42.4529594938524,-70.90288519504347,1661217.32,7617.679999999999
4629ecec-d4a6-4e8a-b005-62a894a74983,2011-02-12,,999-57-1833,,,,Darius626,Becker968,,,,white,nonhispanic,M,Springfield  Massachusetts  US,114 Hartmann Port,Franklin,Massachusetts,Norfolk County,2038.0,42.04934414840326,-71.39244466553357,28527.79,2878.16
5dc0abcf-1c0c-486d-a6d9-47ff453b926c,2009-06-08,,999-43-7503,,,,Bianca274,Hessel84,,,,white,nonhispanic,F,North Brookfield  Massachusetts  US,366 Kris Manor,Brookfield,Massachusetts,Worcester County,,42.16671326511079,-72.1012125289992,296013.15,2454.04
317bbcd4-bf7a-4989-9aae-2ef82410da65,1916-01-10,,999-66-9452,S99910196,X73860960X,Mr.,Ernesto186,Chacón810,,,M,white,hispanic,M,Juarez  Chihuahua  MX,386 Bauch Haven,Stow,Massachusetts,Middlesex County,,42.39010730028665,-71.46913486253487,1692940.68,17438.93
d3902284-0397-4f9c-ac04-59fee85df40b,1985-11-01,,999-19-9076,S99951565,X29871904X,Ms.,Hollie21,Walter473,,,S,white,nonhispanic,F,Somerset  Massachusetts  US,451 Hand Estate Apt 54,Dudley,Massachusetts,Worcester County,,42.04738929201314,-71.8880686913557,964033.19,4013.88
2cf9b0dd-df4b-4b0e-b155-c31251730b08,1999-08-23,,999-38-4740,S99927369,X81364612X,Ms.,Celena734,Goodwin327,,,,white,nonhispanic,F,Quincy  Massachusetts  US,534 Senger Frontage road,Brockton,Massachusetts,Plymouth County,2351.0,42.12113112605211,-71.00567275887853,529782.43,3702.21
9397cbc7-453a-45e6-beee-2047859d82c0,1970-11-10,,999-26-3035,S99923149,X12311720X,Mr.,Horacio317,Marín855,,,M,native,hispanic,M,Santiago  Santiago Province  CL,715 Ebert Grove Suite 27,Fitchburg,Massachusetts,Worcester County,,42.543884230500815,-71.8286379218577,1015606.32,3085.48
cb3a24b2-32c7-4d16-ae87-ec28e84dd5c2,1998-01-02,,999-17-7555,S99928126,X41165076X,Mr.,Vern731,Upton904,,,,white,nonhispanic,M,Falmouth  Massachusetts  US,586 Adams Parade,Boston,Massachusetts,Suffolk County,2113.0,42.33298932809918,-71.164608061511,472026.48,3510.52
ed9ffbf6-55cd-4739-a3d2-6fb4b3350c7e,1974-02-01,,999-42-3261,S99992803,X6191189X,Mrs.,Constance642,Eichmann909,,Bernhard322,M,white,nonhispanic,F,Boston  Massachusetts  US,1041 Nitzsche Trail Suite 27,Scituate,Massachusetts,Plymouth County,,42.19940906018056,-70.7346615161429,1024485.18,19381.31
a2998932-3112-4b31-96b0-e80ed0209523,1951-11-17,2008-11-21,999-55-6156,S99976684,X88731026X,Mr.,Sang383,Lindgren255,,,M,white,nonhispanic,M,Barre  Massachusetts  US,205 Kiehn Grove,Holliston,Massachusetts,Middlesex County,,42.18510195958799,-71.43691343636014,1466249.87,6226.77
4f9e58ac-058c-4512-b382-f37fa46497af,2018-07-08,,999-16-3471,,,,Brady998,Jakubowski832,,,,white,nonhispanic,M,Chelsea  Massachusetts  US,936 Bartell Trailer,Cambridge,Massachusetts,Middlesex County,2141.0,42.42845184795856,-71.17274829053316,48693.3,1309.9199999999998
0287fbc1-28c0-4317-83d9-f2942f2279f0,1951-11-17,,999-44-4567,S99941594,X25011569X,Mr.,Arlen68,Rowe323,,,M,white,nonhispanic,M,Chicopee  Massachusetts  US,480 Hettinger Quay Unit 19,Holliston,Massachusetts,Middlesex County,,42.17324659491047,-71.44270927915227,1405079.4300000002,9531.19
3a6fa8b7-20a5-4004-badd-9783e60c50d4,1966-07-10,,999-22-1542,S99987825,X35112532X,Mrs.,Laraine204,Hauck852,,Murazik203,M,white,nonhispanic,F,Springfield  Massachusetts  US,745 Gusikowski Run,East Longmeadow,Massachusetts,Hampden County,,42.015449173069925,-72.54755718436925,1197557.72,9256.94
b8d933e9-739a-4d73-b8a8-14cfb3c9627f,1978-11-03,,999-41-3565,S99948799,X80762089X,Mrs.,Antonia30,Córdova800,,Arreola736,M,white,hispanic,F,Lima  Lima Province  PE,687 Cruickshank Extension,Newbury,Massachusetts,Essex County,,42.798979428991615,-70.89777740662919,909376.05,14610.539999999995
c6c433fb-e7b5-4b35-b9f5-d1d673354e39,2009-01-04,,999-95-4636,,,,Aleshia311,Kiehn525,,,,white,nonhispanic,F,Leominster  Massachusetts  US,232 Wiegand Mall Unit 19,Swansea,Massachusetts,Bristol County,,41.72964918883722,-71.17358463525817,302258.68,2583.2
111294f8-0f8e-4802-8814-2984c285053c,1952-03-29,,999-93-3152,S99962758,X18625547X,Mrs.,Bettie175,Volkman526,,Wiza601,M,white,nonhispanic,F,Acushnet  Massachusetts  US,362 Huels Byway Apt 40,Dartmouth,Massachusetts,Bristol County,,41.52614159362056,-70.96628730236996,1453181.15,20722.7
34313c9f-724f-42c0-9905-6f8081a6fce5,2004-09-12,,999-33-7063,,,,Marcelle381,Strosin214,,,,white,hispanic,F,Mendon  Massachusetts  US,932 Zulauf Hollow Unit 32,Berlin,Massachusetts,Worcester County,,42.41569496141126,-71.6384521297337,417303.1,2714.84
064a5c7e-3b97-4dfd-ab62-992ca20e2723,1967-10-31,,999-13-2395,S99922309,X37849634X,Mr.,Jerome176,Bernhard322,,,M,white,nonhispanic,M,Quincy  Massachusetts  US,636 Schamberger Trafficway,Stoughton,Massachusetts,Norfolk County,,42.13877590651841,-71.10881369942723,1278154.25,6556.08
fc8952bd-3ed5-4297-af9c-a21d021cb870,1974-10-29,,999-97-4962,S99978358,X65807631X,Mr.,Weldon459,Barrows492,,,M,asian,nonhispanic,M,Worcester  Massachusetts  US,195 Windler Trace Unit 79,Bellingham,Massachusetts,Norfolk County,,42.06294148627313,-71.51680276903352,988562.9,3788.37
c3325f5a-8ceb-459d-96d0-338a12aa08bd,1979-07-15,,999-41-6158,S99968165,X39170771X,Mrs.,Ashely524,Balistreri607,,Mohr916,M,asian,nonhispanic,F,Macau  Macao Special Administrative Region of the People's Republic of China  CN,767 Wolff Well,Belmont,Massachusetts,Middlesex County,,42.3579076231841,-71.14529987133287,818829.15,11972.889999999998
dbc5e30b-87f3-4cda-b15a-4bbe7446b82c,2015-09-24,,999-54-1661,,,,Richard937,Muller251,,,,white,hispanic,M,Warwick  Massachusetts  US,830 Nienow Mission Unit 7,Taunton,Massachusetts,Bristol County,2718.0,41.87246105174851,-71.06136943717608,102067.07,2846.5199999999995
cd6b6dfe-a402-40d2-a394-2779e55dc055,1914-12-25,2000-11-24,999-37-7150,S99975984,X2416237X,Mr.,Jacobo456,Castellanos521,,,M,black,nonhispanic,M,San Juan  Puerto Rico  PR,943 Weber Rue Apt 45,Fall River,Massachusetts,Bristol County,2720.0,41.723013600326986,-71.1356755101149,353891.26,31566.369999999995
bad65956-eefb-472b-af5a-cf4955a42b78,1915-12-20,1981-11-09,999-76-8673,S99953561,X76784064X,Mrs.,Emelda84,Hackett68,,Grimes165,M,white,nonhispanic,F,Beverly  Massachusetts  US,468 Gerhold Highlands,Nantucket,Massachusetts,Nantucket County,2554.0,41.29166386242024,-70.1458714290695,216764.44,26962.77
d7119596-7093-468c-8bdc-e60232451b64,2013-03-10,,999-32-1317,,,,Bobbie849,Pacocha935,,,,white,hispanic,M,Watertown  Massachusetts  US,988 O'Keefe Passage,Cambridge,Massachusetts,Middlesex County,2142.0,42.40110087300516,-71.06677194499692,192989.7,2066.56
a43b0d16-3058-465c-99f3-ede433ba3c88,1914-12-25,1997-03-29,999-74-2496,S99923717,X62353939X,Mr.,Javier97,Urbina137,,,M,black,nonhispanic,M,Ponce  Puerto Rico  PR,135 Casper Rest,Fall River,Massachusetts,Bristol County,2723.0,41.67568319139716,-70.9934885183715,320017.57,35915.259999999995
ed70dded-45f5-4940-ab88-4359acbef057,1965-07-30,,999-44-9575,S99927803,X61575894X,Mrs.,Lilia791,Parisian75,,Heidenreich818,M,white,nonhispanic,F,Marion  Massachusetts  US,222 Torp Divide Unit 9,Lynn,Massachusetts,Essex County,1904.0,42.57267521856106,-71.08115048310329,1183680.26,20605.63
9c6b0b5a-5aa6-40b7-b760-ec6a09e21735,1976-11-06,,999-91-3039,S99923342,X21964469X,Mr.,Rodger755,Boyer713,,,M,white,nonhispanic,M,Boston  Massachusetts  US,711 Reichel Manor,North Andover,Massachusetts,Essex County,,42.70427579941328,-71.12474281561913,893626.5,3054.64
8bd554d8-cb67-4377-81f2-a14426f65985,1979-05-04,,999-28-6159,S99928145,X1933871X,Ms.,Sharolyn456,Erdman779,,,S,white,nonhispanic,F,Fitchburg  Massachusetts  US,432 Bruen Underpass,Franklin,Massachusetts,Norfolk County,,42.09532782614866,-71.43624508967915,838230.61,5764.95
546745aa-4275-41da-8aab-7fe9307797fc,1937-01-02,,999-29-7664,S99914114,X21926916X,Mr.,Orval846,Funk324,,,S,white,nonhispanic,M,Somerville  Massachusetts  US,907 Fisher Fort,Bourne,Massachusetts,Barnstable County,2532.0,41.77057240836321,-70.61040132932419,1396546.1,16259.59
7ff7d857-c90e-4618-8d3a-d2b85fbf8e20,1914-12-25,1976-06-22,999-39-9716,S99983704,X30126609X,Mr.,Ricardo560,Villaseñor332,,,M,black,nonhispanic,M,Tegucigalpa  Francisco Morazán  HN,572 Hahn Center,Fall River,Massachusetts,Bristol County,2790.0,41.66185447956825,-71.12842856279056,194442.07,18127.9
96c737f5-db1d-4420-9050-d1e85dfd1f6a,1982-05-17,,999-75-5424,S99931505,X2663496X,Ms.,Cira533,Ruecker817,,,S,white,nonhispanic,F,Lowell  Massachusetts  US,194 Kunde Dale Unit 18,Acton,Massachusetts,Middlesex County,,42.52915021442091,-71.47704860424396,807027.45,9270.78
b1a9a420-0483-47e4-a844-cca7f643ff98,1990-04-04,,999-56-1523,S99959295,X79528000X,Mr.,Rusty501,Predovic534,,,M,white,nonhispanic,M,Peru  Massachusetts  US,913 Pouros Union,Malden,Massachusetts,Middlesex County,2148.0,42.37790756218411,-71.12742349538892,639267.67,4462.88
de002920-3203-497b-8cf7-2c774b50e358,2010-01-31,,999-28-2394,,,,Audie868,Treutel973,,,,white,nonhispanic,F,Boston  Massachusetts  US,525 Bailey View Unit 17,Melrose,Massachusetts,Middlesex County,,42.50322827431441,-71.09114807875473,248530.99,2967.32
a1a826a1-836a-40e3-9420-b3c6bfe95b8e,2000-08-12,,999-33-1999,S99935117,,Mr.,Keenan632,Turcotte120,,,,asian,nonhispanic,M,Falmouth  Massachusetts  US,385 Lueilwitz Parade Suite 67,Malden,Massachusetts,Middlesex County,,42.41174695511813,-71.12870031662189,455144.3,3583.04
15e114b8-d78d-42a0-83b9-03cebfc20c09,1994-03-09,,999-68-2820,S99966284,X2156568X,Mr.,Fritz267,Wilderman619,,,,white,nonhispanic,M,Peabody  Massachusetts  US,481 Hackett Road Suite 0,Dracut,Massachusetts,Middlesex County,,42.70822359164299,-71.33274083117897,569369.42,2970.56
8a773f51-2ed4-4284-bbed-d2e55bd53a7d,1925-09-14,2009-04-05,999-91-8375,S99967603,X50018244X,Mrs.,Dawn804,Gutmann970,,Conn188,M,white,nonhispanic,F,Webster  Massachusetts  US,284 Beier Center,Manchester-by-the-Sea,Massachusetts,Essex County,,42.55158608485298,-70.77989571778137,1496751.46,20166.07
7cc51f8c-89d8-49e0-aac7-767130388db4,1979-02-27,,999-83-7952,S99988751,X69377215X,Mrs.,Tanesha560,Waters156,,Zemlak964,M,white,nonhispanic,F,West Springfield  Massachusetts  US,851 Anderson Mill,Brockton,Massachusetts,Plymouth County,2351.0,42.101118435287965,-71.01605210117512,902529.56,14136.45
faad50ba-f37b-49f4-947f-41e6a7cd6b4e,1991-03-07,,999-77-7007,S99982815,X19461018X,Mrs.,Jay242,Bogan287,,Schmitt836,M,white,nonhispanic,F,Seekonk  Massachusetts  US,548 Johnson Fort Suite 52,Worcester,Massachusetts,Worcester County,1583.0,42.25700672427418,-71.80860432990042,623637.16,9298.2
e586d6a9-2450-4931-9b36-91f5306acd31,1935-10-27,2020-03-11,999-15-3259,S99954549,X15978885X,Mr.,Refugio197,Hudson301,,,M,white,nonhispanic,M,Braintree  Massachusetts  US,230 Medhurst Annex Unit 14,Northbridge,Massachusetts,Worcester County,,42.127661631337965,-71.64589526246255,90198.96,10332.64
ea303e15-a591-48a8-97d7-7ea4762b6879,1969-01-31,,999-15-3153,S99987325,X20486523X,Mr.,Ivan258,Heller342,,,M,white,nonhispanic,M,Boston  Massachusetts  US,866 Schumm Way,Dartmouth,Massachusetts,Bristol County,,41.52319779706713,-70.9763967713661,1380269.69,5145.44
4fd4fe8e-3a7c-4d73-b7fc-edb751642ddd,1965-11-20,,999-49-5407,S99969015,X69091783X,Mrs.,Diana207,Llamas954,,Irizarry542,M,white,hispanic,F,Salisbury  Saint Joseph Parish  DM,1093 Blick Passage,Barre,Massachusetts,Worcester County,1005.0,42.38908748960638,-72.09573811579517,1130222.09,15991.589999999998
523145f9-7be8-4ebd-8812-37d133e7e89e,1956-04-25,,999-73-6626,S99946794,X26858556X,Mrs.,Nicholle822,Gottlieb798,,Weimann465,M,white,nonhispanic,F,Framingham  Massachusetts  US,981 Rodriguez Trafficway Apt 45,Gardner,Massachusetts,Worcester County,1440.0,42.61301793182389,-72.00665354998948,203555.98,16000.53
ebc57bf8-27e0-4116-b535-200e23eaff28,2003-04-30,,999-29-3010,S99984088,,,Lilian665,Watsica258,,,,white,nonhispanic,F,Boston  Massachusetts  US,185 Flatley Station Suite 38,Lynn,Massachusetts,Essex County,1902.0,42.56928729922546,-71.06418208434756,452693.14,2679.0
59427e19-e132-4784-b4b3-d2a87894edb6,2002-08-04,,999-18-5079,S99934517,,,Lloyd546,O'Connell601,,,,white,nonhispanic,M,Boston  Massachusetts  US,499 Tromp Route,Charlton,Massachusetts,Worcester County,,42.17567443981254,-71.94371481859727,436507.91,3990.52
81d2aa4b-d945-4d45-80fe-b690fac1353d,2018-06-09,,999-12-9716,,,,Milo271,Toy286,,,,white,nonhispanic,M,Williamstown  Massachusetts  US,744 Collier Ville,Barre,Massachusetts,Worcester County,1005.0,42.418531757831246,-72.16170130539196,41040.0,1309.9199999999998
9c71b5b4-a1de-4dd3-a9cf-04a4ff53f2aa,1990-09-12,,999-17-9799,S99972372,X38326189X,Mrs.,Dimple273,Altenwerth646,,Moen819,M,black,nonhispanic,F,Wakefield  Massachusetts  US,587 Hamill Drive Suite 56,Walpole,Massachusetts,Norfolk County,,42.15365817053037,-71.21194632914847,699668.31,13060.48
338fd95d-ec1e-4e65-8a1d-7740b23f65ca,1978-06-20,2012-10-16,999-95-6501,S99944308,X50854425X,Mrs.,Sonia106,Deleón21,,Villareal516,M,white,hispanic,F,Caguas  Puerto Rico  PR,927 Senger Village Apt 34,Marblehead,Massachusetts,Essex County,,42.4832800504655,-70.84470545024323,792058.35,6044.399999999999
4afcc1bb-74b9-4b2c-887f-b2c6d5c7b9af,1987-11-14,,999-37-4027,S99935774,X40877773X,Mr.,Danilo179,Kutch271,,,S,white,nonhispanic,M,Quincy  Massachusetts  US,419 Maggio Terrace Unit 80,Medford,Massachusetts,Middlesex County,2155.0,42.441410955262825,-71.13249568355093,823705.33,3403.04
626b6d40-a7f4-4ec4-b965-e1e49b482faa,1920-06-20,2012-06-23,999-67-7812,S99934128,X24279373X,Mrs.,Alicia629,Rincón417,,Arevalo970,M,white,hispanic,F,Puebla  Puebla  MX,775 Skiles Fort Unit 81,Springfield,Massachusetts,Hampden County,1129.0,42.1340843941091,-72.56994199875507,428234.93,159701.99
f30c15a6-1578-41db-981d-d96504f2c472,2006-02-07,,999-75-1671,,,,Shelton25,Skiles927,,,,white,nonhispanic,M,Saugus  Massachusetts  US,232 Kulas Quay,Lawrence,Massachusetts,Essex County,1843.0,42.75430266450592,-71.13385325146993,345536.18,3483.96
5917ed72-9ec8-40bf-a991-d1d1658d40a9,1997-07-31,,999-38-1796,S99967161,X76172264X,Mr.,Morton637,Lockman863,,,,white,nonhispanic,M,Attleboro  Massachusetts  US,289 Friesen Vista,Provincetown,Massachusetts,Barnstable County,,42.10113607841854,-70.21057995475738,497549.25,6141.83
a7bc9aac-f90f-4def-8cd9-8a4c70cfd1f6,1942-03-04,1999-02-10,999-11-3316,S99996388,X27139677X,Mr.,Sergio619,Pfeffer420,,,M,white,nonhispanic,M,Newburyport  Massachusetts  US,859 Quitzon Village,Weston,Massachusetts,Middlesex County,,42.35758766265514,-71.28035679173847,1173671.86,5014.32
bc6ef7b5-f1b4-4dff-ab02-0ff13a90e0c6,1973-12-13,,999-70-4957,S99953203,X27332739X,Mrs.,María Soledad68,Rivero165,,Hidalgo930,M,white,hispanic,F,Mexico City  Mexico City  MX,392 Brekke Meadow,Marblehead,Massachusetts,Essex County,1945.0,42.53204423805768,-70.87296681942402,1055685.26,5278.639999999999
5f9f974e-0d60-4de0-ae5a-e74940a2a223,1925-09-14,2016-07-21,999-64-2979,S99915702,X77728805X,Mrs.,Elsy53,Deckow585,,Grimes165,M,white,nonhispanic,F,Haverhill  Massachusetts  US,779 Denesik Trail,Manchester-by-the-Sea,Massachusetts,Essex County,,42.59717529092082,-70.72564547352479,1499786.89,38894.77999999999
3c228a11-0078-446a-8cf1-9c4603389354,1960-11-15,,999-76-4077,S99925186,X34728500X,Mrs.,Keesha623,Herzog843,,Ankunding277,M,white,nonhispanic,F,Pembroke  Massachusetts  US,487 Stracke Esplanade Suite 6,Essex,Massachusetts,Essex County,1929.0,42.600248752375926,-70.77133407967305,1184389.51,9360.95
b4d294fe-c524-4cb7-8332-3dcb871f9c10,1964-08-26,,999-98-2861,S99994361,X74630280X,Mr.,Lynwood354,Schiller186,,,M,white,nonhispanic,M,Berkley  Massachusetts  US,199 Graham Camp,Bridgewater,Massachusetts,Plymouth County,,41.97682860648352,-71.0049534846193,1213332.54,14358.04
e307f3fd-969b-43c1-a830-2a72053e95a7,1997-08-25,,999-18-6075,S99958861,X76879751X,Ms.,Ramona980,Watsica258,,,,white,nonhispanic,F,Falmouth  Massachusetts  US,825 Haag Terrace Unit 94,Barnstable,Massachusetts,Barnstable County,2655.0,41.69948437698091,-70.24694045930859,475957.28,5081.209999999999
2b3f4c4f-024e-4ed1-a2c4-8f42f1d46878,1925-09-14,1983-12-26,999-97-3718,S99925792,X56336947X,Mrs.,Isela504,Lueilwitz711,,Christiansen251,M,white,nonhispanic,F,Everett  Massachusetts  US,492 Conroy Throughway,Manchester-by-the-Sea,Massachusetts,Essex County,,42.58826554067279,-70.77010205182442,1243301.12,14075.959999999995
3f995765-2b57-4cbf-9cc6-14bdee1af01d,1998-11-20,,999-73-8466,S99910972,X73045188X,Ms.,Oneida64,Sporer811,,,,white,nonhispanic,F,Haverhill  Massachusetts  US,123 Harris Approach,Framingham,Massachusetts,Middlesex County,,42.29691375903592,-71.39356414188784,522811.04,4093.84
f8bb05c0-aad9-402b-8122-bb2b3e4225d3,1937-09-07,,999-99-1986,S99955024,X71431179X,Mrs.,Odelia236,Morar593,,Harris789,M,white,hispanic,F,Newton  Massachusetts  US,470 Monahan Mission Apt 91,Ludlow,Massachusetts,Hampden County,,42.18131152400164,-72.44179996518658,1567436.68,11813.079999999998
5d958c78-1720-42be-8d22-408e36a2d4d1,1964-08-16,,999-33-3584,S99991314,X29016243X,Mr.,Eric487,Blick895,,,M,white,nonhispanic,M,Acushnet  Massachusetts  US,703 Simonis Wynd,Sterling,Massachusetts,Worcester County,,42.414732295138826,-71.7541204146841,1217865.87,9743.379999999996
e13a918f-167e-44dc-9616-c15f7208cf40,1935-12-18,1986-12-24,999-82-9009,S99975185,X69801188X,Mr.,Jasper743,Bogisich202,,,M,white,nonhispanic,M,Framingham  Massachusetts  US,770 Wisoky Throughway,Douglas,Massachusetts,Worcester County,,42.10220874045762,-71.72472853083741,1230427.64,3849.6
772cc973-1f27-4f8a-a343-f5987df1d93e,1976-07-01,,999-87-8047,S99923584,X61854080X,Mrs.,Alta896,Nolan344,,Lehner980,M,white,nonhispanic,F,Boston  Massachusetts  US,426 Spencer Spur,Abington,Massachusetts,Plymouth County,2351.0,42.08158852604153,-70.93643152914271,819512.08,14620.29
a61b3b7f-deb6-46b9-971b-126c93b6d101,1979-10-20,,999-65-8593,S99998939,X68555842X,Ms.,Florrie453,Okuneva707,,,S,white,nonhispanic,F,Milford  Massachusetts  US,789 Veum Way Apt 99,Maynard,Massachusetts,Middlesex County,1754.0,42.462203138035086,-71.4870535526767,128280.95,12167.62
f854d23e-844c-4d70-820d-a9148ce08f17,1990-09-13,,999-68-2971,S99986602,X69353358X,Mrs.,Elnora999,O'Keefe54,,Lehner980,M,white,nonhispanic,F,Bourne  Massachusetts  US,338 O'Conner Common Suite 5,Milford,Massachusetts,Worcester County,,42.185491920849685,-71.4799776388661,547992.56,9335.319999999998
7df040a5-461f-4b41-9138-e26dca2b4ee4,2005-03-11,,999-97-8368,,,,Ngan798,Bosco882,,,,white,nonhispanic,F,Cambridge  Massachusetts  US,433 Goldner Frontage road Suite 16,Plymouth,Massachusetts,Plymouth County,,41.919194626512464,-70.5817261241884,385322.21,3145.64
e51c1cc4-da42-4934-9585-139bcb0f4b78,2012-01-28,,999-77-8505,,,,Coleen678,Spencer878,,,,white,nonhispanic,F,Malden  Massachusetts  US,295 Schumm Quay,Cheshire,Massachusetts,Berkshire County,1225.0,42.547352568365824,-73.11804731874219,170974.11,2638.16
f12d33a0-425e-4275-bbab-9457464ae742,1911-07-10,2009-01-23,999-96-7313,S99912268,X81809466X,Mr.,Parker433,Schmeler639,,,M,white,nonhispanic,M,Dartmouth  Massachusetts  US,1076 Hudson Club,Amherst,Massachusetts,Hampshire County,,42.3393080854863,-72.4668953907227,1825581.49,10244.33
231b06de-e240-4693-be63-73c3c2c4759e,1935-12-18,,999-83-5580,S99953800,X23031875X,Mr.,Mario764,Mueller846,,,S,white,nonhispanic,M,Worcester  Massachusetts  US,294 Waters Lodge,Douglas,Massachusetts,Worcester County,,42.07391859947906,-71.73083310942049,1634105.91,14822.2
298ec8ac-7041-41a2-9da0-11a959a7cb4c,1925-09-14,2019-11-19,999-73-2886,S99990900,X28991124X,Ms.,Myrtice99,Roberts511,,,S,white,nonhispanic,F,Watertown  Massachusetts  US,1085 Gusikowski Path,Manchester-by-the-Sea,Massachusetts,Essex County,,42.60330695726301,-70.71833898418978,1482471.97,22614.6
5a930c24-4e26-423c-8155-4ded79b0ac64,1936-01-16,,999-32-5291,S99913626,X53462720X,Mrs.,Clotilde434,Tromp100,,Hahn503,M,white,nonhispanic,F,Blackstone  Massachusetts  US,359 Toy Boulevard Unit 44,Bourne,Massachusetts,Barnstable County,,41.6782997525392,-70.60124591661065,1596655.77,23842.48
e4b2b3c5-970d-4b97-bf23-4ef169fe1dcd,1988-11-12,,999-88-8982,S99924989,X4880871X,Mr.,Lauren941,Crooks415,,,M,white,nonhispanic,M,Randolph  Massachusetts  US,1078 Gislason Junction,Boston,Massachusetts,Suffolk County,2115.0,42.38985305353791,-71.16535758032461,761181.79,3534.68
b0dc2b73-3063-4b34-838d-ad63e6639a9e,1967-12-11,,999-92-6590,S99977004,X17109428X,Mrs.,Numbers230,Gutmann970,,Conroy74,M,white,nonhispanic,F,Harvard  Massachusetts  US,1075 Schroeder Mall,Springfield,Massachusetts,Hampden County,1108.0,42.18708714076708,-72.61449938726336,81597.36,2940.48
0e55ddcc-ada3-46bc-870b-b43e2e73443c,1972-11-12,2020-03-17,999-32-6068,S99993981,X79632635X,Mr.,Johnie961,Nienow652,,,M,white,nonhispanic,M,Attleboro  Massachusetts  US,994 Corkery Lock Unit 39,Canton,Massachusetts,Norfolk County,,42.19302256113672,-71.16116897689402,973273.52,3724.56
cf309763-00fe-4a33-a854-9563316f8a3c,1977-09-21,,999-14-2337,S99941687,X69100155X,Mrs.,Elsa29,Krajcik437,,Nitzsche158,M,white,nonhispanic,F,Newburyport  Massachusetts  US,812 Kuphal Arcade,Grafton,Massachusetts,Worcester County,,42.184492006502325,-71.68513474103403,1075355.55,7362.389999999999
fd5ba90a-1974-40af-81c9-c3ef21801cbc,1978-08-08,,999-77-5144,S99965710,X81372157X,Mr.,Richard937,Mante251,,,M,white,nonhispanic,M,Framingham  Massachusetts  US,219 Sporer Mill,Leicester,Massachusetts,Worcester County,,42.28123278539022,-71.93176498691913,867340.2200000001,4905.32
c6542563-e714-4f65-b9e8-03ebf5357061,1946-08-20,2016-09-08,999-54-8992,S99948410,X24193751X,Mrs.,Birgit199,Johnson679,,Stark857,M,white,nonhispanic,F,Billerica  Massachusetts  US,618 Will Esplanade Apt 24,Wrentham,Massachusetts,Norfolk County,,42.0055222351276,-71.34359491419612,89435.26,7421.039999999998
6a9ea7a6-08fb-4fb1-ba8e-ac6b007ed02a,2000-12-24,,999-45-4826,S99927715,,Ms.,Latisha994,Kunze215,,,,white,nonhispanic,F,Lawrence  Massachusetts  US,611 Russel Promenade Suite 69,Boston,Massachusetts,Suffolk County,2109.0,42.35026728947465,-71.09177908980206,22732.88,1697.4
733fd644-d433-4ff9-8d90-b88bea2fc76c,2004-11-16,,999-87-3470,,,,Thomasena108,Ankunding277,,,,white,nonhispanic,F,Oak Bluffs  Massachusetts  US,324 Rowe Ramp,Wilbraham,Massachusetts,Hampden County,,42.07806472475147,-72.39242884817983,340090.52,3556.08
4dabe488-7cd3-459c-a3b2-d1fc73cf4e75,1936-11-15,,999-30-1471,S99957336,X62640441X,Mrs.,Louvenia131,Streich926,,Hoppe518,M,white,nonhispanic,F,Springfield  Massachusetts  US,130 Howe Ramp,Wakefield,Massachusetts,Middlesex County,1880.0,42.49557624905778,-71.02837965743461,1432179.38,14218.239999999998
85d05458-0631-4249-bb01-2a5cbf4fd197,1936-05-09,2011-11-22,999-22-1549,S99935017,X1624091X,Mr.,Bert917,Bradtke547,,,S,white,nonhispanic,M,Brockton  Massachusetts  US,155 Auer View Suite 95,Methuen,Massachusetts,Essex County,,42.73103005313128,-71.22572929766538,1445589.3,8381.369999999999
13d36fe7-adbb-4a40-93dc-5dfa23759de9,1950-01-13,,999-38-6704,S99952650,X64260420X,Mrs.,Cinderella355,Gutmann970,,Berge125,M,asian,nonhispanic,F,Princeton  Massachusetts  US,212 Considine Ville Suite 16,Lowell,Massachusetts,Middlesex County,1852.0,42.65919564302187,-71.26325685048644,1343174.99,14522.25
5b428c85-33f8-4c78-83e6-8ead0f7eb62d,1972-07-16,,999-12-7123,S99964617,X939912X,Mrs.,Claudette391,Spinka232,,Bayer639,M,white,nonhispanic,F,Ipswich  Massachusetts  US,948 Walter Quay Unit 34,Boston,Massachusetts,Suffolk County,2122.0,42.25634018223733,-71.16410020926975,1011097.45,9415.069999999998
9a17c0bf-aef9-4344-8772-6540d3aa3344,2017-01-18,,999-65-2213,,,,Genia944,Schuster709,,,,asian,nonhispanic,F,Seoul  Seoul  KR,1062 Murray Passage,Yarmouth,Massachusetts,Barnstable County,,41.67547615577759,-70.23445525025406,72362.20999999999,1568.2399999999998
1a7a883e-7b1b-47d3-9c64-80e6627aa1b2,1936-05-09,2016-09-24,999-83-7461,S99969415,X36405203X,Mr.,Johnathon489,Rodriguez71,,,M,white,nonhispanic,M,Douglas  Massachusetts  US,845 Jacobs Tunnel Unit 98,Methuen,Massachusetts,Essex County,1844.0,42.77118263904966,-71.21732570923575,1386168.38,12576.43
ee5b606f-38f2-4fca-9b5f-b0dd8ba3f378,1995-07-06,,999-27-3316,S99955311,X8898668X,Ms.,Georgann131,Jerde200,,,,white,hispanic,F,Walpole  Massachusetts  US,1087 Cartwright Drive,Hudson,Massachusetts,Middlesex County,1749.0,42.36520638286864,-71.58963845838632,634767.92,3484.93
5f6c2cf7-7fab-49b8-be1a-de8b97ae2fc4,1967-01-25,,999-81-4041,S99995343,X74535017X,Mrs.,Tameka381,Mayer370,,Hand679,M,white,nonhispanic,F,Springfield  Massachusetts  US,643 Hudson Heights,Lawrence,Massachusetts,Essex County,1841.0,42.64935583694842,-71.11348670484205,171840.28,21054.16
5ffe8ffc-07be-4fe3-a296-1e51b4444315,1956-09-22,,999-23-8997,S99990719,X60507666X,Ms.,John539,Nienow652,,,S,white,nonhispanic,F,Dracut  Massachusetts  US,755 Ritchie Village,Deerfield,Massachusetts,Franklin County,,42.55566799863361,-72.61571928924033,41360.17,2645.57
15798f02-bfaa-4f57-8ec5-245899c903c6,1948-09-19,,999-51-9302,S99962779,X3411935X,Mrs.,Ivory697,Lakin515,,Sporer811,M,white,nonhispanic,F,New Bedford  Massachusetts  US,359 Huel Terrace,Boston,Massachusetts,Suffolk County,2109.0,42.38021688924636,-71.10007071835636,1640845.96,12062.839999999998
c75a8319-25bc-4750-9a40-d68f0381b045,1967-06-30,,999-52-6976,S99926933,X52439562X,Mrs.,Veronique514,Beatty507,,Senger904,M,asian,nonhispanic,F,Warren  Massachusetts  US,652 Effertz Mill,Dracut,Massachusetts,Middlesex County,,42.69468539957,-71.26237390441038,1098276.95,14879.9
0cc45037-82ca-4514-9053-e08d5fbf0428,1944-10-25,,999-97-4858,S99921711,X14543721X,Mr.,Louis204,Legros616,,,M,white,nonhispanic,M,Dartmouth  Massachusetts  US,240 Kshlerin Vale,West Tisbury,Massachusetts,Dukes County,,41.432676678334,-70.6868019445895,1382427.52,10398.38
d2c9dd93-89b7-4367-ae5a-40de88d1d7ff,2003-10-28,,999-52-9525,S99932248,,,Roberto515,Klocko335,,,,white,hispanic,M,Westfield  Massachusetts  US,474 Kuvalis Flat,Boston,Massachusetts,Suffolk County,2210.0,42.38684090598787,-71.08485427894833,416675.44,9509.12
e4f40209-6f4b-419a-9c0b-693ef0f9e38e,1946-08-21,1999-06-13,999-85-4106,S99917139,X66356754X,Mr.,Howard613,Ward668,,,M,white,nonhispanic,M,Bourne  Massachusetts  US,469 Bode Grove,Quincy,Massachusetts,Norfolk County,2186.0,42.254782991073256,-71.10633674312732,1510443.3,5878.599999999999
4bd8e3fb-37db-4bb0-93b8-5f8df17da4fd,2005-12-03,,999-63-4461,,,,Dottie687,Ziemann98,,,,white,nonhispanic,F,Worcester  Massachusetts  US,558 Runolfsdottir Underpass,Cheshire,Massachusetts,Berkshire County,1225.0,42.581383396366725,-73.13768091387385,335298.32,5104.58
4f52e8c9-4431-456a-99bb-69405badd980,2013-09-17,,999-81-2351,,,,Randy380,Larson43,,,,white,nonhispanic,M,Cohasset  Massachusetts  US,491 Bednar Lodge Unit 18,Brockton,Massachusetts,Plymouth County,2301.0,42.1107372116607,-70.97893143841492,156371.33000000002,2410.68
9a1160be-8ac0-40be-80fa-bb02a5319df9,1960-11-30,,999-84-4150,S99954736,X21474246X,Mrs.,Matilde468,Stark857,,Bins636,M,white,nonhispanic,F,Medford  Massachusetts  US,158 Schamberger Crossroad,Westfield,Massachusetts,Hampden County,1085.0,42.15017222943471,-72.74834658665503,1245158.03,6259.259999999999
d1b271c7-b6d4-4e5f-8553-670b0324af73,1988-12-03,,999-41-1626,S99913499,X51531029X,Ms.,Telma919,Gislason620,,,S,white,hispanic,F,West Springfield  Massachusetts  US,408 Grimes Well,Marlborough,Massachusetts,Middlesex County,,42.33621488552652,-71.53207424363127,839825.82,2758.12
0a0ed3b8-75bf-4770-934d-74fac91bc4a8,1947-07-19,2020-03-13,999-85-7436,S99928032,X56070247X,Mr.,Javier97,Medina536,,,S,white,hispanic,M,Guatemala City  Guatemala  GT,884 Bosco Stravenue Apt 92,Salem,Massachusetts,Essex County,,42.53214726887793,-70.91487426636856,1750737.01,8186.19
2904581c-286d-43a8-b26e-c239d0d8af3e,2005-07-27,,999-77-1788,,,,Audrey678,Bartell116,,,,white,nonhispanic,F,Boston  Massachusetts  US,518 Murray Well Unit 79,Melrose,Massachusetts,Middlesex County,2176.0,42.46323894559224,-71.0496628461437,339393.61,3470.6
619ce63f-d1a5-43b1-9238-bb47f6553f55,1940-08-02,,999-17-9625,S99936686,X5772177X,Mrs.,Leticia253,Segovia340,,Casares724,M,white,hispanic,F,Gaudalajara  Jalisco  MX,580 Feeney Avenue Suite 48,Andover,Massachusetts,Essex County,1810.0,42.62399141020981,-71.12280093828323,1457654.07,11514.72
6f8d1314-e889-410c-bc32-af22e158623d,1939-06-26,,999-10-1951,S99931556,X27888970X,Ms.,Maryland870,Roberts511,,,S,white,nonhispanic,F,Boston  Massachusetts  US,882 Mohr Frontage road Suite 31,Shrewsbury,Massachusetts,Worcester County,,42.25664537327756,-71.6802898013099,1535984.75,15782.739999999998
fdeb282e-e876-4fc3-b08f-64560d6c77d6,1936-10-04,,999-87-1685,S99910878,X82371079X,Mrs.,Tai836,Wolf938,,Schoen8,M,white,hispanic,F,Cohasset  Massachusetts  US,721 Kihn Branch,Springfield,Massachusetts,Hampden County,1129.0,42.09234915752243,-72.51919517292065,1462790.96,34859.3
26ec2642-de91-4f64-acc1-c5ea82507dc4,1958-01-02,,999-72-3924,S99964710,X29972867X,Mr.,Juan88,Lang846,,,M,white,nonhispanic,M,Sutton  Massachusetts  US,764 Raynor Hollow,Lancaster,Massachusetts,Worcester County,,42.49151234274828,-71.66064791100827,195761.07,17266.829999999998
91fb1dfe-9615-413c-9862-ad521d28eeec,1985-05-02,,999-97-5393,S99956269,X11912524X,Mr.,Sang383,Brakus656,,,S,white,nonhispanic,M,Wilmington  Massachusetts  US,612 Prohaska Throughway Apt 80,Acushnet,Massachusetts,Bristol County,,41.76421873693837,-70.88428528055832,7149.96,0.0
84d6e373-a337-4525-a5f6-a5b17931af94,1964-10-14,,999-49-7966,S99991863,X40650639X,Mrs.,Scottie437,Lesch175,,Legros616,M,white,nonhispanic,F,Boston  Massachusetts  US,236 Murphy Key,Attleboro,Massachusetts,Bristol County,,41.89785779012292,-71.31751912257256,27520.55,499.3499999999999
6592de1d-1d0a-46c9-8a45-89e9cadbca27,1957-12-09,,999-20-5174,S99995682,X18620404X,Mr.,Arnulfo253,Mayert710,,,M,white,nonhispanic,M,Boston  Massachusetts  US,161 Kshlerin Park,Southwick,Massachusetts,Hampden County,,42.03646890033079,-72.78557234263143,1663716.4,4626.32
